999
dxfrw 0.6.3
  0
SECTION
  2
HEADER
  9
$ACADVER
  1
AC1021
  9
$DWGCODEPAGE
  3
ANSI_1252
  9
$INSBASE
 10
0
 20
0
 30
0
  9
$EXTMIN
 10
18.16987298107781
 20
18.16987298107781
 30
0
  9
$EXTMAX
 10
154.5
 20
152.8301270189222
 30
0
  9
$LIMMIN
 10
0
 20
0
  9
$LIMMAX
 10
420
 20
297
  9
$ORTHOMODE
 70
    0
  9
$REGENMODE
 70
    1
  9
$FILLMODE
 70
    1
  9
$QTEXTMODE
 70
    0
  9
$MIRRTEXT
 70
    1
  9
$LTSCALE
 40
1
  9
$ATTMODE
 70
    1
  9
$TEXTSIZE
 40
2.5
  9
$TRACEWID
 40
1
  9
$TEXTSTYLE
  7
Standard
  9
$CLAYER
  8
0
  9
$CELTYPE
  6
ByLayer
  9
$CECOLOR
 62
  256
  9
$CELTSCALE
 40
1
  9
$DISPSILH
 70
    0
  9
$DIMSCALE
 40
1
  9
$DIMASZ
 40
2.5
  9
$DIMEXO
 40
0.625
  9
$DIMDLI
 40
3.75
  9
$DIMRND
 40
0
  9
$DIMDLE
 40
0
  9
$DIMEXE
 40
1.25
  9
$DIMTP
 40
0
  9
$DIMTM
 40
0
  9
$DIMTXT
 40
2.5
  9
$DIMCEN
 40
2.5
  9
$DIMTSZ
 40
0
  9
$DIMTOL
 70
    0
  9
$DIMLIM
 70
    0
  9
$DIMTIH
 70
    0
  9
$DIMTOH
 70
    0
  9
$DIMSE1
 70
    0
  9
$DIMSE2
 70
    0
  9
$DIMTAD
 70
    1
  9
$DIMZIN
 70
    8
  9
$DIMBLK
  1

  9
$DIMASO
 70
    1
  9
$DIMSHO
 70
    1
  9
$DIMPOST
  1

  9
$DIMAPOST
  1

  9
$DIMALT
 70
    0
  9
$DIMALTD
 70
    3
  9
$DIMALTF
 40
0.03937007874016
  9
$DIMLFAC
 40
1
  9
$DIMTOFL
 70
    1
  9
$DIMTVP
 40
0
  9
$DIMTIX
 70
    0
  9
$DIMSOXD
 70
    0
  9
$DIMSAH
 70
    0
  9
$DIMBLK1
  1

  9
$DIMBLK2
  1

  9
$DIMSTYLE
  2
ISO-25
  9
$DIMCLRD
 70
    0
  9
$DIMCLRE
 70
    0
  9
$DIMCLRT
 70
    0
  9
$DIMTFAC
 40
1
  9
$DIMGAP
 40
0.625
  9
$DIMJUST
 70
    0
  9
$DIMSD1
 70
    0
  9
$DIMSD2
 70
    0
  9
$DIMTOLJ
 70
    0
  9
$DIMTZIN
 70
    8
  9
$DIMALTZ
 70
    0
  9
$DIMALTTZ
 70
    0
  9
$DIMUPT
 70
    0
  9
$DIMDEC
 70
    2
  9
$DIMTDEC
 70
    2
  9
$DIMALTU
 70
    2
  9
$DIMALTTD
 70
    3
  9
$DIMTXSTY
  7
Standard
  9
$DIMAUNIT
 70
    0
  9
$DIMADEC
 70
    0
  9
$DIMALTRND
 40
0
  9
$DIMAZIN
 70
    0
  9
$DIMDSEP
 70
   44
  9
$DIMATFIT
 70
    3
  9
$DIMFRAC
 70
    0
  9
$DIMLDRBLK
  1

  9
$DIMLUNIT
 70
    2
  9
$DIMLWD
 70
   -2
  9
$DIMLWE
 70
   -2
  9
$DIMTMOVE
 70
    0
  9
$DIMFXL
 40
1
  9
$DIMFXLON
 70
    0
  9
$DIMJOGANG
 40
0.7853981633974483
  9
$DIMTFILL
 70
    0
  9
$DIMTFILLCLR
 70
    0
  9
$DIMARCSYM
 70
    0
  9
$DIMLTYPE
  6

  9
$DIMLTEX1
  6

  9
$DIMLTEX2
  6

  9
$LUNITS
 70
    2
  9
$LUPREC
 70
    4
  9
$SKETCHINC
 40
1
  9
$FILLETRAD
 40
0
  9
$AUNITS
 70
    0
  9
$AUPREC
 70
    0
  9
$MENU
  1
.
  9
$ELEVATION
 40
0
  9
$PELEVATION
 40
0
  9
$THICKNESS
 40
0
  9
$LIMCHECK
 70
    0
  9
$CHAMFERA
 40
0
  9
$CHAMFERB
 40
0
  9
$CHAMFERC
 40
0
  9
$CHAMFERD
 40
0
  9
$SKPOLY
 70
    0
  9
$USRTIMER
 70
    1
  9
$ANGBASE
 50
0
  9
$ANGDIR
 70
    0
  9
$PDMODE
 70
    0
  9
$PDSIZE
 40
0
  9
$PLINEWID
 40
0
  9
$SPLFRAME
 70
    0
  9
$SPLINETYPE
 70
    6
  9
$SPLINESEGS
 70
    8
  9
$HANDSEED
  5
20000
  9
$SURFTAB1
 70
    6
  9
$SURFTAB2
 70
    6
  9
$SURFTYPE
 70
    6
  9
$SURFU
 70
    6
  9
$SURFV
 70
    6
  9
$UCSBASE
  2

  9
$UCSNAME
  2

  9
$UCSORG
 10
0
 20
0
 30
0
  9
$UCSXDIR
 10
1
 20
0
 30
0
  9
$UCSYDIR
 10
0
 20
1
 30
0
  9
$UCSORTHOREF
  2

  9
$UCSORTHOVIEW
 70
    0
  9
$UCSORGTOP
 10
0
 20
0
 30
0
  9
$UCSORGBOTTOM
 10
0
 20
0
 30
0
  9
$UCSORGLEFT
 10
0
 20
0
 30
0
  9
$UCSORGRIGHT
 10
0
 20
0
 30
0
  9
$UCSORGFRONT
 10
0
 20
0
 30
0
  9
$UCSORGBACK
 10
0
 20
0
 30
0
  9
$PUCSBASE
  2

  9
$PUCSNAME
  2

  9
$PUCSORG
 10
0
 20
0
 30
0
  9
$PUCSXDIR
 10
1
 20
0
 30
0
  9
$PUCSYDIR
 10
0
 20
1
 30
0
  9
$PUCSORTHOREF
  2

  9
$PUCSORTHOVIEW
 70
    0
  9
$PUCSORGTOP
 10
0
 20
0
 30
0
  9
$PUCSORGBOTTOM
 10
0
 20
0
 30
0
  9
$PUCSORGLEFT
 10
0
 20
0
 30
0
  9
$PUCSORGRIGHT
 10
0
 20
0
 30
0
  9
$PUCSORGFRONT
 10
0
 20
0
 30
0
  9
$PUCSORGBACK
 10
0
 20
0
 30
0
  9
$USERI1
 70
    0
  9
$USERI2
 70
    0
  9
$USERI3
 70
    0
  9
$USERI4
 70
    0
  9
$USERI5
 70
    0
  9
$USERR1
 40
0
  9
$USERR2
 40
0
  9
$USERR3
 40
0
  9
$USERR4
 40
0
  9
$USERR5
 40
0
  9
$WORLDVIEW
 70
    1
  9
$SHADEDGE
 70
    3
  9
$SHADEDIF
 70
   70
  9
$TILEMODE
 70
    1
  9
$MAXACTVP
 70
   64
  9
$PINSBASE
 10
0
 20
0
 30
0
  9
$PLIMCHECK
 70
    0
  9
$PEXTMIN
 10
1e+20
 20
1e+20
 30
1e+20
  9
$PEXTMAX
 10
-1e+20
 20
-1e+20
 30
-1e+20
  9
$GRIDMODE
 70
    0
  9
$SNAPSTYLE
 70
    0
  9
$PLIMMIN
 10
0
 20
0
  9
$PLIMMAX
 10
420
 20
297
  9
$UNITMODE
 70
    0
  9
$VISRETAIN
 70
    1
  9
$PLINEGEN
 70
    0
  9
$PSLTSCALE
 70
    1
  9
$TREEDEPTH
 70
 3020
  9
$CMLSTYLE
  2
Standard
  9
$CMLJUST
 70
    0
  9
$CMLSCALE
 40
20
  9
$PROXYGRAPHICS
 70
    1
  9
$MEASUREMENT
 70
    1
  9
$CELWEIGHT
370
   -1
  9
$ENDCAPS
280
    0
  9
$JOINSTYLE
280
    0
  9
$LWDISPLAY
290
    0
  9
$INSUNITS
 70
    4
  9
$HYPERLINKBASE
  1

  9
$STYLESHEET
  1

  9
$XEDIT
290
    1
  9
$CEPSNTYPE
380
    0
  9
$PSTYLEMODE
290
    1
  9
$EXTNAMES
290
    1
  9
$PSVPSCALE
 40
0
  9
$OLESTARTUP
290
    0
  9
$SORTENTS
280
  127
  9
$INDEXCTL
280
    0
  9
$HIDETEXT
280
    1
  9
$XCLIPFRAME
290
    2
  9
$HALOGAP
280
    0
  9
$OBSCOLOR
 70
  257
  9
$OBSLTYPE
280
    0
  9
$INTERSECTIONDISPLAY
280
    0
  9
$INTERSECTIONCOLOR
 70
  257
  9
$DIMASSOC
280
    2
  9
$PROJECTNAME
  1

  9
$CAMERADISPLAY
290
    0
  9
$LENSLENGTH
 40
50
  9
$CAMERAHEIGHT
 40
0
  9
$STEPSPERSEC
 40
2
  9
$STEPSIZE
 40
6
  9
$3DDWFPREC
 40
2
  9
$PSOLWIDTH
 40
5
  9
$PSOLHEIGHT
 40
80
  9
$LOFTANG1
 40
1.570796326794897
  9
$LOFTANG2
 40
1.570796326794897
  9
$LOFTMAG1
 40
0
  9
$LOFTMAG2
 40
0
  9
$LOFTPARAM
 70
    7
  9
$LOFTNORMALS
280
    1
  9
$LATITUDE
 40
37.795
  9
$LONGITUDE
 40
-122.394
  9
$NORTHDIRECTION
 40
0
  9
$TIMEZONE
 70
-8000
  9
$LIGHTGLYPHDISPLAY
280
    1
  9
$TILEMODELIGHTSYNCH
280
    1
  9
$SOLIDHIST
280
    0
  9
$SHOWHIST
280
    1
  9
$DWFFRAME
280
    2
  9
$DGNFRAME
280
    2
  9
$REALWORLDSCALE
290
    1
  9
$INTERFERECOLOR
 62
  256
  9
$CSHADOW
280
    0
  9
$SHADOWPLANELOCATION
 40
0
  0
ENDSEC
  0
SECTION
  2
CLASSES
  0
ENDSEC
  0
SECTION
  2
TABLES
  0
TABLE
  2
VPORT
  5
8
330
0
100
AcDbSymbolTable
 70
    1
  0
VPORT
  5
31
330
2
100
AcDbSymbolTableRecord
100
AcDbViewportTableRecord
  2
*ACTIVE
 70
    0
 10
0
 20
0
 11
1
 21
1
 12
126.3777106969206
 22
93.27709886547817
 13
0
 23
0
 14
10
 24
10
 15
10
 25
10
 16
0
 26
0
 36
1
 17
0
 27
0
 37
0
 40
174.9300000000001
 41
1.643435980551053
 42
50
 43
0
 44
0
 50
0
 51
0
 71
    0
 72
  100
 73
    1
 74
    3
 75
    0
 76
    0
 77
    0
 78
    0
281
    0
 65
    1
110
0
120
0
130
0
111
1
121
0
131
0
112
0
122
1
132
0
 79
    0
146
0
348
10020
 60
    7
 61
    5
292
1
282
    1
141
0
142
0
 63
  250
421
3358443
  0
ENDTAB
  0
TABLE
  2
LTYPE
  5
5
330
0
100
AcDbSymbolTable
 70
    4
  0
LTYPE
  5
14
330
5
100
AcDbSymbolTableRecord
100
AcDbLinetypeTableRecord
  2
ByBlock
 70
    0
  3

 72
   65
 73
    0
 40
0
  0
LTYPE
  5
15
330
5
100
AcDbSymbolTableRecord
100
AcDbLinetypeTableRecord
  2
ByLayer
 70
    0
  3

 72
   65
 73
    0
 40
0
  0
LTYPE
  5
16
330
5
100
AcDbSymbolTableRecord
100
AcDbLinetypeTableRecord
  2
Continuous
 70
    0
  3
Solid line
 72
   65
 73
    0
 40
0
  0
LTYPE
  5
32
330
5
100
AcDbSymbolTableRecord
100
AcDbLinetypeTableRecord
  2
DOT
 70
    0
  3
Dot . . . . . . . . . . . . . . . . . . . . . .
 72
   65
 73
    2
 40
6.35
 49
0
 74
    0
 49
-6.35
 74
    0
  0
LTYPE
  5
33
330
5
100
AcDbSymbolTableRecord
100
AcDbLinetypeTableRecord
  2
DOTTINY
 70
    0
  3
Dot (.15x) .....................................
 72
   65
 73
    2
 40
0.9525
 49
0
 74
    0
 49
-0.9525
 74
    0
  0
LTYPE
  5
34
330
5
100
AcDbSymbolTableRecord
100
AcDbLinetypeTableRecord
  2
DOT2
 70
    0
  3
Dot (.5x) .....................................
 72
   65
 73
    2
 40
3.175
 49
0
 74
    0
 49
-3.175
 74
    0
  0
LTYPE
  5
35
330
5
100
AcDbSymbolTableRecord
100
AcDbLinetypeTableRecord
  2
DOTX2
 70
    0
  3
Dot (2x) .  .  .  .  .  .  .  .  .  .  .  .  .
 72
   65
 73
    2
 40
12.7
 49
0
 74
    0
 49
-12.7
 74
    0
  0
LTYPE
  5
36
330
5
100
AcDbSymbolTableRecord
100
AcDbLinetypeTableRecord
  2
DASHED
 70
    0
  3
Dashed _ _ _ _ _ _ _ _ _ _ _ _ _ _ _ _ _
 72
   65
 73
    2
 40
19.05
 49
12.7
 74
    0
 49
-6.35
 74
    0
  0
LTYPE
  5
37
330
5
100
AcDbSymbolTableRecord
100
AcDbLinetypeTableRecord
  2
DASHEDTINY
 70
    0
  3
Dashed (.15x) _ _ _ _ _ _ _ _ _ _ _ _ _ _ _ _ _
 72
   65
 73
    2
 40
2.8575
 49
1.905
 74
    0
 49
-0.9525
 74
    0
  0
LTYPE
  5
38
330
5
100
AcDbSymbolTableRecord
100
AcDbLinetypeTableRecord
  2
DASHED2
 70
    0
  3
Dashed (.5x) _ _ _ _ _ _ _ _ _ _ _ _ _ _ _ _ _
 72
   65
 73
    2
 40
9.524999999999999
 49
6.35
 74
    0
 49
-3.175
 74
    0
  0
LTYPE
  5
39
330
5
100
AcDbSymbolTableRecord
100
AcDbLinetypeTableRecord
  2
DASHEDX2
 70
    0
  3
Dashed (2x) ____  ____  ____  ____  ____  ___
 72
   65
 73
    2
 40
38.09999999999999
 49
25.4
 74
    0
 49
-12.7
 74
    0
  0
LTYPE
  5
3A
330
5
100
AcDbSymbolTableRecord
100
AcDbLinetypeTableRecord
  2
DASHDOT
 70
    0
  3
Dash dot __ . __ . __ . __ . __ . __ . __ . __
 72
   65
 73
    4
 40
25.4
 49
12.7
 74
    0
 49
-6.35
 74
    0
 49
0
 74
    0
 49
-6.35
 74
    0
  0
LTYPE
  5
3B
330
5
100
AcDbSymbolTableRecord
100
AcDbLinetypeTableRecord
  2
DASHDOTTINY
 70
    0
  3
Dash dot (.15x) _._._._._._._._._._._._._._._.
 72
   65
 73
    4
 40
3.81
 49
1.905
 74
    0
 49
-0.9525
 74
    0
 49
0
 74
    0
 49
-0.9525
 74
    0
  0
LTYPE
  5
3C
330
5
100
AcDbSymbolTableRecord
100
AcDbLinetypeTableRecord
  2
DASHDOT2
 70
    0
  3
Dash dot (.5x) _._._._._._._._._._._._._._._.
 72
   65
 73
    4
 40
12.7
 49
6.35
 74
    0
 49
-3.175
 74
    0
 49
0
 74
    0
 49
-3.175
 74
    0
  0
LTYPE
  5
3D
330
5
100
AcDbSymbolTableRecord
100
AcDbLinetypeTableRecord
  2
DASHDOTX2
 70
    0
  3
Dash dot (2x) ____  .  ____  .  ____  .  ___
 72
   65
 73
    4
 40
50.8
 49
25.4
 74
    0
 49
-12.7
 74
    0
 49
0
 74
    0
 49
-12.7
 74
    0
  0
LTYPE
  5
3E
330
5
100
AcDbSymbolTableRecord
100
AcDbLinetypeTableRecord
  2
DIVIDE
 70
    0
  3
Divide ____ . . ____ . . ____ . . ____ . . ____
 72
   65
 73
    6
 40
31.75
 49
12.7
 74
    0
 49
-6.35
 74
    0
 49
0
 74
    0
 49
-6.35
 74
    0
 49
0
 74
    0
 49
-6.35
 74
    0
  0
LTYPE
  5
3F
330
5
100
AcDbSymbolTableRecord
100
AcDbLinetypeTableRecord
  2
DIVIDETINY
 70
    0
  3
Divide (.15x) __..__..__..__..__..__..__..__.._
 72
   65
 73
    6
 40
4.7625
 49
1.905
 74
    0
 49
-0.9525
 74
    0
 49
0
 74
    0
 49
-0.9525
 74
    0
 49
0
 74
    0
 49
-0.9525
 74
    0
  0
LTYPE
  5
40
330
5
100
AcDbSymbolTableRecord
100
AcDbLinetypeTableRecord
  2
DIVIDE2
 70
    0
  3
Divide (.5x) __..__..__..__..__..__..__..__.._
 72
   65
 73
    6
 40
15.875
 49
6.35
 74
    0
 49
-3.175
 74
    0
 49
0
 74
    0
 49
-3.175
 74
    0
 49
0
 74
    0
 49
-3.175
 74
    0
  0
LTYPE
  5
41
330
5
100
AcDbSymbolTableRecord
100
AcDbLinetypeTableRecord
  2
DIVIDEX2
 70
    0
  3
Divide (2x) ________  .  .  ________  .  .  _
 72
   65
 73
    6
 40
63.5
 49
25.4
 74
    0
 49
-12.7
 74
    0
 49
0
 74
    0
 49
-12.7
 74
    0
 49
0
 74
    0
 49
-12.7
 74
    0
  0
LTYPE
  5
42
330
5
100
AcDbSymbolTableRecord
100
AcDbLinetypeTableRecord
  2
BORDER
 70
    0
  3
Border __ __ . __ __ . __ __ . __ __ . __ __ .
 72
   65
 73
    6
 40
44.45
 49
12.7
 74
    0
 49
-6.35
 74
    0
 49
12.7
 74
    0
 49
-6.35
 74
    0
 49
0
 74
    0
 49
-6.35
 74
    0
  0
LTYPE
  5
43
330
5
100
AcDbSymbolTableRecord
100
AcDbLinetypeTableRecord
  2
BORDERTINY
 70
    0
  3
Border (.15x) __.__.__.__.__.__.__.__.__.__.__.
 72
   65
 73
    6
 40
6.6675
 49
1.905
 74
    0
 49
-0.9525
 74
    0
 49
1.905
 74
    0
 49
-0.9525
 74
    0
 49
0
 74
    0
 49
-0.9525
 74
    0
  0
LTYPE
  5
44
330
5
100
AcDbSymbolTableRecord
100
AcDbLinetypeTableRecord
  2
BORDER2
 70
    0
  3
Border (.5x) __.__.__.__.__.__.__.__.__.__.__.
 72
   65
 73
    6
 40
22.225
 49
6.35
 74
    0
 49
-3.175
 74
    0
 49
6.35
 74
    0
 49
-3.175
 74
    0
 49
0
 74
    0
 49
-3.175
 74
    0
  0
LTYPE
  5
45
330
5
100
AcDbSymbolTableRecord
100
AcDbLinetypeTableRecord
  2
BORDERX2
 70
    0
  3
Border (2x) ____  ____  .  ____  ____  .  ___
 72
   65
 73
    6
 40
88.89999999999999
 49
25.4
 74
    0
 49
-12.7
 74
    0
 49
25.4
 74
    0
 49
-12.7
 74
    0
 49
0
 74
    0
 49
-12.7
 74
    0
  0
LTYPE
  5
46
330
5
100
AcDbSymbolTableRecord
100
AcDbLinetypeTableRecord
  2
CENTER
 70
    0
  3
Center ____ _ ____ _ ____ _ ____ _ ____ _ ____
 72
   65
 73
    4
 40
50.8
 49
31.75
 74
    0
 49
-6.35
 74
    0
 49
6.35
 74
    0
 49
-6.35
 74
    0
  0
LTYPE
  5
47
330
5
100
AcDbSymbolTableRecord
100
AcDbLinetypeTableRecord
  2
CENTERTINY
 70
    0
  3
Center (.15x) ___ _ ___ _ ___ _ ___ _ ___ _ ___
 72
   65
 73
    4
 40
7.619999999999999
 49
4.7625
 74
    0
 49
-0.9525
 74
    0
 49
0.9525
 74
    0
 49
-0.9525
 74
    0
  0
LTYPE
  5
48
330
5
100
AcDbSymbolTableRecord
100
AcDbLinetypeTableRecord
  2
CENTER2
 70
    0
  3
Center (.5x) ___ _ ___ _ ___ _ ___ _ ___ _ ___
 72
   65
 73
    4
 40
28.575
 49
19.05
 74
    0
 49
-3.175
 74
    0
 49
3.175
 74
    0
 49
-3.175
 74
    0
  0
LTYPE
  5
49
330
5
100
AcDbSymbolTableRecord
100
AcDbLinetypeTableRecord
  2
CENTERX2
 70
    0
  3
Center (2x) ________  __  ________  __  _____
 72
   65
 73
    4
 40
101.6
 49
63.5
 74
    0
 49
-12.7
 74
    0
 49
12.7
 74
    0
 49
-12.7
 74
    0
  0
ENDTAB
  0
TABLE
  2
LAYER
  5
2
330
0
100
AcDbSymbolTable
 70
    1
  0
LAYER
  5
10
330
2
100
AcDbSymbolTableRecord
100
AcDbLayerTableRecord
  2
0
 70
    0
 62
    7
  6
CONTINUOUS
370
   -3
390
F
  0
LAYER
  5
4A
330
2
100
AcDbSymbolTableRecord
100
AcDbLayerTableRecord
  2
2d ConnectionPoints
 70
    0
 62
    7
  6
CONTINUOUS
370
   50
390
F
  0
LAYER
  5
4B
330
2
100
AcDbSymbolTableRecord
100
AcDbLayerTableRecord
  2
AM_4
 70
    0
 62
    3
  6
CONTINUOUS
370
   25
390
F
  0
LAYER
  5
4C
330
2
100
AcDbSymbolTableRecord
100
AcDbLayerTableRecord
  2
AM_5
 70
    0
 62
    3
  6
CONTINUOUS
370
   25
390
F
  0
LAYER
  5
4D
330
2
100
AcDbSymbolTableRecord
100
AcDbLayerTableRecord
  2
attrib
 70
    0
 62
  256
  6
CONTINUOUS
370
   35
390
F
  0
LAYER
  5
4E
330
2
100
AcDbSymbolTableRecord
100
AcDbLayerTableRecord
  2
center
 70
    0
 62
    4
  6
CENTER
370
   25
390
F
  0
LAYER
  5
4F
330
2
100
AcDbSymbolTableRecord
100
AcDbLayerTableRecord
  2
hidden
 70
    0
 62
    3
  6
DASHED
370
   25
390
F
  0
LAYER
  5
50
330
2
100
AcDbSymbolTableRecord
100
AcDbLayerTableRecord
  2
vis
 70
    0
 62
    1
  6
CONTINUOUS
370
   50
390
F
  0
ENDTAB
  0
TABLE
  2
STYLE
  5
3
330
0
100
AcDbSymbolTable
 70
    3
  0
STYLE
  5
51
330
2
100
AcDbSymbolTableRecord
100
AcDbTextStyleTableRecord
  2
Standard
 70
    0
 40
0
 41
1
 50
0
 71
    0
 42
1
  3
txt
  4

  0
ENDTAB
  0
TABLE
  2
VIEW
  5
6
330
0
100
AcDbSymbolTable
 70
    0
  0
ENDTAB
  0
TABLE
  2
UCS
  5
7
330
0
100
AcDbSymbolTable
 70
    0
  0
ENDTAB
  0
TABLE
  2
APPID
  5
9
330
0
100
AcDbSymbolTable
 70
    1
  0
APPID
  5
12
330
9
100
AcDbSymbolTableRecord
100
AcDbRegAppTableRecord
  2
ACAD
 70
    0
  0
APPID
  5
52
330
9
100
AcDbSymbolTableRecord
100
AcDbRegAppTableRecord
  2
LibreCad
 70
    0
  0
ENDTAB
  0
TABLE
  2
DIMSTYLE
  5
A
330
0
100
AcDbSymbolTable
 70
    1
100
AcDbDimStyleTable
 71
    1
  0
DIMSTYLE
105
53
330
A
100
AcDbSymbolTableRecord
100
AcDbDimStyleTableRecord
  2
Standard
 70
    0
 40
1
 41
2.5
 42
0.625
 43
0.38
 44
1.25
 45
0
 46
0
 47
0
 48
0
 49
1
140
2.5
141
0.09
142
0
143
25.4
144
1
145
0
146
1
147
0.625
148
0
 71
    0
 72
    0
 73
    0
 74
    1
 75
    0
 76
    0
 77
    0
 78
    8
 79
    0
170
    0
171
    2
172
    0
173
    0
174
    0
175
    0
176
    0
177
    0
178
    0
179
    0
271
    2
272
    4
273
    2
274
    2
275
    0
276
    0
277
    2
278
   44
279
    0
280
    0
281
    0
282
    0
283
    1
284
    0
285
    0
286
    0
288
    0
289
    3
340
51
  0
ENDTAB
  0
TABLE
  2
BLOCK_RECORD
  5
1
330
0
100
AcDbSymbolTable
 70
    2
  0
BLOCK_RECORD
  5
1F
330
1
100
AcDbSymbolTableRecord
100
AcDbBlockTableRecord
  2
*Model_Space
 70
    0
280
    1
281
    0
  0
BLOCK_RECORD
  5
1E
330
1
100
AcDbSymbolTableRecord
100
AcDbBlockTableRecord
  2
*Paper_Space
 70
    0
280
    1
281
    0
  0
BLOCK_RECORD
  5
54
330
1
100
AcDbSymbolTableRecord
100
AcDbBlockTableRecord
  2
1_SET_SCREW4_3_1_0_in_MTP24XL037_A_C10_900
 70
    0
280
    1
281
    0
  0
BLOCK_RECORD
  5
57
330
1
100
AcDbSymbolTableRecord
100
AcDbBlockTableRecord
  2
2_SET_SCREW4_3_2_0_in_MTP24XL037_A_C10_900
 70
    0
280
    1
281
    0
  0
BLOCK_RECORD
  5
5A
330
1
100
AcDbSymbolTableRecord
100
AcDbBlockTableRecord
  2
3_MTP24XL037_A_C10_b_0_in_MTP24XL037_A_C10_900
 70
    0
280
    1
281
    0
  0
BLOCK_RECORD
  5
5D
330
1
100
AcDbSymbolTableRecord
100
AcDbBlockTableRecord
  2
4_SET_SCREW4_3_1_0_in_MTP24XL037_A_C10_900
 70
    0
280
    1
281
    0
  0
BLOCK_RECORD
  5
60
330
1
100
AcDbSymbolTableRecord
100
AcDbBlockTableRecord
  2
5_SET_SCREW4_3_2_0_in_MTP24XL037_A_C10_900
 70
    0
280
    1
281
    0
  0
BLOCK_RECORD
  5
63
330
1
100
AcDbSymbolTableRecord
100
AcDbBlockTableRecord
  2
6_MTP24XL037_A_C10_b_0_in_MTP24XL037_A_C10_900
 70
    0
280
    1
281
    0
  0
BLOCK_RECORD
  5
66
330
1
100
AcDbSymbolTableRecord
100
AcDbBlockTableRecord
  2
7_SET_SCREW4_3_1_0_in_MTP24XL037_A_C10_900
 70
    0
280
    1
281
    0
  0
BLOCK_RECORD
  5
69
330
1
100
AcDbSymbolTableRecord
100
AcDbBlockTableRecord
  2
8_SET_SCREW4_3_2_0_in_MTP24XL037_A_C10_900
 70
    0
280
    1
281
    0
  0
BLOCK_RECORD
  5
6C
330
1
100
AcDbSymbolTableRecord
100
AcDbBlockTableRecord
  2
9_MTP24XL037_A_C10_b_0_in_MTP24XL037_A_C10_900
 70
    0
280
    1
281
    0
  0
BLOCK_RECORD
  5
6F
330
1
100
AcDbSymbolTableRecord
100
AcDbBlockTableRecord
  2
10_SET_SCREW4_3_1_0_in_MTP24XL037_A_C10_900
 70
    0
280
    1
281
    0
  0
BLOCK_RECORD
  5
72
330
1
100
AcDbSymbolTableRecord
100
AcDbBlockTableRecord
  2
11_SET_SCREW4_3_2_0_in_MTP24XL037_A_C10_900
 70
    0
280
    1
281
    0
  0
BLOCK_RECORD
  5
75
330
1
100
AcDbSymbolTableRecord
100
AcDbBlockTableRecord
  2
12_MTP24XL037_A_C10_b_0_in_MTP24XL037_A_C10_900
 70
    0
280
    1
281
    0
  0
BLOCK_RECORD
  5
78
330
1
100
AcDbSymbolTableRecord
100
AcDbBlockTableRecord
  2
13_SET_SCREW4_3_1_0_in_MTP24XL037_A_C10_900
 70
    0
280
    1
281
    0
  0
BLOCK_RECORD
  5
7B
330
1
100
AcDbSymbolTableRecord
100
AcDbBlockTableRecord
  2
14_SET_SCREW4_3_2_0_in_MTP24XL037_A_C10_900
 70
    0
280
    1
281
    0
  0
BLOCK_RECORD
  5
7E
330
1
100
AcDbSymbolTableRecord
100
AcDbBlockTableRecord
  2
15_MTP24XL037_A_C10_b_0_in_MTP24XL037_A_C10_900
 70
    0
280
    1
281
    0
  0
BLOCK_RECORD
  5
81
330
1
100
AcDbSymbolTableRecord
100
AcDbBlockTableRecord
  2
16_SET_SCREW4_3_1_0_in_MTP24XL037_A_C10_900
 70
    0
280
    1
281
    0
  0
BLOCK_RECORD
  5
84
330
1
100
AcDbSymbolTableRecord
100
AcDbBlockTableRecord
  2
17_SET_SCREW4_3_2_0_in_MTP24XL037_A_C10_900
 70
    0
280
    1
281
    0
  0
BLOCK_RECORD
  5
87
330
1
100
AcDbSymbolTableRecord
100
AcDbBlockTableRecord
  2
18_MTP24XL037_A_C10_b_0_in_MTP24XL037_A_C10_900
 70
    0
280
    1
281
    0
  0
ENDTAB
  0
ENDSEC
  0
SECTION
  2
BLOCKS
  0
BLOCK
  5
20
330
1F
100
AcDbEntity
  8
0
100
AcDbBlockBegin
  2
*Model_Space
 70
    0
 10
0
 20
0
 30
0
  3
*Model_Space
  1

  0
ENDBLK
  5
21
330
1F
100
AcDbEntity
  8
0
100
AcDbBlockEnd
  0
BLOCK
  5
1C
330
1B
100
AcDbEntity
  8
0
100
AcDbBlockBegin
  2
*Paper_Space
 70
    0
 10
0
 20
0
 30
0
  3
*Paper_Space
  1

  0
ENDBLK
  5
1D
330
1F
100
AcDbEntity
  8
0
100
AcDbBlockEnd
  0
BLOCK
  5
55
330
54
100
AcDbEntity
  8
0
100
AcDbBlockBegin
  2
1_SET_SCREW4_3_1_0_in_MTP24XL037_A_C10_900
 70
    0
 10
0
 20
0
  3
1_SET_SCREW4_3_1_0_in_MTP24XL037_A_C10_900
  1

  0
LINE
  5
8A
100
AcDbEntity
  8
hidden
  6
ByLayer
 62
  256
370
   -1
100
AcDbLine
 10
65.92264973081038
 20
16.37083487540115
 11
67.07735026918962
 21
16.37083487540115
  0
LINE
  5
8B
100
AcDbEntity
  8
hidden
  6
ByLayer
 62
  256
370
   -1
100
AcDbLine
 10
65.92264973081038
 20
17.37083487540115
 11
65.34529946162075
 21
16.87083487540115
  0
LINE
  5
8C
100
AcDbEntity
  8
hidden
  6
ByLayer
 62
  256
370
   -1
100
AcDbLine
 10
67.65470053837925
 20
16.87083487540115
 11
67.07735026918962
 21
17.37083487540115
  0
LINE
  5
8D
100
AcDbEntity
  8
hidden
  6
ByLayer
 62
  256
370
   -1
100
AcDbLine
 10
65.34529946162075
 20
16.87083487540115
 11
65.34529946162075
 21
15.57179676972449
  0
LINE
  5
8E
100
AcDbEntity
  8
hidden
  6
ByLayer
 62
  256
370
   -1
100
AcDbLine
 10
65.92264973081038
 20
17.37083487540115
 11
65.92264973081038
 21
15.07179676972449
  0
LINE
  5
8F
100
AcDbEntity
  8
hidden
  6
ByLayer
 62
  256
370
   -1
100
AcDbLine
 10
65.34529946162075
 20
16.87083487540115
 11
65.92264973081038
 21
16.37083487540115
  0
LINE
  5
90
100
AcDbEntity
  8
hidden
  6
ByLayer
 62
  256
370
   -1
100
AcDbLine
 10
67.65470053837925
 20
16.87083487540115
 11
67.65470053837925
 21
15.57179676972449
  0
LINE
  5
91
100
AcDbEntity
  8
hidden
  6
ByLayer
 62
  256
370
   -1
100
AcDbLine
 10
67.07735026918962
 20
16.37083487540115
 11
67.65470053837925
 21
16.87083487540115
  0
LINE
  5
92
100
AcDbEntity
  8
hidden
  6
ByLayer
 62
  256
370
   -1
100
AcDbLine
 10
67.07735026918962
 20
17.37083487540115
 11
67.07735026918962
 21
15.07179676972449
  0
ELLIPSE
  5
93
100
AcDbEntity
  8
hidden
  6
ByLayer
 62
  256
370
   -1
100
AcDbEllipse
 10
66.5
 20
16.87083487540115
 30
0
 11
0.9999999999999989
 21
0
 31
0
 40
0.4999999999999987
 41
3.665191429188095
 42
4.71238898038469
  0
ELLIPSE
  5
94
100
AcDbEntity
  8
hidden
  6
ByLayer
 62
  256
370
   -1
100
AcDbEllipse
 10
66.5
 20
16.87083487540115
 30
0
 11
1.000000000000002
 21
0
 31
0
 40
0.4999999999999982
 41
4.71238898038469
 42
7.853981633974483
  0
ELLIPSE
  5
95
100
AcDbEntity
  8
hidden
  6
ByLayer
 62
  256
370
   -1
100
AcDbEllipse
 10
66.5
 20
16.87083487540115
 30
0
 11
1.000000000000003
 21
3.552713678800513e-15
 31
0
 40
0.5000000000000009
 41
2.617993877991494
 42
3.6651914291881
  0
LINE
  5
96
100
AcDbEntity
  8
hidden
  6
ByLayer
 62
  256
370
   -1
100
AcDbLine
 10
67.07735026918962
 20
17.37083487540115
 11
65.92264973081038
 21
17.37083487540115
  0
ELLIPSE
  5
97
100
AcDbEntity
  8
hidden
  6
ByLayer
 62
  256
370
   -1
100
AcDbEllipse
 10
66.5
 20
16.87083487540115
 30
0
 11
0.9999999999999989
 21
0
 31
0
 40
0.4999999999999996
 41
1.570796326794897
 42
2.617993877991492
  0
LINE
  5
98
100
AcDbEntity
  8
hidden
  6
ByLayer
 62
  256
370
   -1
100
AcDbLine
 10
65.47937927384034
 20
18.53071689932132
 11
64.86700683814455
 21
18.0977041974291
  0
LINE
  5
99
100
AcDbEntity
  8
hidden
  6
ByLayer
 62
  256
370
   -1
100
AcDbLine
 10
68.13299316185545
 20
18.0977041974291
 11
67.52062072615966
 21
18.53071689932132
  0
LINE
  5
9A
100
AcDbEntity
  8
hidden
  6
ByLayer
 62
  256
370
   -1
100
AcDbLine
 10
65.34529946162075
 20
15.57179676972449
 11
65.92264973081038
 21
15.07179676972449
  0
LINE
  5
9B
100
AcDbEntity
  8
hidden
  6
ByLayer
 62
  256
370
   -1
100
AcDbLine
 10
65.92264973081038
 20
16.07179676972449
 11
65.34529946162075
 21
15.57179676972449
  0
LINE
  5
9C
100
AcDbEntity
  8
hidden
  6
ByLayer
 62
  256
370
   -1
100
AcDbLine
 10
67.07735026918962
 20
16.07179676972449
 11
65.92264973081038
 21
16.07179676972449
  0
LINE
  5
9D
100
AcDbEntity
  8
hidden
  6
ByLayer
 62
  256
370
   -1
100
AcDbLine
 10
67.65470053837925
 20
15.57179676972449
 11
67.07735026918962
 21
16.07179676972449
  0
LINE
  5
9E
100
AcDbEntity
  8
hidden
  6
ByLayer
 62
  256
370
   -1
100
AcDbLine
 10
67.07735026918962
 20
15.07179676972449
 11
67.65470053837925
 21
15.57179676972449
  0
LINE
  5
9F
100
AcDbEntity
  8
hidden
  6
ByLayer
 62
  256
370
   -1
100
AcDbLine
 10
67.07735026918962
 20
15.07179676972449
 11
65.92264973081038
 21
15.07179676972449
  0
ELLIPSE
  5
A0
100
AcDbEntity
  8
hidden
  6
ByLayer
 62
  256
370
   -1
100
AcDbEllipse
 10
66.5
 20
17.52035392823948
 30
0
 11
1.999999999999994
 21
-7.59528607725992e-15
 31
0
 40
0.5
 41
3.141592653589801
 42
8.809298252098998
  0
LINE
  5
A1
100
AcDbEntity
  8
hidden
  6
ByLayer
 62
  256
370
   -1
100
AcDbLine
 10
68.5
 20
15.94375468064991
 11
68.5
 21
17.52035392823948
  0
LINE
  5
A2
100
AcDbEntity
  8
hidden
  6
ByLayer
 62
  256
370
   -1
100
AcDbLine
 10
64.5
 20
17.52035392823948
 11
64.5
 21
15.94375468064991
  0
ELLIPSE
  5
A3
100
AcDbEntity
  8
hidden
  6
ByLayer
 62
  256
370
   -1
100
AcDbEllipse
 10
66.5
 20
17.52035392823948
 30
0
 11
2.000000000000003
 21
1.065814103640152e-14
 31
0
 40
0.4999999999999987
 41
2.526112944919402
 42
3.14159265358979
  0
ELLIPSE
  5
A4
100
AcDbEntity
  8
hidden
  6
ByLayer
 62
  256
370
   -1
100
AcDbEllipse
 10
66.5
 20
15.94375468064991
 30
0
 11
1.999999999999994
 21
0
 31
0
 40
0.4999999999999996
 41
5.6677055985092
 42
9.424777960769379
  0
LINE
  5
A5
100
AcDbEntity
  8
hidden
  6
ByLayer
 62
  256
370
   -1
100
AcDbLine
 10
67.78230788034699
 20
15.11843247084334
 11
68.13299316185545
 21
15.36640441146028
  0
LINE
  5
A6
100
AcDbEntity
  8
hidden
  6
ByLayer
 62
  256
370
   -1
100
AcDbLine
 10
64.86700683814455
 20
15.36640441146028
 11
65.21769211965301
 21
15.11843247084334
  0
ELLIPSE
  5
A7
100
AcDbEntity
  8
hidden
  6
ByLayer
 62
  256
370
   -1
100
AcDbEllipse
 10
66.5
 20
15.94375468064991
 30
0
 11
2
 21
0
 31
0
 40
0.5000000000000004
 41
3.141592653589796
 42
5.667705598509198
  0
ELLIPSE
  5
A8
100
AcDbEntity
  8
hidden
  6
ByLayer
 62
  256
370
   -1
100
AcDbEllipse
 10
66.5
 20
18.16987298107781
 30
0
 11
1.249999999999999
 21
0
 31
0
 40
0.4999999999999994
 41
0
 42
6.283185307179586
  0
ELLIPSE
  5
A9
100
AcDbEntity
  8
hidden
  6
ByLayer
 62
  256
370
   -1
100
AcDbEllipse
 10
66.49999999999997
 20
15.5717967697245
 30
0
 11
1.57050000000002
 21
-1.15437352247247e-14
 31
0
 40
0.5000000000000009
 41
0
 42
6.283185307179586
  0
ENDBLK
  5
56
330
54
100
AcDbEntity
  8
0
100
AcDbBlockEnd
  0
BLOCK
  5
58
330
57
100
AcDbEntity
  8
0
100
AcDbBlockBegin
  2
2_SET_SCREW4_3_2_0_in_MTP24XL037_A_C10_900
 70
    0
 10
0
 20
0
  3
2_SET_SCREW4_3_2_0_in_MTP24XL037_A_C10_900
  1

  0
LINE
  5
AA
100
AcDbEntity
  8
hidden
  6
ByLayer
 62
  256
370
   -1
100
AcDbLine
 10
67.07735026918962
 20
23.5
 11
67.65470053837925
 21
22.5
  0
LINE
  5
AB
100
AcDbEntity
  8
hidden
  6
ByLayer
 62
  256
370
   -1
100
AcDbLine
 10
65.92264973081038
 20
23.5
 11
67.07735026918962
 21
23.5
  0
LINE
  5
AC
100
AcDbEntity
  8
hidden
  6
ByLayer
 62
  256
370
   -1
100
AcDbLine
 10
67.07735026918962
 20
21.5
 11
65.92264973081038
 21
21.5
  0
LINE
  5
AD
100
AcDbEntity
  8
hidden
  6
ByLayer
 62
  256
370
   -1
100
AcDbLine
 10
65.34529946162075
 20
22.5
 11
65.92264973081038
 21
23.5
  0
LINE
  5
AE
100
AcDbEntity
  8
hidden
  6
ByLayer
 62
  256
370
   -1
100
AcDbLine
 10
65.92264973081038
 20
21.5
 11
65.34529946162075
 21
22.5
  0
LINE
  5
AF
100
AcDbEntity
  8
hidden
  6
ByLayer
 62
  256
370
   -1
100
AcDbLine
 10
67.65470053837925
 20
22.5
 11
67.07735026918962
 21
21.5
  0
CIRCLE
  5
B0
100
AcDbEntity
  8
hidden
  6
ByLayer
 62
  256
370
   -1
100
AcDbCircle
 10
66.5
 20
22.5
 40
1.249999999999998
  0
ARC
  5
B1
100
AcDbEntity
  8
AM_5
  6
DASHED
 62
  256
370
   -1
100
AcDbCircle
 10
66.50000000000001
 20
22.5
 40
1.570499999999999
100
AcDbArc
 50
75.00000000000067
 51
15.00000000000025
  0
CIRCLE
  5
B2
100
AcDbEntity
  8
hidden
  6
ByLayer
 62
  256
370
   -1
100
AcDbCircle
 10
66.5
 20
22.5
 40
0.9999999999999962
  0
LINE
  5
B3
100
AcDbEntity
  8
center
  6
ByLayer
 62
  256
370
   -1
100
AcDbLine
 10
66.5
 20
20.4
 11
66.5
 21
24.59999999999999
  0
ENDBLK
  5
59
330
57
100
AcDbEntity
  8
0
100
AcDbBlockEnd
  0
BLOCK
  5
5B
330
5A
100
AcDbEntity
  8
0
100
AcDbBlockBegin
  2
3_MTP24XL037_A_C10_b_0_in_MTP24XL037_A_C10_900
 70
    0
 10
0
 20
0
  3
3_MTP24XL037_A_C10_b_0_in_MTP24XL037_A_C10_900
  1

  0
LINE
  5
B4
100
AcDbEntity
  8
hidden
  6
ByLayer
 62
  256
370
   -1
100
AcDbLine
 10
65.59269421198225
 20
6.72118012948194
 11
67.40348314089506
 21
6.72118012948194
  0
LINE
  5
B5
100
AcDbEntity
  8
hidden
  6
ByLayer
 62
  256
370
   -1
100
AcDbLine
 10
67.69553020187131
 20
5.736806313527232
 11
65.30446979812869
 21
5.736806313527232
  0
LINE
  5
B6
100
AcDbEntity
  8
hidden
  6
ByLayer
 62
  256
370
   -1
100
AcDbLine
 10
67.90771198972311
 20
6.422650150905877
 11
65.09228801027689
 21
6.422650150905877
  0
CIRCLE
  5
B7
100
AcDbEntity
  8
hidden
  6
ByLayer
 62
  256
370
   -1
100
AcDbCircle
 10
66.5
 20
22.5
 40
1.620999999999997
  0
LINE
  5
B8
100
AcDbEntity
  8
hidden
  6
ByLayer
 62
  256
370
   -1
100
AcDbLine
 10
72
 20
40.25
 11
61
 21
40.25
  0
LINE
  5
B9
100
AcDbEntity
  8
hidden
  6
ByLayer
 62
  256
370
   -1
100
AcDbLine
 10
61
 20
4.749999999999996
 11
72
 21
4.749999999999996
  0
LINE
  5
BA
100
AcDbEntity
  8
hidden
  6
ByLayer
 62
  256
370
   -1
100
AcDbLine
 10
72
 20
40.6004886248359
 11
61
 21
40.6004886248359
  0
LINE
  5
BB
100
AcDbEntity
  8
hidden
  6
ByLayer
 62
  256
370
   -1
100
AcDbLine
 10
72
 20
40.24834271894527
 11
61
 21
40.24834271894527
  0
LINE
  5
BC
100
AcDbEntity
  8
hidden
  6
ByLayer
 62
  256
370
   -1
100
AcDbLine
 10
72
 20
4.399511375164099
 11
61
 21
4.399511375164099
  0
LINE
  5
BD
100
AcDbEntity
  8
hidden
  6
ByLayer
 62
  256
370
   -1
100
AcDbLine
 10
72
 20
4.751657283451067
 11
61
 21
4.751657283451067
  0
LINE
  5
BE
100
AcDbEntity
  8
hidden
  6
ByLayer
 62
  256
370
   -1
100
AcDbLine
 10
72
 20
3.77555140860532
 11
61
 21
3.77555140860532
  0
LINE
  5
BF
100
AcDbEntity
  8
hidden
  6
ByLayer
 62
  256
370
   -1
100
AcDbLine
 10
72
 20
41.22444859139468
 11
61
 21
41.22444859139468
  0
LINE
  5
C0
100
AcDbEntity
  8
hidden
  6
ByLayer
 62
  256
370
   -1
100
AcDbLine
 10
72
 20
4.808248965018478
 11
61
 21
4.808248965018478
  0
LINE
  5
C1
100
AcDbEntity
  8
hidden
  6
ByLayer
 62
  256
370
   -1
100
AcDbLine
 10
72
 20
40.19175103498153
 11
61
 21
40.19175103498153
  0
LINE
  5
C2
100
AcDbEntity
  8
hidden
  6
ByLayer
 62
  256
370
   -1
100
AcDbLine
 10
72
 20
39.7063593328506
 11
61
 21
39.7063593328506
  0
LINE
  5
C3
100
AcDbEntity
  8
hidden
  6
ByLayer
 62
  256
370
   -1
100
AcDbLine
 10
72
 20
5.293640629903145
 11
61
 21
5.293640629903145
  0
LINE
  5
C4
100
AcDbEntity
  8
hidden
  6
ByLayer
 62
  256
370
   -1
100
AcDbLine
 10
58.5
 20
24.5
 11
74.5
 21
24.5
  0
LINE
  5
C5
100
AcDbEntity
  8
hidden
  6
ByLayer
 62
  256
370
   -1
100
AcDbLine
 10
74.5
 20
20.5
 11
58.5
 21
20.5
  0
LINE
  5
C6
100
AcDbEntity
  8
hidden
  6
ByLayer
 62
  256
370
   -1
100
AcDbLine
 10
58.5
 20
17.5
 11
74.5
 21
17.5
  0
LINE
  5
C7
100
AcDbEntity
  8
hidden
  6
ByLayer
 62
  256
370
   -1
100
AcDbLine
 10
74.5
 20
27.5
 11
58.5
 21
27.5
  0
LINE
  5
C8
100
AcDbEntity
  8
hidden
  6
ByLayer
 62
  256
370
   -1
100
AcDbLine
 10
72
 20
39.77570782737947
 11
61
 21
39.77570782737947
  0
LINE
  5
C9
100
AcDbEntity
  8
hidden
  6
ByLayer
 62
  256
370
   -1
100
AcDbLine
 10
72
 20
39.58080592482936
 11
61
 21
39.58080592482936
  0
LINE
  5
CA
100
AcDbEntity
  8
hidden
  6
ByLayer
 62
  256
370
   -1
100
AcDbLine
 10
61
 20
39.55780826928829
 11
72
 21
39.55780826928829
  0
LINE
  5
CB
100
AcDbEntity
  8
hidden
  6
ByLayer
 62
  256
370
   -1
100
AcDbLine
 10
72
 20
5.22429217262053
 11
61
 21
5.22429217262053
  0
LINE
  5
CC
100
AcDbEntity
  8
hidden
  6
ByLayer
 62
  256
370
   -1
100
AcDbLine
 10
72
 20
5.419194122869108
 11
61
 21
5.419194122869108
  0
LINE
  5
CD
100
AcDbEntity
  8
hidden
  6
ByLayer
 62
  256
370
   -1
100
AcDbLine
 10
72
 20
5.442191730711738
 11
61
 21
5.442191730711738
  0
LINE
  5
CE
100
AcDbEntity
  8
hidden
  6
ByLayer
 62
  256
370
   -1
100
AcDbLine
 10
72
 20
40.30310158030518
 11
61
 21
40.30310158030518
  0
LINE
  5
CF
100
AcDbEntity
  8
hidden
  6
ByLayer
 62
  256
370
   -1
100
AcDbLine
 10
72
 20
4.696898419694822
 11
61
 21
4.696898419694822
  0
LINE
  5
D0
100
AcDbEntity
  8
hidden
  6
ByLayer
 62
  256
370
   -1
100
AcDbLine
 10
72
 20
37.99179099561049
 11
61
 21
37.99179099561049
  0
LINE
  5
D1
100
AcDbEntity
  8
hidden
  6
ByLayer
 62
  256
370
   -1
100
AcDbLine
 10
72
 20
7.008209094944405
 11
61
 21
7.008209094944405
  0
LINE
  5
D2
100
AcDbEntity
  8
hidden
  6
ByLayer
 62
  256
370
   -1
100
AcDbLine
 10
72
 20
37.77361609094418
 11
61
 21
37.77361609094418
  0
LINE
  5
D3
100
AcDbEntity
  8
hidden
  6
ByLayer
 62
  256
370
   -1
100
AcDbLine
 10
72
 20
37.74924043430276
 11
61
 21
37.74924043430276
  0
LINE
  5
D4
100
AcDbEntity
  8
hidden
  6
ByLayer
 62
  256
370
   -1
100
AcDbLine
 10
61
 20
37.66329883796048
 11
72
 21
37.66329883796048
  0
LINE
  5
D5
100
AcDbEntity
  8
hidden
  6
ByLayer
 62
  256
370
   -1
100
AcDbLine
 10
72
 20
7.226383909055825
 11
61
 21
7.226383909055825
  0
LINE
  5
D6
100
AcDbEntity
  8
hidden
  6
ByLayer
 62
  256
370
   -1
100
AcDbLine
 10
72
 20
7.250759655447267
 11
61
 21
7.250759655447267
  0
LINE
  5
D7
100
AcDbEntity
  8
hidden
  6
ByLayer
 62
  256
370
   -1
100
AcDbLine
 10
72
 20
7.336701162039539
 11
61
 21
7.336701162039539
  0
LWPOLYLINE
  5
D8
100
AcDbEntity
  8
hidden
  6
ByLayer
 62
  256
370
   -1
100
AcDbPolyline
 90
    5
 70
    0
 43
0
 10
64.97729568766773
 20
7.336701162029774
 10
65.00127946232541
 20
7.332208208054375
 10
65.03540644270088
 20
7.31102664022182
 10
65.06868255876185
 20
7.271515840324703
 10
65.0922880102769
 20
7.226383909055825
  0
LWPOLYLINE
  5
D9
100
AcDbEntity
  8
hidden
  6
ByLayer
 62
  256
370
   -1
100
AcDbPolyline
 90
    5
 70
    0
 43
0
 10
68.02267871367224
 20
7.336701156198327
 10
68.03764897031158
 20
7.334786435485926
 10
68.06761444836087
 20
7.316927664187634
 10
68.09262573326045
 20
7.278661833943469
 10
68.10275081783644
 20
7.250759655447267
  0
LINE
  5
DA
100
AcDbEntity
  8
hidden
  6
ByLayer
 62
  256
370
   -1
100
AcDbLine
 10
72
 20
6.831497382465681
 11
61
 21
6.831497382465681
  0
LWPOLYLINE
  5
DB
100
AcDbEntity
  8
hidden
  6
ByLayer
 62
  256
370
   -1
100
AcDbPolyline
 90
    5
 70
    0
 43
0
 10
65.59228519469637
 20
6.721180379315916
 10
65.50062377218707
 20
6.726384842309121
 10
65.42796407102736
 20
6.742140996715628
 10
65.36565144609469
 20
6.771250120070402
 10
65.30446979812871
 20
6.831497382465681
  0
LINE
  5
DC
100
AcDbEntity
  8
hidden
  6
ByLayer
 62
  256
370
   -1
100
AcDbLine
 10
72
 20
38.16850261753433
 11
61
 21
38.16850261753433
  0
LWPOLYLINE
  5
DD
100
AcDbEntity
  8
hidden
  6
ByLayer
 62
  256
370
   -1
100
AcDbPolyline
 90
   12
 70
    0
 43
0
 10
66.38640681534304
 20
19.21107577883025
 10
66.23983064481207
 20
19.19755003751359
 10
65.97966128962413
 20
19.14664538029805
 10
65.74171391982463
 20
19.06779634653295
 10
65.51833840868387
 20
18.96143621033452
 10
65.3204653601537
 20
18.83425452919699
 10
65.15018713172789
 20
18.68900432911185
 10
65.01855275992477
 20
18.53652835704493
 10
64.96681984042009
 20
18.45706495854611
 10
64.92667373988309
 20
18.37820029644001
 10
64.88400670863381
 20
18.23492948262429
 10
64.87900000042086
 20
18.16989145007793
  0
LINE
  5
DE
100
AcDbEntity
  8
hidden
  6
ByLayer
 62
  256
370
   -1
100
AcDbLine
 10
66.5
 20
19.21424936679895
 11
66.38640681534304
 21
19.21107577883025
  0
LWPOLYLINE
  5
DF
100
AcDbEntity
  8
hidden
  6
ByLayer
 62
  256
370
   -1
100
AcDbPolyline
 90
    6
 70
    0
 43
0
 10
67.69553020187129
 20
6.831497382465681
 10
67.65276539776266
 20
6.784775498138847
 10
67.5987129125824
 20
6.752150829706167
 10
67.53541633783293
 20
6.732443390140118
 10
67.46412459002775
 20
6.722958984818836
 10
67.40534387883035
 20
6.721184836466197
  0
LWPOLYLINE
  5
E0
100
AcDbEntity
  8
hidden
  6
ByLayer
 62
  256
370
   -1
100
AcDbPolyline
 90
    4
 70
    0
 43
0
 10
65.30446979812871
 20
6.831497382465681
 10
65.21361053829472
 20
6.978567307949197
 10
65.13254147900749
 20
7.135825107541912
 10
65.0922880102769
 20
7.226383909055823
  0
LWPOLYLINE
  5
E1
100
AcDbEntity
  8
hidden
  6
ByLayer
 62
  256
370
   -1
100
AcDbPolyline
 90
    5
 70
    0
 43
0
 10
64.89724918216356
 20
7.250759655447267
 10
64.91570396561673
 20
7.294974762419224
 10
64.94062210526729
 20
7.324086105555756
 10
64.96918860254235
 20
7.336149972748929
 10
64.97729568766773
 20
7.336701162029774
  0
LWPOLYLINE
  5
E2
100
AcDbEntity
  8
hidden
  6
ByLayer
 62
  256
370
   -1
100
AcDbPolyline
 90
    3
 70
    0
 43
0
 10
64.89724918216356
 20
7.250759655447267
 10
64.87900239085947
 20
7.129441317246116
 10
64.87900000007406
 20
7.128056830196108
  0
LWPOLYLINE
  5
E3
100
AcDbEntity
  8
hidden
  6
ByLayer
 62
  256
370
   -1
100
AcDbPolyline
 90
    6
 70
    0
 43
0
 10
64.99881635418245
 20
6.7214418447669
 10
64.99598877367335
 20
6.729306875206333
 10
64.96235102968839
 20
6.821681529935708
 10
64.93238555163911
 20
6.904343198544273
 10
64.90737426673955
 20
6.97669449505293
 10
64.89724915562725
 20
7.008209094944403
  0
LWPOLYLINE
  5
E4
100
AcDbEntity
  8
hidden
  6
ByLayer
 62
  256
370
   -1
100
AcDbPolyline
 90
    5
 70
    0
 43
0
 10
68.10275084437275
 20
7.008209094944403
 10
68.08429607299287
 20
6.951977680675782
 10
68.05937794465378
 20
6.881388173654068
 10
68.03081145614817
 20
6.802992121507476
 10
68.00116647520939
 20
6.721394006492559
  0
LWPOLYLINE
  5
E5
100
AcDbEntity
  8
hidden
  6
ByLayer
 62
  256
370
   -1
100
AcDbPolyline
 90
    3
 70
    0
 43
0
 10
68.10275084437275
 20
7.008209094944405
 10
68.12099760944514
 20
7.12665731524331
 10
68.12099999992596
 20
7.128041335944616
  0
LWPOLYLINE
  5
E6
100
AcDbEntity
  8
hidden
  6
ByLayer
 62
  256
370
   -1
100
AcDbPolyline
 90
    5
 70
    0
 43
0
 10
67.9077119897231
 20
7.226383909055825
 10
67.93626872179645
 20
7.278849135761801
 10
67.96999979852028
 20
7.315561292180154
 10
68.00401122632664
 20
7.333948282226586
 10
68.02267871367224
 20
7.336701156198327
  0
LWPOLYLINE
  5
E7
100
AcDbEntity
  8
hidden
  6
ByLayer
 62
  256
370
   -1
100
AcDbPolyline
 90
    4
 70
    0
 43
0
 10
67.9077119897231
 20
7.226383909055825
 10
67.8323052079394
 20
7.064020021538582
 10
67.74675877905541
 20
6.911193661382367
 10
67.69553020187129
 20
6.831497382465681
  0
LINE
  5
E8
100
AcDbEntity
  8
hidden
  6
ByLayer
 62
  256
370
   -1
100
AcDbLine
 10
68.121
 20
7.12806546550323
 11
68.121
 21
18.17132125730502
  0
LINE
  5
E9
100
AcDbEntity
  8
hidden
  6
ByLayer
 62
  256
370
   -1
100
AcDbLine
 10
64.879
 20
18.17150219878776
 11
64.879
 21
7.128065466535375
  0
LWPOLYLINE
  5
EA
100
AcDbEntity
  8
hidden
  6
ByLayer
 62
  256
370
   -1
100
AcDbPolyline
 90
    3
 70
    0
 43
0
 10
68.11631892283295
 20
18.10963449128718
 10
68.11696854589516
 20
18.11387717195508
 10
68.12099999918271
 20
18.16984722571243
  0
LWPOLYLINE
  5
EB
100
AcDbEntity
  8
hidden
  6
ByLayer
 62
  256
370
   -1
100
AcDbPolyline
 90
    8
 70
    0
 43
0
 10
67.48452274477721
 20
17.67206909186709
 10
67.48568789190141
 20
17.67230915736767
 10
67.68338692220244
 20
17.72358862103861
 10
67.85165499782462
 20
17.79237651217039
 10
67.98561524004887
 20
17.88218757920093
 10
68.0729654286648
 20
17.98733524473903
 10
68.10096022506788
 20
18.04846332766353
 10
68.11631892283295
 20
18.10963449128718
  0
LWPOLYLINE
  5
EC
100
AcDbEntity
  8
hidden
  6
ByLayer
 62
  256
370
   -1
100
AcDbPolyline
 90
    3
 70
    0
 43
0
 10
67.06508102408564
 20
17.6149618730826
 10
67.26695586197856
 20
17.63620751222629
 10
67.48452274477721
 20
17.67206909186709
  0
LWPOLYLINE
  5
ED
100
AcDbEntity
  8
hidden
  6
ByLayer
 62
  256
370
   -1
100
AcDbPolyline
 90
    8
 70
    0
 43
0
 10
65.92181809240593
 20
17.61606917353497
 10
65.97430837805912
 20
17.61183208854323
 10
66.11003290411753
 20
17.60315434186455
 10
66.24900493558495
 20
17.59726102851984
 10
66.51159182188582
 20
17.59325778923406
 10
66.78189680207484
 20
17.5983307132075
 10
67.02834613674375
 20
17.61203382623017
 10
67.06508102408564
 20
17.6149618730826
  0
LWPOLYLINE
  5
EE
100
AcDbEntity
  8
hidden
  6
ByLayer
 62
  256
370
   -1
100
AcDbPolyline
 90
    3
 70
    0
 43
0
 10
65.5189283522722
 20
17.67136155715173
 10
65.72434893793199
 20
17.63734757407633
 10
65.92181809240593
 20
17.61606917353497
  0
LWPOLYLINE
  5
EF
100
AcDbEntity
  8
hidden
  6
ByLayer
 62
  256
370
   -1
100
AcDbPolyline
 90
    8
 70
    0
 43
0
 10
64.88359165888602
 20
18.11019931926916
 10
64.88574780320913
 20
18.09788767636376
 10
64.92933494260447
 20
17.98340104114008
 10
65.01488362175014
 20
17.88174623261686
 10
65.1369462683511
 20
17.79838430768137
 10
65.29765679079547
 20
17.7298758215484
 10
65.49364297770255
 20
17.67666982672362
 10
65.5189283522722
 20
17.67136155715173
  0
LINE
  5
F0
100
AcDbEntity
  8
hidden
  6
ByLayer
 62
  256
370
   -1
100
AcDbLine
 10
64.87900000042086
 20
18.16989145007793
 11
64.88359165888602
 21
18.11019931926916
  0
LINE
  5
F1
100
AcDbEntity
  8
hidden
  6
ByLayer
 62
  256
370
   -1
100
AcDbLine
 10
66.61153452471626
 20
19.21118984605409
 11
66.5
 21
19.21424936679895
  0
LWPOLYLINE
  5
F2
100
AcDbEntity
  8
hidden
  6
ByLayer
 62
  256
370
   -1
100
AcDbPolyline
 90
   12
 70
    0
 43
0
 10
68.12099999918271
 20
18.16984722571243
 10
68.11437915546779
 20
18.24490796190823
 10
68.06819599427708
 20
18.38966595388937
 10
67.98405145310228
 20
18.53290630532397
 10
67.85972305458405
 20
18.67909873547431
 10
67.69899237018248
 20
18.81964060767391
 10
67.50127391465753
 20
18.95037003607521
 10
67.27350073139991
 20
19.06161189723972
 10
67.14683397573884
 20
19.10878959618021
 10
67.01497270639659
 20
19.14805509248433
 10
66.7649598700004
 20
19.19692692311463
 10
66.61153452471626
 20
19.21118984605409
  0
LINE
  5
F3
100
AcDbEntity
  8
hidden
  6
ByLayer
 62
  256
370
   -1
100
AcDbLine
 10
64.87900000007406
 20
7.128056830196108
 11
64.89724915562725
 21
7.008209094944398
  0
LINE
  5
F4
100
AcDbEntity
  8
hidden
  6
ByLayer
 62
  256
370
   -1
100
AcDbLine
 10
68.12099999992596
 20
7.128041335944616
 11
68.10275081783644
 21
7.250759655447276
  0
LINE
  5
F5
100
AcDbEntity
  8
hidden
  6
ByLayer
 62
  256
370
   -1
100
AcDbLine
 10
72
 20
34.73065265875507
 11
61
 21
34.73065265875507
  0
LINE
  5
F6
100
AcDbEntity
  8
hidden
  6
ByLayer
 62
  256
370
   -1
100
AcDbLine
 10
72
 20
34.87846440873977
 11
61
 21
34.87846440873977
  0
LINE
  5
F7
100
AcDbEntity
  8
hidden
  6
ByLayer
 62
  256
370
   -1
100
AcDbLine
 10
61
 20
34.69386515743449
 11
72
 21
34.69386515743449
  0
LINE
  5
F8
100
AcDbEntity
  8
hidden
  6
ByLayer
 62
  256
370
   -1
100
AcDbLine
 10
72
 20
10.26934734124494
 11
61
 21
10.26934734124494
  0
LINE
  5
F9
100
AcDbEntity
  8
hidden
  6
ByLayer
 62
  256
370
   -1
100
AcDbLine
 10
72
 20
10.12153572422156
 11
61
 21
10.12153572422156
  0
LINE
  5
FA
100
AcDbEntity
  8
hidden
  6
ByLayer
 62
  256
370
   -1
100
AcDbLine
 10
72
 20
10.30613484256554
 11
61
 21
10.30613484256554
  0
LINE
  5
FB
100
AcDbEntity
  8
hidden
  6
ByLayer
 62
  256
370
   -1
100
AcDbLine
 10
72
 20
10.03387890519665
 11
61
 21
10.03387890519665
  0
LINE
  5
FC
100
AcDbEntity
  8
hidden
  6
ByLayer
 62
  256
370
   -1
100
AcDbLine
 10
72
 20
34.96612109480336
 11
61
 21
34.96612109480336
  0
LINE
  5
FD
100
AcDbEntity
  8
hidden
  6
ByLayer
 62
  256
370
   -1
100
AcDbLine
 10
58.55688888329324
 20
7.5
 11
59.39999999999998
 21
7.5
  0
LINE
  5
FE
100
AcDbEntity
  8
hidden
  6
ByLayer
 62
  256
370
   -1
100
AcDbLine
 10
59.39999999999998
 20
37.5
 11
58.55688888329324
 21
37.5
  0
LINE
  5
FF
100
AcDbEntity
  8
hidden
  6
ByLayer
 62
  256
370
   -1
100
AcDbLine
 10
73.60000000000002
 20
7.5
 11
74.44311111670676
 21
7.5
  0
LINE
  5
100
100
AcDbEntity
  8
hidden
  6
ByLayer
 62
  256
370
   -1
100
AcDbLine
 10
74.44311111670676
 20
37.5
 11
73.60000000000002
 21
37.5
  0
LINE
  5
101
100
AcDbEntity
  8
hidden
  6
ByLayer
 62
  256
370
   -1
100
AcDbLine
 10
72
 20
30.85419045998098
 11
61
 21
30.85419045998098
  0
LINE
  5
102
100
AcDbEntity
  8
hidden
  6
ByLayer
 62
  256
370
   -1
100
AcDbLine
 10
61
 20
30.85186922581694
 11
72
 21
30.85186922581694
  0
LINE
  5
103
100
AcDbEntity
  8
hidden
  6
ByLayer
 62
  256
370
   -1
100
AcDbLine
 10
72
 20
14.14580954001904
 11
61
 21
14.14580954001904
  0
LINE
  5
104
100
AcDbEntity
  8
hidden
  6
ByLayer
 62
  256
370
   -1
100
AcDbLine
 10
72
 20
14.14813077418307
 11
61
 21
14.14813077418307
  0
LINE
  5
105
100
AcDbEntity
  8
hidden
  6
ByLayer
 62
  256
370
   -1
100
AcDbLine
 10
72
 20
14.08580597929929
 11
61
 21
14.08580597929929
  0
LINE
  5
106
100
AcDbEntity
  8
hidden
  6
ByLayer
 62
  256
370
   -1
100
AcDbLine
 10
72
 20
30.91419402070072
 11
61
 21
30.91419402070072
  0
LINE
  5
107
100
AcDbEntity
  8
hidden
  6
ByLayer
 62
  256
370
   -1
100
AcDbLine
 10
73.59999999999999
 20
3.560643996139902
 11
74.44311111670676
 21
0.4141104721641078
  0
LINE
  5
108
100
AcDbEntity
  8
hidden
  6
ByLayer
 62
  256
370
   -1
100
AcDbLine
 10
74.44311111670676
 20
44.58588952783589
 11
73.59999999999999
 21
41.4393560038601
  0
LINE
  5
109
100
AcDbEntity
  8
hidden
  6
ByLayer
 62
  256
370
   -1
100
AcDbLine
 10
73.59999999999999
 20
41.4393560038601
 11
73.59999999999999
 21
3.560643996139902
  0
LINE
  5
10A
100
AcDbEntity
  8
hidden
  6
ByLayer
 62
  256
370
   -1
100
AcDbLine
 10
59.4
 20
41.4393560038601
 11
58.55688888329324
 21
44.58588952783589
  0
LINE
  5
10B
100
AcDbEntity
  8
hidden
  6
ByLayer
 62
  256
370
   -1
100
AcDbLine
 10
58.55688888329324
 20
0.4141104721641078
 11
59.4
 21
3.560643996139902
  0
LINE
  5
10C
100
AcDbEntity
  8
hidden
  6
ByLayer
 62
  256
370
   -1
100
AcDbLine
 10
59.4
 20
41.4393560038601
 11
59.4
 21
3.560643996139902
  0
ARC
  5
10D
100
AcDbEntity
  8
AM_5
  6
DASHED
 62
  256
370
   -1
100
AcDbCircle
 10
66.49999999999999
 20
22.50000000000001
 40
1.999999999999995
100
AcDbArc
 50
74.99999999999959
 51
14.99999999999968
  0
LINE
  5
10E
100
AcDbEntity
  8
center
  6
ByLayer
 62
  256
370
   -1
100
AcDbLine
 10
57.7
 20
22.5
 11
75.3
 21
22.5
  0
LINE
  5
10F
100
AcDbEntity
  8
vis
  6
ByLayer
 62
  256
370
   -1
100
AcDbLine
 10
61
 20
3.42334854826716
 11
72
 21
3.42334854826716
  0
LINE
  5
110
100
AcDbEntity
  8
vis
  6
ByLayer
 62
  256
370
   -1
100
AcDbLine
 10
72
 20
41.57665145173285
 11
61
 21
41.57665145173285
  0
LINE
  5
111
100
AcDbEntity
  8
AM_4
  6
ByLayer
 62
  256
370
   -1
100
AcDbLine
 10
72.00000000000011
 20
41.57423813996374
 11
61
 21
41.57423813996373
  0
LINE
  5
112
100
AcDbEntity
  8
AM_4
  6
ByLayer
 62
  256
370
   -1
100
AcDbLine
 10
72
 20
3.42576185001705
 11
61
 21
3.42576185001705
  0
LINE
  5
113
100
AcDbEntity
  8
AM_4
  6
ByLayer
 62
  256
370
   -1
100
AcDbLine
 10
72
 20
41.36474355731509
 11
61
 21
41.36474355731509
  0
LINE
  5
114
100
AcDbEntity
  8
AM_4
  6
ByLayer
 62
  256
370
   -1
100
AcDbLine
 10
72.00000000000011
 20
3.635256485831782
 11
61
 21
3.635256485831782
  0
LINE
  5
115
100
AcDbEntity
  8
AM_4
  6
ByLayer
 62
  256
370
   -1
100
AcDbLine
 10
72
 20
40.86975537459498
 11
61
 21
40.86975537459498
  0
LINE
  5
116
100
AcDbEntity
  8
AM_4
  6
ByLayer
 62
  256
370
   -1
100
AcDbLine
 10
72
 20
4.130244625405005
 11
61
 21
4.130244625405005
  0
LINE
  5
117
100
AcDbEntity
  8
vis
  6
ByLayer
 62
  256
370
   -1
100
AcDbLine
 10
72
 20
40.52100113839639
 11
61
 21
40.52100113839639
  0
LINE
  5
118
100
AcDbEntity
  8
vis
  6
ByLayer
 62
  256
370
   -1
100
AcDbLine
 10
61
 20
4.478998861603511
 11
72
 21
4.478998861603511
  0
LINE
  5
119
100
AcDbEntity
  8
AM_4
  6
ByLayer
 62
  256
370
   -1
100
AcDbLine
 10
72.00000000000011
 20
40.48385496666579
 11
61
 21
40.48385496666579
  0
LINE
  5
11A
100
AcDbEntity
  8
AM_4
  6
ByLayer
 62
  256
370
   -1
100
AcDbLine
 10
72
 20
4.516145136494128
 11
61
 21
4.516145136494128
  0
LINE
  5
11B
100
AcDbEntity
  8
AM_4
  6
ByLayer
 62
  256
370
   -1
100
AcDbLine
 10
72
 20
39.26319368647275
 11
61
 21
39.26319368647275
  0
LINE
  5
11C
100
AcDbEntity
  8
AM_4
  6
ByLayer
 62
  256
370
   -1
100
AcDbLine
 10
72
 20
39.86964790337565
 11
61
 21
39.86964790337565
  0
LINE
  5
11D
100
AcDbEntity
  8
AM_4
  6
ByLayer
 62
  256
370
   -1
100
AcDbLine
 10
65.30446979812869
 20
5.736806313527239
 11
61
 21
5.736806313527239
  0
LINE
  5
11E
100
AcDbEntity
  8
AM_4
  6
ByLayer
 62
  256
370
   -1
100
AcDbLine
 10
72.00000000000011
 20
5.130352202274924
 11
61
 21
5.130352202274928
  0
LINE
  5
11F
100
AcDbEntity
  8
AM_4
  6
ByLayer
 62
  256
370
   -1
100
AcDbLine
 10
72
 20
5.736806313527239
 11
67.69553020187131
 21
5.736806313527239
  0
LINE
  5
120
100
AcDbEntity
  8
AM_4
  6
ByLayer
 62
  256
370
   -1
100
AcDbLine
 10
72
 20
38.57734984909412
 11
61
 21
38.57734984909412
  0
LINE
  5
121
100
AcDbEntity
  8
AM_4
  6
ByLayer
 62
  256
370
   -1
100
AcDbLine
 10
65.09228801027689
 20
6.422650150905891
 11
61
 21
6.422650150905891
  0
LINE
  5
122
100
AcDbEntity
  8
AM_4
  6
ByLayer
 62
  256
370
   -1
100
AcDbLine
 10
72
 20
6.422650150905891
 11
67.90771198972311
 21
6.422650150905891
  0
LINE
  5
123
100
AcDbEntity
  8
vis
  6
ByLayer
 62
  256
370
   -1
100
AcDbLine
 10
61
 20
6.721180129481896
 11
65.59269421198225
 21
6.721180129481896
  0
LINE
  5
124
100
AcDbEntity
  8
vis
  6
ByLayer
 62
  256
370
   -1
100
AcDbLine
 10
67.40348314089506
 20
6.721180129481896
 11
72
 21
6.721180129481896
  0
LWPOLYLINE
  5
125
100
AcDbEntity
  8
vis
  6
ByLayer
 62
  256
370
   -1
100
AcDbPolyline
 90
   12
 70
    0
 43
0
 10
67.40534387883035
 20
6.721184836466197
 10
67.33387478469734
 20
6.723469580989503
 10
67.19116843004491
 20
6.736132360034693
 10
66.96353163288417
 20
6.76183472914305
 10
66.72447838030696
 20
6.783089164823343
 10
66.47293588018721
 20
6.789704960109281
 10
66.2220503825227
 20
6.779448227850747
 10
66.04471577928629
 20
6.762639069214153
 10
65.87287549716415
 20
6.742971119109953
 10
65.71106065411321
 20
6.726678325981325
 10
65.60104047370918
 20
6.721207378940463
 10
65.59228519469637
 20
6.721180379315916
  0
LINE
  5
126
100
AcDbEntity
  8
vis
  6
ByLayer
 62
  256
370
   -1
100
AcDbLine
 10
72
 20
38.27881987051803
 11
61
 21
38.27881987051803
  0
LWPOLYLINE
  5
127
100
AcDbEntity
  8
vis
  6
ByLayer
 62
  256
370
   -1
100
AcDbPolyline
 90
    4
 70
    0
 43
0
 10
65.09228801027689
 20
6.422650150905891
 10
65.06373127820353
 20
6.527335224520531
 10
65.03000020147971
 20
6.632376403332101
 10
64.99881635418245
 20
6.7214418447669
  0
LWPOLYLINE
  5
128
100
AcDbEntity
  8
vis
  6
ByLayer
 62
  256
370
   -1
100
AcDbPolyline
 90
    4
 70
    0
 43
0
 10
65.09228801027689
 20
6.422650150905891
 10
65.16769479206057
 20
6.140654528953167
 10
65.25324122094456
 20
5.875223803303367
 10
65.30446979812869
 20
5.736806313527239
  0
LWPOLYLINE
  5
129
100
AcDbEntity
  8
vis
  6
ByLayer
 62
  256
370
   -1
100
AcDbPolyline
 90
   19
 70
    0
 43
0
 10
65.30446979812869
 20
5.736806313527239
 10
65.34723460223734
 20
5.645167212708902
 10
65.40128708741761
 20
5.560315717064871
 10
65.4645836621671
 20
5.485262362056627
 10
65.53587540997229
 20
5.419845492100809
 10
65.66612521530273
 20
5.333529194871307
 10
65.8088315699552
 20
5.269869354530847
 10
66.03646836711599
 20
5.208687222213378
 10
66.27552161969324
 20
5.177707447980112
 10
66.52706411981302
 20
5.169050714892382
 10
66.77794961747757
 20
5.182455738781421
 10
66.95528422071396
 20
5.207142640598899
 10
67.12712450283611
 20
5.248459054759049
 10
67.28893934588703
 20
5.310621932855963
 10
67.39895952629102
 20
5.372386730461759
 10
67.49937622781309
 20
5.450105815104678
 10
67.57203592897277
 20
5.52630764896205
 10
67.63434855390541
 20
5.613280190299978
 10
67.69553020187131
 20
5.736806313527239
  0
LWPOLYLINE
  5
12A
100
AcDbEntity
  8
vis
  6
ByLayer
 62
  256
370
   -1
100
AcDbPolyline
 90
    4
 70
    0
 43
0
 10
67.69553020187131
 20
5.736806313527239
 10
67.78638946170531
 20
5.992239191745689
 10
67.86745852099253
 20
6.265366496598844
 10
67.90771198972311
 20
6.422650150905891
  0
LWPOLYLINE
  5
12B
100
AcDbEntity
  8
vis
  6
ByLayer
 62
  256
370
   -1
100
AcDbPolyline
 90
    5
 70
    0
 43
0
 10
68.00116647520939
 20
6.721394006492559
 10
67.99872060217116
 20
6.71456953753756
 10
67.96459362341012
 20
6.616327829775754
 10
67.93131750339363
 20
6.510614362734945
 10
67.90771198972311
 20
6.422650150905891
  0
LINE
  5
12C
100
AcDbEntity
  8
AM_4
  6
ByLayer
 62
  256
370
   -1
100
AcDbLine
 10
72
 20
6.832097900617237
 11
61
 21
6.832097900617237
  0
LINE
  5
12D
100
AcDbEntity
  8
AM_4
  6
ByLayer
 62
  256
370
   -1
100
AcDbLine
 10
72.00000000000011
 20
38.16790179711511
 11
61
 21
38.16790179711511
  0
LINE
  5
12E
100
AcDbEntity
  8
AM_4
  6
ByLayer
 62
  256
370
   -1
100
AcDbLine
 10
72
 20
35.86730384006781
 11
61
 21
35.86730384006781
  0
LINE
  5
12F
100
AcDbEntity
  8
AM_4
  6
ByLayer
 62
  256
370
   -1
100
AcDbLine
 10
72
 20
9.132696159932209
 11
61
 21
9.132696159932209
  0
LINE
  5
130
100
AcDbEntity
  8
AM_4
  6
ByLayer
 62
  256
370
   -1
100
AcDbLine
 10
72
 20
36.51424805110479
 11
61
 21
36.51424805110479
  0
LINE
  5
131
100
AcDbEntity
  8
AM_4
  6
ByLayer
 62
  256
370
   -1
100
AcDbLine
 10
72
 20
37.19083918462327
 11
61
 21
37.19083918462327
  0
LINE
  5
132
100
AcDbEntity
  8
AM_4
  6
ByLayer
 62
  256
370
   -1
100
AcDbLine
 10
72.00000000000011
 20
7.809160719432041
 11
61
 21
7.809160719432043
  0
LINE
  5
133
100
AcDbEntity
  8
AM_4
  6
ByLayer
 62
  256
370
   -1
100
AcDbLine
 10
72
 20
8.485751948895208
 11
61
 21
8.485751948895208
  0
LINE
  5
134
100
AcDbEntity
  8
AM_4
  6
ByLayer
 62
  256
370
   -1
100
AcDbLine
 10
72
 20
35.22148270341461
 11
61
 21
35.22148270341461
  0
LINE
  5
135
100
AcDbEntity
  8
AM_4
  6
ByLayer
 62
  256
370
   -1
100
AcDbLine
 10
72
 20
9.778517190823232
 11
61
 21
9.778517190823232
  0
LINE
  5
136
100
AcDbEntity
  8
vis
  6
ByLayer
 62
  256
370
   -1
100
AcDbLine
 10
61
 20
9.997091403876004
 11
72
 21
9.997091403876004
  0
LINE
  5
137
100
AcDbEntity
  8
vis
  6
ByLayer
 62
  256
370
   -1
100
AcDbLine
 10
72
 20
35.00290859612396
 11
61
 21
35.00290859612396
  0
LINE
  5
138
100
AcDbEntity
  8
vis
  6
ByLayer
 62
  256
370
   -1
100
AcDbLine
 10
58.5
 20
7.5
 11
58.55688888329324
 21
7.5
  0
LINE
  5
139
100
AcDbEntity
  8
vis
  6
ByLayer
 62
  256
370
   -1
100
AcDbLine
 10
58.55688888329324
 20
37.5
 11
58.5
 21
37.5
  0
LINE
  5
13A
100
AcDbEntity
  8
vis
  6
ByLayer
 62
  256
370
   -1
100
AcDbLine
 10
58.5
 20
37.5
 11
58.5
 21
7.5
  0
LINE
  5
13B
100
AcDbEntity
  8
vis
  6
ByLayer
 62
  256
370
   -1
100
AcDbLine
 10
74.44311111670676
 20
7.5
 11
74.5
 21
7.5
  0
LINE
  5
13C
100
AcDbEntity
  8
vis
  6
ByLayer
 62
  256
370
   -1
100
AcDbLine
 10
74.5
 20
37.5
 11
74.44311111670676
 21
37.5
  0
LINE
  5
13D
100
AcDbEntity
  8
vis
  6
ByLayer
 62
  256
370
   -1
100
AcDbLine
 10
74.5
 20
37.5
 11
74.5
 21
7.5
  0
LINE
  5
13E
100
AcDbEntity
  8
AM_4
  6
ByLayer
 62
  256
370
   -1
100
AcDbLine
 10
72
 20
31.58422637950339
 11
61
 21
31.58422637950339
  0
LINE
  5
13F
100
AcDbEntity
  8
AM_4
  6
ByLayer
 62
  256
370
   -1
100
AcDbLine
 10
72
 20
13.41577348148459
 11
61
 21
13.41577348148459
  0
LINE
  5
140
100
AcDbEntity
  8
AM_4
  6
ByLayer
 62
  256
370
   -1
100
AcDbLine
 10
72
 20
10.21579258418792
 11
61
 21
10.21579258418792
  0
LINE
  5
141
100
AcDbEntity
  8
AM_4
  6
ByLayer
 62
  256
370
   -1
100
AcDbLine
 10
72.00000000000011
 20
34.78420700001843
 11
61
 21
34.78420700001843
  0
LINE
  5
142
100
AcDbEntity
  8
AM_4
  6
ByLayer
 62
  256
370
   -1
100
AcDbLine
 10
72
 20
32.24629816485494
 11
61
 21
32.24629816485494
  0
LINE
  5
143
100
AcDbEntity
  8
AM_4
  6
ByLayer
 62
  256
370
   -1
100
AcDbLine
 10
72
 20
12.75370183514507
 11
61
 21
12.75370183514507
  0
LINE
  5
144
100
AcDbEntity
  8
AM_4
  6
ByLayer
 62
  256
370
   -1
100
AcDbLine
 10
72
 20
32.81025457069396
 11
61
 21
32.81025457069396
  0
LINE
  5
145
100
AcDbEntity
  8
AM_4
  6
ByLayer
 62
  256
370
   -1
100
AcDbLine
 10
72
 20
33.51087422707788
 11
61
 21
33.51087422707788
  0
LINE
  5
146
100
AcDbEntity
  8
AM_4
  6
ByLayer
 62
  256
370
   -1
100
AcDbLine
 10
72.00000000000011
 20
11.48912564034678
 11
61
 21
11.48912564034679
  0
LINE
  5
147
100
AcDbEntity
  8
AM_4
  6
ByLayer
 62
  256
370
   -1
100
AcDbLine
 10
72
 20
12.18974542930604
 11
61
 21
12.18974542930604
  0
LINE
  5
148
100
AcDbEntity
  8
AM_4
  6
ByLayer
 62
  256
370
   -1
100
AcDbLine
 10
72
 20
31.1641164901008
 11
61
 21
31.1641164901008
  0
LINE
  5
149
100
AcDbEntity
  8
AM_4
  6
ByLayer
 62
  256
370
   -1
100
AcDbLine
 10
72
 20
13.83588366295446
 11
61
 21
13.83588366295446
  0
LINE
  5
14A
100
AcDbEntity
  8
AM_4
  6
ByLayer
 62
  256
370
   -1
100
AcDbLine
 10
72
 20
27.32789504730279
 11
61
 21
27.32789504730279
  0
LINE
  5
14B
100
AcDbEntity
  8
AM_4
  6
ByLayer
 62
  256
370
   -1
100
AcDbLine
 10
72
 20
17.67210479698863
 11
61
 21
17.67210479698863
  0
LINE
  5
14C
100
AcDbEntity
  8
vis
  6
ByLayer
 62
  256
370
   -1
100
AcDbLine
 10
61
 20
14.08348474513524
 11
72
 21
14.08348474513524
  0
LINE
  5
14D
100
AcDbEntity
  8
vis
  6
ByLayer
 62
  256
370
   -1
100
AcDbLine
 10
72
 20
30.91651525486476
 11
61
 21
30.91651525486476
  0
LINE
  5
14E
100
AcDbEntity
  8
AM_4
  6
ByLayer
 62
  256
370
   -1
100
AcDbLine
 10
72
 20
26.85932302394304
 11
61
 21
26.85932302394304
  0
LINE
  5
14F
100
AcDbEntity
  8
AM_4
  6
ByLayer
 62
  256
370
   -1
100
AcDbLine
 10
72
 20
18.14067681920385
 11
61
 21
18.14067681920385
  0
LINE
  5
150
100
AcDbEntity
  8
AM_4
  6
ByLayer
 62
  256
370
   -1
100
AcDbLine
 10
72
 20
27.96109837622647
 11
61
 21
27.96109837622647
  0
LINE
  5
151
100
AcDbEntity
  8
AM_4
  6
ByLayer
 62
  256
370
   -1
100
AcDbLine
 10
72
 20
17.03890162377355
 11
61
 21
17.03890162377355
  0
LINE
  5
152
100
AcDbEntity
  8
AM_4
  6
ByLayer
 62
  256
370
   -1
100
AcDbLine
 10
72
 20
14.4366357025336
 11
61
 21
14.4366357025336
  0
LINE
  5
153
100
AcDbEntity
  8
AM_4
  6
ByLayer
 62
  256
370
   -1
100
AcDbLine
 10
72.00000000000011
 20
30.56336380585466
 11
61
 21
30.56336380585466
  0
LINE
  5
154
100
AcDbEntity
  8
AM_4
  6
ByLayer
 62
  256
370
   -1
100
AcDbLine
 10
72
 20
28.40363427979164
 11
61
 21
28.40363427979164
  0
LINE
  5
155
100
AcDbEntity
  8
AM_4
  6
ByLayer
 62
  256
370
   -1
100
AcDbLine
 10
72
 20
29.08053638728716
 11
61
 21
29.08053638728716
  0
LINE
  5
156
100
AcDbEntity
  8
AM_4
  6
ByLayer
 62
  256
370
   -1
100
AcDbLine
 10
72.00000000000011
 20
15.91946347225156
 11
61
 21
15.91946347225156
  0
LINE
  5
157
100
AcDbEntity
  8
AM_4
  6
ByLayer
 62
  256
370
   -1
100
AcDbLine
 10
72
 20
16.59636572020838
 11
61
 21
16.59636572020838
  0
LINE
  5
158
100
AcDbEntity
  8
AM_4
  6
ByLayer
 62
  256
370
   -1
100
AcDbLine
 10
72
 20
22.25744952924716
 11
61
 21
22.25744952924716
  0
LINE
  5
159
100
AcDbEntity
  8
AM_4
  6
ByLayer
 62
  256
370
   -1
100
AcDbLine
 10
72
 20
22.74255064610231
 11
61
 21
22.74255064610231
  0
LINE
  5
15A
100
AcDbEntity
  8
AM_4
  6
ByLayer
 62
  256
370
   -1
100
AcDbLine
 10
72
 20
18.59159601268833
 11
61
 21
18.59159601268833
  0
LINE
  5
15B
100
AcDbEntity
  8
AM_4
  6
ByLayer
 62
  256
370
   -1
100
AcDbLine
 10
72
 20
26.40840398731168
 11
61
 21
26.40840398731168
  0
LINE
  5
15C
100
AcDbEntity
  8
AM_4
  6
ByLayer
 62
  256
370
   -1
100
AcDbLine
 10
72
 20
23.30373375814994
 11
61
 21
23.30373375814994
  0
LINE
  5
15D
100
AcDbEntity
  8
AM_4
  6
ByLayer
 62
  256
370
   -1
100
AcDbLine
 10
72
 20
21.69626624185008
 11
61
 21
21.69626624185008
  0
LINE
  5
15E
100
AcDbEntity
  8
AM_4
  6
ByLayer
 62
  256
370
   -1
100
AcDbLine
 10
72
 20
18.71114647079962
 11
61
 21
18.71114647079962
  0
LINE
  5
15F
100
AcDbEntity
  8
AM_4
  6
ByLayer
 62
  256
370
   -1
100
AcDbLine
 10
72
 20
26.2888535292004
 11
61
 21
26.2888535292004
  0
LINE
  5
160
100
AcDbEntity
  8
AM_4
  6
ByLayer
 62
  256
370
   -1
100
AcDbLine
 10
72
 20
19.20698417921385
 11
61
 21
19.20698417921385
  0
LINE
  5
161
100
AcDbEntity
  8
AM_4
  6
ByLayer
 62
  256
370
   -1
100
AcDbLine
 10
72.00000000000011
 20
25.79301569366061
 11
61
 21
25.79301569366061
  0
LINE
  5
162
100
AcDbEntity
  8
AM_4
  6
ByLayer
 62
  256
370
   -1
100
AcDbLine
 10
72
 20
23.59469106893844
 11
61
 21
23.59469106893844
  0
LINE
  5
163
100
AcDbEntity
  8
AM_4
  6
ByLayer
 62
  256
370
   -1
100
AcDbLine
 10
72
 20
24.20174586755338
 11
61
 21
24.20174586755338
  0
LINE
  5
164
100
AcDbEntity
  8
AM_4
  6
ByLayer
 62
  256
370
   -1
100
AcDbLine
 10
72.00000000000011
 20
20.79825398346901
 11
61
 21
20.79825398346901
  0
LINE
  5
165
100
AcDbEntity
  8
AM_4
  6
ByLayer
 62
  256
370
   -1
100
AcDbLine
 10
72
 20
21.40530893106157
 11
61
 21
21.40530893106157
  0
LINE
  5
166
100
AcDbEntity
  8
vis
  6
ByLayer
 62
  256
370
   -1
100
AcDbLine
 10
72.00000000000011
 20
41.65
 11
72.00000000000011
 21
3.350000000000001
  0
LINE
  5
167
100
AcDbEntity
  8
vis
  6
ByLayer
 62
  256
370
   -1
100
AcDbLine
 10
72.00000000000011
 20
3.350000000000001
 11
72.89762979464429
 21
-1.07e-14
  0
LINE
  5
168
100
AcDbEntity
  8
vis
  6
ByLayer
 62
  256
370
   -1
100
AcDbLine
 10
72.89762979464429
 20
45.00000000000001
 11
72.00000000000011
 21
41.65
  0
LINE
  5
169
100
AcDbEntity
  8
vis
  6
ByLayer
 62
  256
370
   -1
100
AcDbLine
 10
74.44311111670676
 20
44.58588952783589
 11
72.89762979464429
 21
45.00000000000001
  0
LINE
  5
16A
100
AcDbEntity
  8
vis
  6
ByLayer
 62
  256
370
   -1
100
AcDbLine
 10
72.89762979464429
 20
-1.07e-14
 11
74.44311111670676
 21
0.4141104721641078
  0
LINE
  5
16B
100
AcDbEntity
  8
vis
  6
ByLayer
 62
  256
370
   -1
100
AcDbLine
 10
74.44311111670676
 20
44.58588952783589
 11
74.44311111670676
 21
0.4141104721641078
  0
LINE
  5
16C
100
AcDbEntity
  8
vis
  6
ByLayer
 62
  256
370
   -1
100
AcDbLine
 10
72.89762979464429
 20
45.00000000000001
 11
72.89762979464429
 21
-1.07e-14
  0
LINE
  5
16D
100
AcDbEntity
  8
vis
  6
ByLayer
 62
  256
370
   -1
100
AcDbLine
 10
58.55688888329324
 20
0.4141104721641078
 11
60.10237020535573
 21
-1.78e-14
  0
LINE
  5
16E
100
AcDbEntity
  8
vis
  6
ByLayer
 62
  256
370
   -1
100
AcDbLine
 10
60.10237020535573
 20
45.00000000000001
 11
58.55688888329324
 21
44.58588952783589
  0
LINE
  5
16F
100
AcDbEntity
  8
vis
  6
ByLayer
 62
  256
370
   -1
100
AcDbLine
 10
58.55688888329324
 20
44.58588952783589
 11
58.55688888329324
 21
0.4141104721641078
  0
LINE
  5
170
100
AcDbEntity
  8
vis
  6
ByLayer
 62
  256
370
   -1
100
AcDbLine
 10
60.99999999999987
 20
41.65
 11
60.99999999999987
 21
3.350000000000001
  0
LINE
  5
171
100
AcDbEntity
  8
vis
  6
ByLayer
 62
  256
370
   -1
100
AcDbLine
 10
60.99999999999987
 20
41.65
 11
60.10237020535573
 21
45.00000000000001
  0
LINE
  5
172
100
AcDbEntity
  8
vis
  6
ByLayer
 62
  256
370
   -1
100
AcDbLine
 10
60.10237020535573
 20
-1.78e-14
 11
60.99999999999987
 21
3.350000000000001
  0
LINE
  5
173
100
AcDbEntity
  8
vis
  6
ByLayer
 62
  256
370
   -1
100
AcDbLine
 10
60.10237020535573
 20
45.00000000000001
 11
60.10237020535573
 21
-1.78e-14
  0
ENDBLK
  5
5C
330
5A
100
AcDbEntity
  8
0
100
AcDbBlockEnd
  0
BLOCK
  5
5E
330
5D
100
AcDbEntity
  8
0
100
AcDbBlockBegin
  2
4_SET_SCREW4_3_1_0_in_MTP24XL037_A_C10_900
 70
    0
 10
0
 20
0
  3
4_SET_SCREW4_3_1_0_in_MTP24XL037_A_C10_900
  1

  0
LINE
  5
174
100
AcDbEntity
  8
hidden
  6
ByLayer
 62
  256
370
   -1
100
AcDbLine
 10
17.37083487540115
 20
81.38397459621557
 11
16.07179676972449
 21
80.63397459621557
  0
LINE
  5
175
100
AcDbEntity
  8
hidden
  6
ByLayer
 62
  256
370
   -1
100
AcDbLine
 10
16.37083487540115
 20
83.11602540378443
 11
15.07179676972449
 21
82.36602540378443
  0
LINE
  5
176
100
AcDbEntity
  8
hidden
  6
ByLayer
 62
  256
370
   -1
100
AcDbLine
 10
17.37083487540115
 20
81.38397459621557
 11
16.37083487540115
 21
83.11602540378443
  0
LINE
  5
177
100
AcDbEntity
  8
hidden
  6
ByLayer
 62
  256
370
   -1
100
AcDbLine
 10
17.37083487540115
 20
82.53867513459481
 11
16.37083487540115
 21
83.11602540378443
  0
LINE
  5
178
100
AcDbEntity
  8
hidden
  6
ByLayer
 62
  256
370
   -1
100
AcDbLine
 10
17.37083487540115
 20
81.38397459621557
 11
17.37083487540115
 21
82.53867513459481
  0
LINE
  5
179
100
AcDbEntity
  8
hidden
  6
ByLayer
 62
  256
370
   -1
100
AcDbLine
 10
16.87083487540115
 20
82.25
 11
15.57179676972449
 21
81.5
  0
LINE
  5
17A
100
AcDbEntity
  8
hidden
  6
ByLayer
 62
  256
370
   -1
100
AcDbLine
 10
16.94375468064991
 20
79.98269919243113
 11
18.52035392823948
 21
80.89294919243112
  0
LINE
  5
17B
100
AcDbEntity
  8
hidden
  6
ByLayer
 62
  256
370
   -1
100
AcDbLine
 10
16.52035392823948
 20
84.35705080756888
 11
14.94375468064991
 21
83.44680080756888
  0
LINE
  5
17C
100
AcDbEntity
  8
hidden
  6
ByLayer
 62
  256
370
   -1
100
AcDbLine
 10
17.54487298107781
 20
84.08253175473055
 11
16.52035392823948
 21
84.35705080756888
  0
LINE
  5
17D
100
AcDbEntity
  8
hidden
  6
ByLayer
 62
  256
370
   -1
100
AcDbLine
 10
18.52035392823948
 20
80.89294919243112
 11
18.79487298107781
 21
81.91746824526945
  0
LINE
  5
17E
100
AcDbEntity
  8
hidden
  6
ByLayer
 62
  256
370
   -1
100
AcDbLine
 10
17.54487298107781
 20
84.08253175473055
 11
18.79487298107781
 21
81.91746824526945
  0
LINE
  5
17F
100
AcDbEntity
  8
hidden
  6
ByLayer
 62
  256
370
   -1
100
AcDbLine
 10
16.52035392823948
 20
84.35705080756888
 11
18.52035392823948
 21
80.89294919243112
  0
LINE
  5
180
100
AcDbEntity
  8
hidden
  6
ByLayer
 62
  256
370
   -1
100
AcDbLine
 10
16.35704676972449
 20
80.13990710335653
 11
16.94375468064991
 21
79.98269919243113
  0
LINE
  5
181
100
AcDbEntity
  8
hidden
  6
ByLayer
 62
  256
370
   -1
100
AcDbLine
 10
14.94375468064991
 20
83.44680080756888
 11
14.78654676972449
 21
82.86009289664347
  0
LINE
  5
182
100
AcDbEntity
  8
hidden
  6
ByLayer
 62
  256
370
   -1
100
AcDbLine
 10
14.94375468064991
 20
83.44680080756888
 11
16.94375468064991
 21
79.98269919243113
  0
LINE
  5
183
100
AcDbEntity
  8
hidden
  6
ByLayer
 62
  256
370
   -1
100
AcDbLine
 10
14.78654676972449
 20
82.86009289664347
 11
16.35704676972449
 21
80.13990710335653
  0
LINE
  5
184
100
AcDbEntity
  8
AM_5
  6
DASHED
 62
  256
370
   -1
100
AcDbLine
 10
14.78654676972449
 20
82.86009289664347
 11
17.1070618391649
 21
84.19984289664346
  0
LINE
  5
185
100
AcDbEntity
  8
AM_5
  6
DASHED
 62
  256
370
   -1
100
AcDbLine
 10
16.35704676972449
 20
80.13990710335653
 11
18.67756183916489
 21
81.47965710335654
  0
LINE
  5
186
100
AcDbEntity
  8
AM_5
  6
DASHED
 62
  256
370
   -1
100
AcDbLine
 10
19.16987298107781
 20
81.26794919243112
 11
17.16987298107781
 21
84.73205080756888
  0
ENDBLK
  5
5F
330
5D
100
AcDbEntity
  8
0
100
AcDbBlockEnd
  0
BLOCK
  5
61
330
60
100
AcDbEntity
  8
0
100
AcDbBlockBegin
  2
5_SET_SCREW4_3_2_0_in_MTP24XL037_A_C10_900
 70
    0
 10
0
 20
0
  3
5_SET_SCREW4_3_2_0_in_MTP24XL037_A_C10_900
  1

  0
LINE
  5
187
100
AcDbEntity
  8
hidden
  6
ByLayer
 62
  256
370
   -1
100
AcDbLine
 10
21.5
 20
93.5
 11
21.5
 21
95
  0
LINE
  5
188
100
AcDbEntity
  8
hidden
  6
ByLayer
 62
  256
370
   -1
100
AcDbLine
 10
23.5
 20
93.5
 11
23.5
 21
95
  0
LINE
  5
189
100
AcDbEntity
  8
hidden
  6
ByLayer
 62
  256
370
   -1
100
AcDbLine
 10
21.5
 20
93.5
 11
23.5
 21
93.5
  0
LINE
  5
18A
100
AcDbEntity
  8
hidden
  6
ByLayer
 62
  256
370
   -1
100
AcDbLine
 10
22.5
 20
92.92264973081038
 11
23.5
 21
93.5
  0
LINE
  5
18B
100
AcDbEntity
  8
hidden
  6
ByLayer
 62
  256
370
   -1
100
AcDbLine
 10
21.5
 20
93.5
 11
22.5
 21
92.92264973081038
  0
LINE
  5
18C
100
AcDbEntity
  8
hidden
  6
ByLayer
 62
  256
370
   -1
100
AcDbLine
 10
22.5
 20
93.5
 11
22.5
 21
95
  0
LINE
  5
18D
100
AcDbEntity
  8
hidden
  6
ByLayer
 62
  256
370
   -1
100
AcDbLine
 10
20.5
 20
94.5705
 11
20.5
 21
92.75
  0
LINE
  5
18E
100
AcDbEntity
  8
hidden
  6
ByLayer
 62
  256
370
   -1
100
AcDbLine
 10
24.5
 20
92.75
 11
24.5
 21
94.5705
  0
LINE
  5
18F
100
AcDbEntity
  8
hidden
  6
ByLayer
 62
  256
370
   -1
100
AcDbLine
 10
20.9295
 20
95
 11
20.5
 21
94.5705
  0
LINE
  5
190
100
AcDbEntity
  8
hidden
  6
ByLayer
 62
  256
370
   -1
100
AcDbLine
 10
24.5
 20
94.5705
 11
24.0705
 21
95
  0
LINE
  5
191
100
AcDbEntity
  8
hidden
  6
ByLayer
 62
  256
370
   -1
100
AcDbLine
 10
24.5
 20
94.5705
 11
20.5
 21
94.5705
  0
LINE
  5
192
100
AcDbEntity
  8
hidden
  6
ByLayer
 62
  256
370
   -1
100
AcDbLine
 10
24.0705
 20
95
 11
20.9295
 21
95
  0
LINE
  5
193
100
AcDbEntity
  8
hidden
  6
ByLayer
 62
  256
370
   -1
100
AcDbLine
 10
23.75
 20
92
 11
24.5
 21
92.75
  0
LINE
  5
194
100
AcDbEntity
  8
hidden
  6
ByLayer
 62
  256
370
   -1
100
AcDbLine
 10
20.5
 20
92.75
 11
21.25
 21
92
  0
LINE
  5
195
100
AcDbEntity
  8
hidden
  6
ByLayer
 62
  256
370
   -1
100
AcDbLine
 10
24.5
 20
92.75
 11
20.5
 21
92.75
  0
LINE
  5
196
100
AcDbEntity
  8
AM_5
  6
DASHED
 62
  256
370
   -1
100
AcDbLine
 10
24.0705
 20
95
 11
24.0705
 21
92.3205
  0
LINE
  5
197
100
AcDbEntity
  8
AM_5
  6
DASHED
 62
  256
370
   -1
100
AcDbLine
 10
20.9295
 20
95
 11
20.9295
 21
92.3205
  0
LINE
  5
198
100
AcDbEntity
  8
AM_5
  6
DASHED
 62
  256
370
   -1
100
AcDbLine
 10
20.5
 20
92
 11
24.5
 21
92
  0
ENDBLK
  5
62
330
60
100
AcDbEntity
  8
0
100
AcDbBlockEnd
  0
BLOCK
  5
64
330
63
100
AcDbEntity
  8
0
100
AcDbBlockBegin
  2
6_MTP24XL037_A_C10_b_0_in_MTP24XL037_A_C10_900
 70
    0
 10
0
 20
0
  3
6_MTP24XL037_A_C10_b_0_in_MTP24XL037_A_C10_900
  1

  0
LINE
  5
199
100
AcDbEntity
  8
hidden
  6
ByLayer
 62
  256
370
   -1
100
AcDbLine
 10
20.879
 20
104.5766514517328
 11
20.879
 21
92
  0
LINE
  5
19A
100
AcDbEntity
  8
hidden
  6
ByLayer
 62
  256
370
   -1
100
AcDbLine
 10
24.121
 20
92
 11
24.121
 21
104.5766514517328
  0
LINE
  5
19B
100
AcDbEntity
  8
hidden
  6
ByLayer
 62
  256
370
   -1
100
AcDbLine
 10
6.789987144326753
 20
74.55805027609181
 11
19.21424936679895
 21
81.73120141471863
  0
LINE
  5
19C
100
AcDbEntity
  8
hidden
  6
ByLayer
 62
  256
370
   -1
100
AcDbLine
 10
17.5927941772198
 20
84.53859296996171
 11
5.168987144326856
 21
77.36570463516101
  0
ARC
  5
19D
100
AcDbEntity
  8
hidden
  6
ByLayer
 62
  256
370
   -1
100
AcDbCircle
 10
4.141714235502314
 20
85.75088600805751
 40
0.6100000000000273
100
AcDbArc
 50
359.2170710601735
 51
65.0000000000057
  0
ARC
  5
19E
100
AcDbEntity
  8
hidden
  6
ByLayer
 62
  256
370
   -1
100
AcDbCircle
 10
4.141714235502284
 20
85.24911399194239
 40
0.6099999999999804
100
AcDbArc
 50
294.9999999999997
 51
0.7829441381479132
  0
LINE
  5
19F
100
AcDbEntity
  8
hidden
  6
ByLayer
 62
  256
370
   -1
100
AcDbLine
 10
3.77555140860532
 20
84.40530893106155
 11
4.399511375164099
 21
84.69626624185005
  0
ARC
  5
1A0
100
AcDbEntity
  8
hidden
  6
ByLayer
 62
  256
370
   -1
100
AcDbCircle
 10
4.033348548267163
 20
83.85246118096919
 40
0.6100000000000179
100
AcDbArc
 50
115.0000000000009
 51
185.0982580239086
  0
LINE
  5
1A1
100
AcDbEntity
  8
hidden
  6
ByLayer
 62
  256
370
   -1
100
AcDbLine
 10
4.399511375164099
 20
86.30373375814992
 11
3.77555140860531
 21
86.59469106893843
  0
ARC
  5
1A2
100
AcDbEntity
  8
hidden
  6
ByLayer
 62
  256
370
   -1
100
AcDbCircle
 10
22.50000000004216
 20
85.49999999999987
 40
17.75000000004216
100
AcDbArc
 50
179.2170383018027
 51
180.7829611758884
  0
ARC
  5
1A3
100
AcDbEntity
  8
hidden
  6
ByLayer
 62
  256
370
   -1
100
AcDbCircle
 10
4.033348548267126
 20
87.14753881903079
 40
0.609999999999992
100
AcDbArc
 50
174.9017267561317
 51
245.0000000000008
  0
ARC
  5
1A4
100
AcDbEntity
  8
hidden
  6
ByLayer
 62
  256
370
   -1
100
AcDbCircle
 10
5.088998861603615
 20
91.87092139009421
 40
0.6100000000000219
100
AcDbArc
 50
159.9017241754749
 51
229.9999999999994
  0
ARC
  5
1A5
100
AcDbEntity
  8
hidden
  6
ByLayer
 62
  256
370
   -1
100
AcDbCircle
 10
4.236170013781817
 20
82.31187920013704
 40
0.6099999999999871
100
AcDbArc
 50
189.9017267561321
 51
260.0000000000013
  0
ARC
  5
1A6
100
AcDbEntity
  8
hidden
  6
ByLayer
 62
  256
370
   -1
100
AcDbCircle
 10
5.08899886160352
 20
79.1290786099057
 40
0.6100000000000083
100
AcDbArc
 50
129.9999999999882
 51
200.0982968115611
  0
ARC
  5
1A7
100
AcDbEntity
  8
hidden
  6
ByLayer
 62
  256
370
   -1
100
AcDbCircle
 10
4.236170013781869
 20
88.68812079986293
 40
0.6100000000000108
100
AcDbArc
 50
100.0000000000032
 51
170.0982580239097
  0
ARC
  5
1A8
100
AcDbEntity
  8
hidden
  6
ByLayer
 62
  256
370
   -1
100
AcDbCircle
 10
22.49999999998217
 20
85.50000000001748
 40
17.74999999997504
100
AcDbArc
 50
134.2170383017993
 51
135.7829612086613
  0
LINE
  5
1A9
100
AcDbEntity
  8
hidden
  6
ByLayer
 62
  256
370
   -1
100
AcDbLine
 10
6.831497382465681
 20
75.18974542930603
 11
7.226383909055825
 21
75.75370183514505
  0
LINE
  5
1AA
100
AcDbEntity
  8
hidden
  6
ByLayer
 62
  256
370
   -1
100
AcDbLine
 10
4.696898419694822
 20
79.59636572020837
 11
5.22429217262053
 21
80.03890162377353
  0
ARC
  5
1AB
100
AcDbEntity
  8
hidden
  6
ByLayer
 62
  256
370
   -1
100
AcDbCircle
 10
9.341328447360839
 20
98.30386515743449
 40
0.6100000000000292
100
AcDbArc
 50
250.000000000002
 51
315.7829431845815
  0
ARC
  5
1AC
100
AcDbEntity
  8
hidden
  6
ByLayer
 62
  256
370
   -1
100
AcDbCircle
 10
22.50000000006234
 20
85.49999999998326
 40
17.75000000006454
100
AcDbArc
 50
164.2170383018039
 51
165.7829611758877
  0
ARC
  5
1AD
100
AcDbEntity
  8
hidden
  6
ByLayer
 62
  256
370
   -1
100
AcDbCircle
 10
4.832191730711766
 20
90.49381126592384
 40
0.6100000000000289
100
AcDbArc
 50
344.2170710601696
 51
50.000000000005
  0
LINE
  5
1AE
100
AcDbEntity
  8
hidden
  6
ByLayer
 62
  256
370
   -1
100
AcDbLine
 10
5.224292172620522
 20
90.96109837622646
 11
4.696898419694804
 21
91.40363427979162
  0
ARC
  5
1AF
100
AcDbEntity
  8
hidden
  6
ByLayer
 62
  256
370
   -1
100
AcDbCircle
 10
6.475815153981965
 20
94.46186922581687
 40
0.6099999999999506
100
AcDbArc
 50
264.9999999999981
 51
330.78294413815
  0
ARC
  5
1B0
100
AcDbEntity
  8
hidden
  6
ByLayer
 62
  256
370
   -1
100
AcDbCircle
 10
4.702323576641664
 20
90.00913671664908
 40
0.6099999999999731
100
AcDbArc
 50
279.9999999999985
 51
345.7829441381479
  0
LINE
  5
1B1
100
AcDbEntity
  8
hidden
  6
ByLayer
 62
  256
370
   -1
100
AcDbLine
 10
7.226383909055809
 20
95.24629816485492
 11
6.83149738246566
 21
95.81025457069396
  0
ARC
  5
1B2
100
AcDbEntity
  8
hidden
  6
ByLayer
 62
  256
370
   -1
100
AcDbCircle
 10
22.50000000003777
 20
85.49999999997804
 40
17.75000000004368
100
AcDbArc
 50
149.2170383018028
 51
150.7829611758883
  0
ARC
  5
1B3
100
AcDbEntity
  8
hidden
  6
ByLayer
 62
  256
370
   -1
100
AcDbCircle
 10
5.68364131045116
 20
77.69348474513525
 40
0.6099999999999971
100
AcDbArc
 50
204.9017267561335
 51
275.0000000000007
  0
ARC
  5
1B4
100
AcDbEntity
  8
hidden
  6
ByLayer
 62
  256
370
   -1
100
AcDbCircle
 10
7.331180129481899
 20
74.83986380313178
 40
0.6100000000000102
100
AcDbArc
 50
144.9999999999876
 51
215.0982192362489
  0
LINE
  5
1B5
100
AcDbEntity
  8
hidden
  6
ByLayer
 62
  256
370
   -1
100
AcDbLine
 10
6.422650150905891
 20
77.14580954001902
 11
5.736806313527239
 21
77.08580597929928
  0
ARC
  5
1B6
100
AcDbEntity
  8
hidden
  6
ByLayer
 62
  256
370
   -1
100
AcDbCircle
 10
4.832191730711715
 20
80.5061887340761
 40
0.6100000000000179
100
AcDbArc
 50
310.0000000000017
 51
15.78294413814544
  0
ARC
  5
1B7
100
AcDbEntity
  8
hidden
  6
ByLayer
 62
  256
370
   -1
100
AcDbCircle
 10
9.341328447360954
 20
72.69613484256558
 40
0.6099999999999722
100
AcDbArc
 50
44.21707106016832
 51
110.0000000000098
  0
LINE
  5
1B8
100
AcDbEntity
  8
hidden
  6
ByLayer
 62
  256
370
   -1
100
AcDbLine
 10
10.26934734124492
 20
98.86730384006779
 11
10.03387890519662
 21
99.5142480511048
  0
LINE
  5
1B9
100
AcDbEntity
  8
hidden
  6
ByLayer
 62
  256
370
   -1
100
AcDbLine
 10
5.736806313527232
 20
93.91419402070071
 11
6.422650150905877
 21
93.85419045998096
  0
ARC
  5
1BA
100
AcDbEntity
  8
hidden
  6
ByLayer
 62
  256
370
   -1
100
AcDbCircle
 10
7.33118012948195
 20
96.16013619686811
 40
0.6100000000000051
100
AcDbArc
 50
144.9017241754741
 51
215.0000000000008
  0
ARC
  5
1BB
100
AcDbEntity
  8
hidden
  6
ByLayer
 62
  256
370
   -1
100
AcDbCircle
 10
5.683641310451045
 20
93.30651525486475
 40
0.6100000000000018
100
AcDbArc
 50
84.9999999999891
 51
155.0982192362503
  0
ARC
  5
1BC
100
AcDbEntity
  8
hidden
  6
ByLayer
 62
  256
370
   -1
100
AcDbCircle
 10
6.726701162039617
 20
94.89641653868073
 40
0.6099999999999641
100
AcDbArc
 50
329.2170710601666
 51
35.00000000000939
  0
ARC
  5
1BD
100
AcDbEntity
  8
hidden
  6
ByLayer
 62
  256
370
   -1
100
AcDbCircle
 10
4.702323576641713
 20
80.99086328335083
 40
0.6100000000000214
100
AcDbArc
 50
14.21707106017046
 51
80.00000000000628
  0
ARC
  5
1BE
100
AcDbEntity
  8
hidden
  6
ByLayer
 62
  256
370
   -1
100
AcDbCircle
 10
22.50000000003567
 20
85.50000000000934
 40
17.75000000003687
100
AcDbArc
 50
194.2170383018022
 51
195.7829611758883
  0
ARC
  5
1BF
100
AcDbEntity
  8
hidden
  6
ByLayer
 62
  256
370
   -1
100
AcDbCircle
 10
10.60709140387599
 20
71.27711966146643
 40
0.609999999999976
100
AcDbArc
 50
159.999999999988
 51
230.0982192362524
  0
LINE
  5
1C0
100
AcDbEntity
  8
hidden
  6
ByLayer
 62
  256
370
   -1
100
AcDbLine
 10
10.03387890519665
 20
71.4857519488952
 11
10.26934734124494
 21
72.13269615993219
  0
ARC
  5
1C1
100
AcDbEntity
  8
hidden
  6
ByLayer
 62
  256
370
   -1
100
AcDbCircle
 10
9.696134842565552
 20
72.34132844736084
 40
0.609999999999984
100
AcDbArc
 50
340.000000000001
 51
45.78294318458405
  0
LINE
  5
1C2
100
AcDbEntity
  8
hidden
  6
ByLayer
 62
  256
370
   -1
100
AcDbLine
 10
9.132696159932209
 20
73.26934734124492
 11
8.485751948895208
 21
73.03387890519663
  0
ARC
  5
1C3
100
AcDbEntity
  8
hidden
  6
ByLayer
 62
  256
370
   -1
100
AcDbCircle
 10
8.277119661466555
 20
73.60709140387605
 40
0.6100000000000163
100
AcDbArc
 50
219.9017279274146
 51
289.9999999999989
  0
ARC
  5
1C4
100
AcDbEntity
  8
hidden
  6
ByLayer
 62
  256
370
   -1
100
AcDbCircle
 10
22.49999999998291
 20
85.49999999998256
 40
17.74999999997558
100
AcDbArc
 50
224.2170383017993
 51
225.7829612086613
  0
ARC
  5
1C5
100
AcDbEntity
  8
hidden
  6
ByLayer
 62
  256
370
   -1
100
AcDbCircle
 10
10.60709140387606
 20
99.72288033853346
 40
0.6100000000000279
100
AcDbArc
 50
129.9017241754762
 51
199.9999999999987
  0
ARC
  5
1C6
100
AcDbEntity
  8
hidden
  6
ByLayer
 62
  256
370
   -1
100
AcDbCircle
 10
8.277119661466417
 20
97.39290859612403
 40
0.6099999999999661
100
AcDbArc
 50
69.99999999998708
 51
140.0982192362533
  0
LINE
  5
1C7
100
AcDbEntity
  8
hidden
  6
ByLayer
 62
  256
370
   -1
100
AcDbLine
 10
8.485751948895192
 20
97.96612109480336
 11
9.132696159932191
 21
97.73065265875505
  0
ARC
  5
1C8
100
AcDbEntity
  8
hidden
  6
ByLayer
 62
  256
370
   -1
100
AcDbCircle
 10
9.696134842565554
 20
98.65867155263906
 40
0.6099999999999922
100
AcDbArc
 50
314.217071060169
 51
20.00000000000726
  0
ARC
  5
1C9
100
AcDbEntity
  8
hidden
  6
ByLayer
 62
  256
370
   -1
100
AcDbCircle
 10
6.475815153981956
 20
76.5381307741831
 40
0.6099999999999528
100
AcDbArc
 50
29.2170393901751
 51
94.99999999999979
  0
ARC
  5
1CA
100
AcDbEntity
  8
hidden
  6
ByLayer
 62
  256
370
   -1
100
AcDbCircle
 10
22.49999999997652
 20
85.49999999998646
 40
17.74999999997289
100
AcDbArc
 50
209.2170393901771
 51
210.7829611758919
  0
ARC
  5
1CB
100
AcDbEntity
  8
hidden
  6
ByLayer
 62
  256
370
   -1
100
AcDbCircle
 10
6.726701162039567
 20
76.10358346131919
 40
0.6099999999999777
100
AcDbArc
 50
324.9999999999985
 51
30.78294413814782
  0
LINE
  5
1CC
100
AcDbEntity
  8
hidden
  6
ByLayer
 62
  256
370
   -1
100
AcDbLine
 10
4.130244625405005
 20
89.28885352920038
 11
4.808248965018471
 21
89.40840398731166
  0
LINE
  5
1CD
100
AcDbEntity
  8
hidden
  6
ByLayer
 62
  256
370
   -1
100
AcDbLine
 10
4.808248965018478
 20
81.59159601268831
 11
4.130244625405005
 21
81.7111464707996
  0
LINE
  5
1CE
100
AcDbEntity
  8
hidden
  6
ByLayer
 62
  256
370
   -1
100
AcDbLine
 10
12.18974542930601
 20
101.1685026175343
 11
12.75370183514505
 21
100.7736160909442
  0
ARC
  5
1CF
100
AcDbEntity
  8
hidden
  6
ByLayer
 62
  256
370
   -1
100
AcDbCircle
 10
13.53813077418303
 20
69.47581515398193
 40
0.6100000000000461
100
AcDbArc
 50
355.0000000000028
 51
60.78294413814316
  0
ARC
  5
1D0
100
AcDbEntity
  8
hidden
  6
ByLayer
 62
  256
370
   -1
100
AcDbCircle
 10
22.49999999993671
 20
85.49999999989065
 40
17.74999999987366
100
AcDbArc
 50
239.2170383017961
 51
240.7829611758966
  0
ARC
  5
1D1
100
AcDbEntity
  8
hidden
  6
ByLayer
 62
  256
370
   -1
100
AcDbCircle
 10
13.10358346131928
 20
69.7267011620396
 40
0.6099999999999759
100
AcDbArc
 50
59.21707106016783
 51
125.0000000000092
  0
ARC
  5
1D2
100
AcDbEntity
  8
hidden
  6
ByLayer
 62
  256
370
   -1
100
AcDbCircle
 10
11.8398638031319
 20
70.33118012948195
 40
0.6100000000000009
100
AcDbArc
 50
234.9017267561318
 51
305.0000000000003
  0
LINE
  5
1D3
100
AcDbEntity
  8
hidden
  6
ByLayer
 62
  256
370
   -1
100
AcDbLine
 10
14.08580597929929
 20
68.73680631352724
 11
14.14580954001904
 21
69.42265015090588
  0
LINE
  5
1D4
100
AcDbEntity
  8
hidden
  6
ByLayer
 62
  256
370
   -1
100
AcDbLine
 10
12.75370183514508
 20
70.22638390905581
 11
12.18974542930604
 21
69.83149738246567
  0
ARC
  5
1D5
100
AcDbEntity
  8
hidden
  6
ByLayer
 62
  256
370
   -1
100
AcDbCircle
 10
14.69348474513527
 20
68.68364131045105
 40
0.6100000000000176
100
AcDbArc
 50
174.9999999999892
 51
245.0982192362509
  0
ARC
  5
1D6
100
AcDbEntity
  8
hidden
  6
ByLayer
 62
  256
370
   -1
100
AcDbCircle
 10
13.10358346131919
 20
101.2732988379604
 40
0.6099999999999812
100
AcDbArc
 50
234.9999999999994
 51
300.7829441381475
  0
ARC
  5
1D7
100
AcDbEntity
  8
hidden
  6
ByLayer
 62
  256
370
   -1
100
AcDbCircle
 10
16.1290786099058
 20
68.08899886160359
 40
0.609999999999992
100
AcDbArc
 50
249.9017279274126
 51
320.0000000000003
  0
LINE
  5
1D8
100
AcDbEntity
  8
hidden
  6
ByLayer
 62
  256
370
   -1
100
AcDbLine
 10
16.59636572020835
 20
103.3031015803052
 11
17.03890162377352
 21
102.7757078273795
  0
ARC
  5
1D9
100
AcDbEntity
  8
hidden
  6
ByLayer
 62
  256
370
   -1
100
AcDbCircle
 10
17.50618873407608
 20
103.1678082692882
 40
0.6099999999999798
100
AcDbArc
 50
220.0000000000006
 51
285.7829441381486
  0
LINE
  5
1DA
100
AcDbEntity
  8
hidden
  6
ByLayer
 62
  256
370
   -1
100
AcDbLine
 10
18.71114647079962
 20
67.13024462540501
 11
18.59159601268833
 21
67.80824896501848
  0
ARC
  5
1DB
100
AcDbEntity
  8
hidden
  6
ByLayer
 62
  256
370
   -1
100
AcDbCircle
 10
22.50000000002485
 20
85.49999999995697
 40
17.75000000004969
100
AcDbArc
 50
119.2170393901805
 51
120.7829611758885
  0
ARC
  5
1DC
100
AcDbEntity
  8
hidden
  6
ByLayer
 62
  256
370
   -1
100
AcDbCircle
 10
11.83986380313178
 20
100.6688198705181
 40
0.6099999999999947
100
AcDbArc
 50
54.99999999998824
 51
125.0982192362503
  0
ARC
  5
1DD
100
AcDbEntity
  8
hidden
  6
ByLayer
 62
  256
370
   -1
100
AcDbCircle
 10
13.53813077418306
 20
101.5241848460181
 40
0.61
100
AcDbArc
 50
299.2170393901774
 51
4.999999999997625
  0
LINE
  5
1DE
100
AcDbEntity
  8
hidden
  6
ByLayer
 62
  256
370
   -1
100
AcDbLine
 10
14.14580954001902
 20
101.5773498490941
 11
14.08580597929927
 21
102.2631936864728
  0
ARC
  5
1DF
100
AcDbEntity
  8
hidden
  6
ByLayer
 62
  256
370
   -1
100
AcDbCircle
 10
14.69348474513522
 20
102.3163586895488
 40
0.6099999999999897
100
AcDbArc
 50
114.9017232372593
 51
185.0000000000017
  0
LINE
  5
1E0
100
AcDbEntity
  8
hidden
  6
ByLayer
 62
  256
370
   -1
100
AcDbLine
 10
18.59159601268831
 20
103.1917510349815
 11
18.71114647079959
 21
103.869755374595
  0
ARC
  5
1E1
100
AcDbEntity
  8
hidden
  6
ByLayer
 62
  256
370
   -1
100
AcDbCircle
 10
16.12907860990568
 20
102.9110011383965
 40
0.6100000000000276
100
AcDbArc
 50
39.99999999998985
 51
110.0982192362483
  0
ARC
  5
1E2
100
AcDbEntity
  8
hidden
  6
ByLayer
 62
  256
370
   -1
100
AcDbCircle
 10
17.50618873407616
 20
67.83219173071184
 40
0.6099999999999606
100
AcDbArc
 50
74.21707106016746
 51
140.0000000000098
  0
ARC
  5
1E3
100
AcDbEntity
  8
hidden
  6
ByLayer
 62
  256
370
   -1
100
AcDbCircle
 10
17.99086328335084
 20
103.2976764233584
 40
0.6100000000000368
100
AcDbArc
 50
284.2170393901802
 51
349.999999999996
  0
LINE
  5
1E4
100
AcDbEntity
  8
hidden
  6
ByLayer
 62
  256
370
   -1
100
AcDbLine
 10
17.03890162377355
 20
68.22429217262052
 11
16.59636572020838
 21
67.6968984196948
  0
ARC
  5
1E5
100
AcDbEntity
  8
hidden
  6
ByLayer
 62
  256
370
   -1
100
AcDbCircle
 10
22.50000000002751
 20
85.49999999989626
 40
17.75000000010732
100
AcDbArc
 50
104.2170393901821
 51
105.782961175885
  0
ARC
  5
1E6
100
AcDbEntity
  8
hidden
  6
ByLayer
 62
  256
370
   -1
100
AcDbCircle
 10
22.50000000001685
 20
85.50000000006273
 40
17.75000000006494
100
AcDbArc
 50
254.2170383018039
 51
255.7829611758876
  0
ARC
  5
1E7
100
AcDbEntity
  8
hidden
  6
ByLayer
 62
  256
370
   -1
100
AcDbCircle
 10
17.99086328335092
 20
67.70232357664166
 40
0.6099999999999715
100
AcDbArc
 50
9.999999999999554
 51
75.78294413814764
  0
ARC
  5
1E8
100
AcDbEntity
  8
hidden
  6
ByLayer
 62
  256
370
   -1
100
AcDbCircle
 10
24.1475388190308
 20
103.9666514517328
 40
0.610000000000027
100
AcDbArc
 50
84.90174861511515
 51
154.9999999999991
  0
LINE
  5
1E9
100
AcDbEntity
  8
hidden
  6
ByLayer
 62
  256
370
   -1
100
AcDbLine
 10
21.40530893106158
 20
104.2244485913947
 11
21.69626624185006
 21
103.6004886248359
  0
ARC
  5
1EA
100
AcDbEntity
  8
hidden
  6
ByLayer
 62
  256
370
   -1
100
AcDbCircle
 10
22.24911399194241
 20
103.8582857644977
 40
0.6099999999999816
100
AcDbArc
 50
204.9999999999999
 51
270.7829789390844
  0
ARC
  5
1EB
100
AcDbEntity
  8
hidden
  6
ByLayer
 62
  256
370
   -1
100
AcDbCircle
 10
22.49999999999968
 20
85.49999999998832
 40
17.75000000001168
100
AcDbArc
 50
89.21703939017772
 51
90.78295997991319
  0
LINE
  5
1EC
100
AcDbEntity
  8
hidden
  6
ByLayer
 62
  256
370
   -1
100
AcDbLine
 10
23.30373375814994
 20
103.6004886248359
 11
23.59469106893843
 21
104.2244485913947
  0
ARC
  5
1ED
100
AcDbEntity
  8
hidden
  6
ByLayer
 62
  256
370
   -1
100
AcDbCircle
 10
22.75088600805758
 20
103.8582857644978
 40
0.6100000000000129
100
AcDbArc
 50
269.2170393901775
 51
334.9999999999957
  0
ARC
  5
1EE
100
AcDbEntity
  8
hidden
  6
ByLayer
 62
  256
370
   -1
100
AcDbCircle
 10
20.85246118096925
 20
103.9666514517329
 40
0.6099999999999539
100
AcDbArc
 50
24.99999999999672
 51
95.09825802391369
  0
ARC
  5
1EF
100
AcDbEntity
  8
hidden
  6
ByLayer
 62
  256
370
   -1
100
AcDbCircle
 10
22.24911399194242
 20
67.14171423550223
 40
0.6100000000000129
100
AcDbArc
 50
89.21703939017793
 51
154.9999999999953
  0
ARC
  5
1F0
100
AcDbEntity
  8
hidden
  6
ByLayer
 62
  256
370
   -1
100
AcDbCircle
 10
22.50000000000033
 20
85.50000000001285
 40
17.75000000001285
100
AcDbArc
 50
269.2170393901778
 51
270.7829611758889
  0
ARC
  5
1F1
100
AcDbEntity
  8
hidden
  6
ByLayer
 62
  256
370
   -1
100
AcDbCircle
 10
22.75088600805759
 20
67.14171423550228
 40
0.6099999999999912
100
AcDbArc
 50
24.99999999999951
 51
90.78294413814591
  0
LINE
  5
1F2
100
AcDbEntity
  8
hidden
  6
ByLayer
 62
  256
370
   -1
100
AcDbLine
 10
23.59469106893844
 20
66.77555140860532
 11
23.30373375814994
 21
67.3995113751641
  0
LINE
  5
1F3
100
AcDbEntity
  8
hidden
  6
ByLayer
 62
  256
370
   -1
100
AcDbLine
 10
21.69626624185008
 20
67.39951137516411
 11
21.40530893106157
 21
66.77555140860531
  0
ARC
  5
1F4
100
AcDbEntity
  8
hidden
  6
ByLayer
 62
  256
370
   -1
100
AcDbCircle
 10
20.8524611809692
 20
67.03334854826717
 40
0.6100000000000293
100
AcDbArc
 50
264.9017279274155
 51
334.9999999999978
  0
ARC
  5
1F5
100
AcDbEntity
  8
hidden
  6
ByLayer
 62
  256
370
   -1
100
AcDbCircle
 10
24.14753881903078
 20
67.03334854826714
 40
0.6099999999999816
100
AcDbArc
 50
204.9999999999999
 51
275.0982580239121
  0
ARC
  5
1F6
100
AcDbEntity
  8
hidden
  6
ByLayer
 62
  256
370
   -1
100
AcDbCircle
 10
19.31187920013706
 20
67.23617001378184
 40
0.6099999999999914
100
AcDbArc
 50
190.0000000000006
 51
260.0982580239112
  0
ARC
  5
1F7
100
AcDbEntity
  8
hidden
  6
ByLayer
 62
  256
370
   -1
100
AcDbCircle
 10
19.31187920013703
 20
103.7638299862182
 40
0.6099999999999863
100
AcDbArc
 50
99.90172323725882
 51
170.0000000000007
  0
ARC
  5
1F8
100
AcDbEntity
  8
hidden
  6
ByLayer
 62
  256
370
   -1
100
AcDbCircle
 10
31.46186922581698
 20
101.524184846018
 40
0.6100000000000521
100
AcDbArc
 50
175.0000000000002
 51
240.7829422805557
  0
ARC
  5
1F9
100
AcDbEntity
  8
hidden
  6
ByLayer
 62
  256
370
   -1
100
AcDbCircle
 10
22.50000000003629
 20
85.50000000013466
 40
17.74999999986055
100
AcDbArc
 50
74.21703939017273
 51
75.78295997992154
  0
ARC
  5
1FA
100
AcDbEntity
  8
hidden
  6
ByLayer
 62
  256
370
   -1
100
AcDbCircle
 10
27.49381126592391
 20
103.1678082692883
 40
0.6099999999999758
100
AcDbArc
 50
254.2170393901761
 51
319.9999999999987
  0
ARC
  5
1FB
100
AcDbEntity
  8
hidden
  6
ByLayer
 62
  256
370
   -1
100
AcDbCircle
 10
22.49999999999923
 20
85.49999999999814
 40
17.75000000000199
100
AcDbArc
 50
59.21703939017919
 51
60.78296123972957
  0
LINE
  5
1FC
100
AcDbEntity
  8
hidden
  6
ByLayer
 62
  256
370
   -1
100
AcDbLine
 10
32.24629816485493
 20
100.7736160909442
 11
32.81025457069396
 21
101.1685026175343
  0
ARC
  5
1FD
100
AcDbEntity
  8
hidden
  6
ByLayer
 62
  256
370
   -1
100
AcDbCircle
 10
31.89641653868081
 20
101.2732988379605
 40
0.6099999999999818
100
AcDbArc
 50
239.2170393901767
 51
304.9999999999983
  0
ARC
  5
1FE
100
AcDbEntity
  8
hidden
  6
ByLayer
 62
  256
370
   -1
100
AcDbCircle
 10
27.00913671664912
 20
103.2976764233584
 40
0.6100000000000054
100
AcDbArc
 50
190.0000000000004
 51
255.7829789390827
  0
LINE
  5
1FF
100
AcDbEntity
  8
hidden
  6
ByLayer
 62
  256
370
   -1
100
AcDbLine
 10
27.96109837622646
 20
102.7757078273795
 11
28.40363427979162
 21
103.3031015803052
  0
LINE
  5
200
100
AcDbEntity
  8
hidden
  6
ByLayer
 62
  256
370
   -1
100
AcDbLine
 10
30.91419402070071
 20
102.2631936864727
 11
30.85419045998097
 21
101.5773498490941
  0
ARC
  5
201
100
AcDbEntity
  8
hidden
  6
ByLayer
 62
  256
370
   -1
100
AcDbCircle
 10
28.87092139009421
 20
102.9110011383963
 40
0.6100000000000574
100
AcDbArc
 50
69.9017508557434
 51
139.9999999999962
  0
ARC
  5
202
100
AcDbEntity
  8
hidden
  6
ByLayer
 62
  256
370
   -1
100
AcDbCircle
 10
22.4999999999957
 20
85.50000000001738
 40
17.75000000001791
100
AcDbArc
 50
284.2170383018009
 51
285.7829611758887
  0
ARC
  5
203
100
AcDbEntity
  8
hidden
  6
ByLayer
 62
  256
370
   -1
100
AcDbCircle
 10
25.68812079986295
 20
67.23617001378183
 40
0.6099999999999988
100
AcDbArc
 50
279.9017298549483
 51
350.0000000000007
  0
ARC
  5
204
100
AcDbEntity
  8
hidden
  6
ByLayer
 62
  256
370
   -1
100
AcDbCircle
 10
27.49381126592391
 20
67.83219173071178
 40
0.6099999999999524
100
AcDbArc
 50
39.99999999999753
 51
105.7829441381487
  0
ARC
  5
205
100
AcDbEntity
  8
hidden
  6
ByLayer
 62
  256
370
   -1
100
AcDbCircle
 10
27.00913671664916
 20
67.7023235766417
 40
0.610000000000024
100
AcDbArc
 50
104.2170710601704
 51
170.0000000000054
  0
LINE
  5
206
100
AcDbEntity
  8
hidden
  6
ByLayer
 62
  256
370
   -1
100
AcDbLine
 10
26.40840398731168
 20
67.80824896501848
 11
26.2888535292004
 21
67.13024462540501
  0
ARC
  5
207
100
AcDbEntity
  8
hidden
  6
ByLayer
 62
  256
370
   -1
100
AcDbCircle
 10
28.8709213900942
 20
68.08899886160357
 40
0.6099999999999642
100
AcDbArc
 50
219.9999999999983
 51
290.0982580239119
  0
LINE
  5
208
100
AcDbEntity
  8
hidden
  6
ByLayer
 62
  256
370
   -1
100
AcDbLine
 10
28.40363427979164
 20
67.69689841969482
 11
27.96109837622647
 21
68.22429217262052
  0
ARC
  5
209
100
AcDbEntity
  8
hidden
  6
ByLayer
 62
  256
370
   -1
100
AcDbCircle
 10
25.68812079986299
 20
103.7638299862182
 40
0.6099999999999515
100
AcDbArc
 50
9.999999999998529
 51
80.09825802391383
  0
LINE
  5
20A
100
AcDbEntity
  8
hidden
  6
ByLayer
 62
  256
370
   -1
100
AcDbLine
 10
26.2888535292004
 20
103.869755374595
 11
26.40840398731167
 21
103.1917510349815
  0
LINE
  5
20B
100
AcDbEntity
  8
hidden
  6
ByLayer
 62
  256
370
   -1
100
AcDbLine
 10
32.81025457069396
 20
69.83149738246568
 11
32.24629816485494
 21
70.22638390905583
  0
ARC
  5
20C
100
AcDbEntity
  8
hidden
  6
ByLayer
 62
  256
370
   -1
100
AcDbCircle
 10
30.30651525486478
 20
68.68364131045116
 40
0.6099999999999796
100
AcDbArc
 50
294.9017298549469
 51
5.000000000000488
  0
ARC
  5
20D
100
AcDbEntity
  8
hidden
  6
ByLayer
 62
  256
370
   -1
100
AcDbCircle
 10
22.49999999999418
 20
85.50000000001057
 40
17.75000000001207
100
AcDbArc
 50
299.2170393901779
 51
300.7829611758893
  0
ARC
  5
20E
100
AcDbEntity
  8
hidden
  6
ByLayer
 62
  256
370
   -1
100
AcDbCircle
 10
30.30651525486473
 20
102.3163586895488
 40
0.6100000000000154
100
AcDbArc
 50
355.0000000000012
 51
65.0982580239092
  0
ARC
  5
20F
100
AcDbEntity
  8
hidden
  6
ByLayer
 62
  256
370
   -1
100
AcDbCircle
 10
31.89641653868081
 20
69.72670116203948
 40
0.6100000000000521
100
AcDbArc
 50
55.00000000000382
 51
120.7829441381431
  0
ARC
  5
210
100
AcDbEntity
  8
hidden
  6
ByLayer
 62
  256
370
   -1
100
AcDbCircle
 10
31.4618692258169
 20
69.47581515398197
 40
0.6099999999999429
100
AcDbArc
 50
119.217039390176
 51
185.0000000000006
  0
LINE
  5
211
100
AcDbEntity
  8
hidden
  6
ByLayer
 62
  256
370
   -1
100
AcDbLine
 10
30.85419045998098
 20
69.42265015090589
 11
30.91419402070072
 21
68.73680631352724
  0
LINE
  5
212
100
AcDbEntity
  8
hidden
  6
ByLayer
 62
  256
370
   -1
100
AcDbLine
 10
34.96612109480336
 20
99.51424805110479
 11
34.73065265875506
 21
98.86730384006781
  0
ARC
  5
213
100
AcDbEntity
  8
hidden
  6
ByLayer
 62
  256
370
   -1
100
AcDbCircle
 10
35.30386515743444
 20
98.65867155263913
 40
0.6099999999999837
100
AcDbArc
 50
159.9999999999982
 51
225.7829780350616
  0
ARC
  5
214
100
AcDbEntity
  8
hidden
  6
ByLayer
 62
  256
370
   -1
100
AcDbCircle
 10
40.29767642335834
 20
80.9908632833509
 40
0.6099999999999737
100
AcDbArc
 50
99.99999999999885
 51
165.7829431845831
  0
ARC
  5
215
100
AcDbEntity
  8
hidden
  6
ByLayer
 62
  256
370
   -1
100
AcDbCircle
 10
35.65867155263917
 20
98.30386515743449
 40
0.6100000000000074
100
AcDbArc
 50
224.2170393901787
 51
289.9999999999967
  0
LINE
  5
216
100
AcDbEntity
  8
hidden
  6
ByLayer
 62
  256
370
   -1
100
AcDbLine
 10
38.16850261753432
 20
95.81025457069396
 11
37.77361609094418
 21
95.24629816485493
  0
LINE
  5
217
100
AcDbEntity
  8
hidden
  6
ByLayer
 62
  256
370
   -1
100
AcDbLine
 10
35.8673038400678
 20
97.73065265875506
 11
36.51424805110479
 21
97.96612109480336
  0
ARC
  5
218
100
AcDbEntity
  8
hidden
  6
ByLayer
 62
  256
370
   -1
100
AcDbCircle
 10
36.72288033853344
 20
97.39290859612395
 40
0.6100000000000113
100
AcDbArc
 50
39.90173138597677
 51
109.9999999999997
  0
ARC
  5
219
100
AcDbEntity
  8
hidden
  6
ByLayer
 62
  256
370
   -1
100
AcDbCircle
 10
22.49999999995659
 20
85.49999999995613
 40
17.7500000000617
100
AcDbArc
 50
44.21703939018198
 51
45.7829600109809
  0
ARC
  5
21A
100
AcDbEntity
  8
hidden
  6
ByLayer
 62
  256
370
   -1
100
AcDbCircle
 10
37.66881987051804
 20
74.83986380313191
 40
0.6100000000000078
100
AcDbArc
 50
324.9017313859757
 51
34.99999999999952
  0
ARC
  5
21B
100
AcDbEntity
  8
hidden
  6
ByLayer
 62
  256
370
   -1
100
AcDbCircle
 10
39.31635868954896
 20
77.69348474513525
 40
0.6100000000000043
100
AcDbArc
 50
264.9999999999864
 51
335.0982968115599
  0
LINE
  5
21C
100
AcDbEntity
  8
hidden
  6
ByLayer
 62
  256
370
   -1
100
AcDbLine
 10
38.57734984909412
 20
93.85419045998097
 11
39.26319368647275
 21
93.91419402070072
  0
ARC
  5
21D
100
AcDbEntity
  8
hidden
  6
ByLayer
 62
  256
370
   -1
100
AcDbCircle
 10
38.52418484601797
 20
94.46186922581691
 40
0.6099999999999907
100
AcDbArc
 50
209.2170710601679
 51
275.0000000000077
  0
ARC
  5
21E
100
AcDbEntity
  8
hidden
  6
ByLayer
 62
  256
370
   -1
100
AcDbCircle
 10
22.50000000001427
 20
85.50000000000804
 40
17.74999999998361
100
AcDbArc
 50
29.21703830180104
 51
30.78296001098384
  0
ARC
  5
21F
100
AcDbEntity
  8
hidden
  6
ByLayer
 62
  256
370
   -1
100
AcDbCircle
 10
38.2732988379605
 20
94.8964165386808
 40
0.610000000000025
100
AcDbArc
 50
145.0000000000016
 51
210.7829780350594
  0
ARC
  5
220
100
AcDbEntity
  8
hidden
  6
ByLayer
 62
  256
370
   -1
100
AcDbCircle
 10
35.65867155263913
 20
72.69613484256557
 40
0.6099999999999703
100
AcDbArc
 50
69.9999999999977
 51
135.7829431845835
  0
ARC
  5
221
100
AcDbEntity
  8
hidden
  6
ByLayer
 62
  256
370
   -1
100
AcDbCircle
 10
35.30386515743442
 20
72.34132844736085
 40
0.6099999999999477
100
AcDbArc
 50
134.2170393901748
 51
200.0000000000003
  0
LINE
  5
222
100
AcDbEntity
  8
hidden
  6
ByLayer
 62
  256
370
   -1
100
AcDbLine
 10
36.51424805110479
 20
73.03387890519664
 11
35.86730384006781
 21
73.26934734124494
  0
ARC
  5
223
100
AcDbEntity
  8
hidden
  6
ByLayer
 62
  256
370
   -1
100
AcDbCircle
 10
36.72288033853343
 20
73.6070914038761
 40
0.6100000000000407
100
AcDbArc
 50
250.000000000003
 51
320.0982580239082
  0
ARC
  5
224
100
AcDbEntity
  8
hidden
  6
ByLayer
 62
  256
370
   -1
100
AcDbCircle
 10
34.39290859612395
 20
71.27711966146656
 40
0.6100000000000075
100
AcDbArc
 50
309.9017298549487
 51
19.99999999999968
  0
ARC
  5
225
100
AcDbEntity
  8
hidden
  6
ByLayer
 62
  256
370
   -1
100
AcDbCircle
 10
22.49999999999612
 20
85.50000000000392
 40
17.75000000000551
100
AcDbArc
 50
314.2170393901784
 51
315.7829612086607
  0
LINE
  5
226
100
AcDbEntity
  8
hidden
  6
ByLayer
 62
  256
370
   -1
100
AcDbLine
 10
34.73065265875507
 20
72.13269615993221
 11
34.96612109480336
 21
71.48575194889521
  0
ARC
  5
227
100
AcDbEntity
  8
hidden
  6
ByLayer
 62
  256
370
   -1
100
AcDbCircle
 10
33.16013619686808
 20
100.668819870518
 40
0.6100000000000053
100
AcDbArc
 50
54.90173309643875
 51
124.9999999999984
  0
ARC
  5
228
100
AcDbEntity
  8
hidden
  6
ByLayer
 62
  256
370
   -1
100
AcDbCircle
 10
40.2976764233584
 20
90.00913671664914
 40
0.6100000000000222
100
AcDbArc
 50
194.2170393901802
 51
259.9999999999959
  0
ARC
  5
229
100
AcDbEntity
  8
hidden
  6
ByLayer
 62
  256
370
   -1
100
AcDbCircle
 10
22.49999999992339
 20
85.49999999997982
 40
17.75000000007922
100
AcDbArc
 50
14.21703939018061
 51
15.78296001097798
  0
ARC
  5
22A
100
AcDbEntity
  8
hidden
  6
ByLayer
 62
  256
370
   -1
100
AcDbCircle
 10
40.16780826928829
 20
90.49381126592388
 40
0.6100000000000344
100
AcDbArc
 50
130.0000000000015
 51
195.7829780350593
  0
ARC
  5
22B
100
AcDbEntity
  8
hidden
  6
ByLayer
 62
  256
370
   -1
100
AcDbCircle
 10
33.16013619686811
 20
70.33118012948202
 40
0.6100000000000465
100
AcDbArc
 50
235.0000000000022
 51
305.0982580239051
  0
ARC
  5
22C
100
AcDbEntity
  8
hidden
  6
ByLayer
 62
  256
370
   -1
100
AcDbCircle
 10
39.31635868954879
 20
93.30651525486469
 40
0.6100000000000588
100
AcDbArc
 50
24.90173138597994
 51
94.99999999999645
  0
ARC
  5
22D
100
AcDbEntity
  8
hidden
  6
ByLayer
 62
  256
370
   -1
100
AcDbCircle
 10
37.66881987051813
 20
96.16013619686821
 40
0.6099999999999796
100
AcDbArc
 50
324.9999999999857
 51
35.09829681156155
  0
ARC
  5
22E
100
AcDbEntity
  8
hidden
  6
ByLayer
 62
  256
370
   -1
100
AcDbCircle
 10
38.2732988379605
 20
76.10358346131918
 40
0.610000000000008
100
AcDbArc
 50
149.2170393901778
 51
214.9999999999951
  0
ARC
  5
22F
100
AcDbEntity
  8
hidden
  6
ByLayer
 62
  256
370
   -1
100
AcDbCircle
 10
22.50000000002713
 20
85.49999999998428
 40
17.74999999996865
100
AcDbArc
 50
329.217039390177
 51
330.7829612086625
  0
ARC
  5
230
100
AcDbEntity
  8
hidden
  6
ByLayer
 62
  256
370
   -1
100
AcDbCircle
 10
38.52418484601803
 20
76.5381307741831
 40
0.6099999999999648
100
AcDbArc
 50
84.9999999999981
 51
150.7829431845839
  0
LINE
  5
231
100
AcDbEntity
  8
hidden
  6
ByLayer
 62
  256
370
   -1
100
AcDbLine
 10
39.26319368647275
 20
77.08580597929929
 11
38.57734984909412
 21
77.14580954001903
  0
LINE
  5
232
100
AcDbEntity
  8
hidden
  6
ByLayer
 62
  256
370
   -1
100
AcDbLine
 10
37.77361609094418
 20
75.75370183514508
 11
38.16850261753433
 21
75.18974542930604
  0
ARC
  5
233
100
AcDbEntity
  8
hidden
  6
ByLayer
 62
  256
370
   -1
100
AcDbCircle
 10
34.39290859612402
 20
99.72288033853357
 40
0.6099999999999758
100
AcDbArc
 50
339.9999999999865
 51
50.09829681156151
  0
ARC
  5
234
100
AcDbEntity
  8
hidden
  6
ByLayer
 62
  256
370
   -1
100
AcDbCircle
 10
40.1678082692883
 20
80.5061887340761
 40
0.6100000000000149
100
AcDbArc
 50
164.2170393901779
 51
229.9999999999962
  0
ARC
  5
235
100
AcDbEntity
  8
hidden
  6
ByLayer
 62
  256
370
   -1
100
AcDbCircle
 10
22.50000000002576
 20
85.49999999999332
 40
17.74999999997339
100
AcDbArc
 50
344.2170393901764
 51
345.7829612086615
  0
ARC
  5
236
100
AcDbEntity
  8
hidden
  6
ByLayer
 62
  256
370
   -1
100
AcDbCircle
 10
39.91100113839651
 20
91.87092139009428
 40
0.6099999999999883
100
AcDbArc
 50
309.999999999986
 51
20.09829681156194
  0
LINE
  5
237
100
AcDbEntity
  8
hidden
  6
ByLayer
 62
  256
370
   -1
100
AcDbLine
 10
40.30310158030517
 20
91.40363427979162
 11
39.77570782737947
 21
90.96109837622647
  0
ARC
  5
238
100
AcDbEntity
  8
hidden
  6
ByLayer
 62
  256
370
   -1
100
AcDbCircle
 10
40.96665145173296
 20
87.14753881903086
 40
0.6100000000000139
100
AcDbArc
 50
294.9999999999875
 51
5.098296811558453
  0
ARC
  5
239
100
AcDbEntity
  8
hidden
  6
ByLayer
 62
  256
370
   -1
100
AcDbCircle
 10
40.85828576449777
 20
85.24911399194242
 40
0.61000000000002
100
AcDbArc
 50
179.2170393901783
 51
244.9999999999958
  0
LINE
  5
23A
100
AcDbEntity
  8
hidden
  6
ByLayer
 62
  256
370
   -1
100
AcDbLine
 10
40.86975537459498
 20
81.7111464707996
 11
40.19175103498153
 21
81.59159601268833
  0
ARC
  5
23B
100
AcDbEntity
  8
hidden
  6
ByLayer
 62
  256
370
   -1
100
AcDbCircle
 10
40.85828576449773
 20
85.75088600805759
 40
0.6099999999999974
100
AcDbArc
 50
115
 51
180.7829780350614
  0
LINE
  5
23C
100
AcDbEntity
  8
hidden
  6
ByLayer
 62
  256
370
   -1
100
AcDbLine
 10
41.22444859139468
 20
86.59469106893843
 11
40.6004886248359
 21
86.30373375814995
  0
ARC
  5
23D
100
AcDbEntity
  8
hidden
  6
ByLayer
 62
  256
370
   -1
100
AcDbCircle
 10
39.91100113839634
 20
79.12907860990579
 40
0.6100000000000487
100
AcDbArc
 50
339.9017313859779
 51
49.99999999999697
  0
ARC
  5
23E
100
AcDbEntity
  8
hidden
  6
ByLayer
 62
  256
370
   -1
100
AcDbCircle
 10
40.76382998621817
 20
88.68812079986297
 40
0.6099999999999787
100
AcDbArc
 50
9.901731385974291
 51
80.00000000000053
  0
LINE
  5
23F
100
AcDbEntity
  8
hidden
  6
ByLayer
 62
  256
370
   -1
100
AcDbLine
 10
40.19175103498152
 20
89.40840398731167
 11
40.86975537459499
 21
89.2888535292004
  0
LINE
  5
240
100
AcDbEntity
  8
hidden
  6
ByLayer
 62
  256
370
   -1
100
AcDbLine
 10
40.6004886248359
 20
84.69626624185007
 11
41.22444859139468
 21
84.40530893106157
  0
ARC
  5
241
100
AcDbEntity
  8
hidden
  6
ByLayer
 62
  256
370
   -1
100
AcDbCircle
 10
22.49999999999966
 20
85.50000000000026
 40
17.75000000000034
100
AcDbArc
 50
359.2170393901774
 51
0.7829600109817326
  0
ARC
  5
242
100
AcDbEntity
  8
hidden
  6
ByLayer
 62
  256
370
   -1
100
AcDbCircle
 10
40.96665145173289
 20
83.85246118096924
 40
0.6099999999999584
100
AcDbArc
 50
354.9017313859733
 51
65.00000000000254
  0
ARC
  5
243
100
AcDbEntity
  8
hidden
  6
ByLayer
 62
  256
370
   -1
100
AcDbCircle
 10
40.76382998621828
 20
82.31187920013708
 40
0.6100000000000099
100
AcDbArc
 50
279.9999999999874
 51
350.0982968115596
  0
LINE
  5
244
100
AcDbEntity
  8
hidden
  6
ByLayer
 62
  256
370
   -1
100
AcDbLine
 10
39.77570782737947
 20
80.03890162377354
 11
40.30310158030518
 21
79.59636572020838
  0
LINE
  5
245
100
AcDbEntity
  8
AM_5
  6
DASHED
 62
  256
370
   -1
100
AcDbLine
 10
19.16987298107781
 20
81.26794919243112
 11
17.16987298107781
 21
84.73205080756888
  0
CIRCLE
  5
246
100
AcDbEntity
  8
hidden
  6
ByLayer
 62
  256
370
   -1
100
AcDbCircle
 10
22.49999999999997
 20
85.50000000000001
 40
19.15000000000009
  0
LINE
  5
247
100
AcDbEntity
  8
center
  6
ByLayer
 62
  256
370
   -1
100
AcDbLine
 10
-1.125000000000021
 20
85.5
 11
46.12500000000002
 21
85.5
  0
LINE
  5
248
100
AcDbEntity
  8
center
  6
ByLayer
 62
  256
370
   -1
100
AcDbLine
 10
22.5
 20
61.87499999999998
 11
22.5
 21
109.125
  0
LINE
  5
249
100
AcDbEntity
  8
center
  6
ByLayer
 62
  256
370
   -1
100
AcDbLine
 10
23.9978818241236
 20
86.36480247437201
 11
4.417731693404402
 21
75.060197525628
  0
CIRCLE
  5
24A
100
AcDbEntity
  8
vis
  6
ByLayer
 62
  256
370
   -1
100
AcDbCircle
 10
22.5
 20
85.5
 40
18.93935600386016
  0
CIRCLE
  5
24B
100
AcDbEntity
  8
vis
  6
ByLayer
 62
  256
370
   -1
100
AcDbCircle
 10
22.5
 20
85.5
 40
22.50000000000009
  0
CIRCLE
  5
24C
100
AcDbEntity
  8
vis
  6
ByLayer
 62
  256
370
   -1
100
AcDbCircle
 10
22.5
 20
85.5
 40
22.08588952783596
  0
CIRCLE
  5
24D
100
AcDbEntity
  8
vis
  6
ByLayer
 62
  256
370
   -1
100
AcDbCircle
 10
22.5
 20
85.5
 40
15.00000000000005
  0
LINE
  5
24E
100
AcDbEntity
  8
vis
  6
ByLayer
 62
  256
370
   -1
100
AcDbLine
 10
24.5
 20
92
 11
24.5
 21
90.08257569495584
  0
ARC
  5
24F
100
AcDbEntity
  8
vis
  6
ByLayer
 62
  256
370
   -1
100
AcDbCircle
 10
22.5
 20
85.5
 40
4.999999999999996
100
AcDbArc
 50
113.5781784782018
 51
66.42182152179815
  0
LINE
  5
250
100
AcDbEntity
  8
vis
  6
ByLayer
 62
  256
370
   -1
100
AcDbLine
 10
20.5
 20
90.08257569495584
 11
20.5
 21
92
  0
LINE
  5
251
100
AcDbEntity
  8
vis
  6
ByLayer
 62
  256
370
   -1
100
AcDbLine
 10
20.5
 20
92
 11
24.5
 21
92
  0
ENDBLK
  5
65
330
63
100
AcDbEntity
  8
0
100
AcDbBlockEnd
  0
BLOCK
  5
67
330
66
100
AcDbEntity
  8
0
100
AcDbBlockBegin
  2
7_SET_SCREW4_3_1_0_in_MTP24XL037_A_C10_900
 70
    0
 10
0
 20
0
  3
7_SET_SCREW4_3_1_0_in_MTP24XL037_A_C10_900
  1

  0
LINE
  5
252
100
AcDbEntity
  8
hidden
  6
ByLayer
 62
  256
370
   -1
100
AcDbLine
 10
67.65470053837925
 20
81.5
 11
67.07735026918962
 21
80.63397459621557
  0
LINE
  5
253
100
AcDbEntity
  8
hidden
  6
ByLayer
 62
  256
370
   -1
100
AcDbLine
 10
65.92264973081038
 20
80.63397459621557
 11
65.34529946162075
 21
81.5
  0
LINE
  5
254
100
AcDbEntity
  8
hidden
  6
ByLayer
 62
  256
370
   -1
100
AcDbLine
 10
67.07735026918962
 20
80.63397459621557
 11
65.92264973081038
 21
80.63397459621557
  0
ELLIPSE
  5
255
100
AcDbEntity
  8
hidden
  6
ByLayer
 62
  256
370
   -1
100
AcDbEllipse
 10
66.5
 20
81.5
 30
0
 11
-1.570500000000005
 21
1.923307798060924e-16
 31
0
 40
0.8660254037844385
 41
0
 42
6.283185307179586
  0
LINE
  5
256
100
AcDbEntity
  8
hidden
  6
ByLayer
 62
  256
370
   -1
100
AcDbLine
 10
65.92264973081038
 20
83.11602540378443
 11
67.07735026918962
 21
83.11602540378443
  0
LINE
  5
257
100
AcDbEntity
  8
hidden
  6
ByLayer
 62
  256
370
   -1
100
AcDbLine
 10
67.07735026918962
 20
82.36602540378443
 11
65.92264973081038
 21
82.36602540378443
  0
ELLIPSE
  5
258
100
AcDbEntity
  8
hidden
  6
ByLayer
 62
  256
370
   -1
100
AcDbEllipse
 10
66.5
 20
82.25
 30
0
 11
1.000000000000005
 21
0
 31
0
 40
0.8660254037844395
 41
1.570796326794897
 42
3.665191429188098
  0
LINE
  5
259
100
AcDbEntity
  8
hidden
  6
ByLayer
 62
  256
370
   -1
100
AcDbLine
 10
67.65470053837925
 20
82.25
 11
67.65470053837925
 21
81.5
  0
LINE
  5
25A
100
AcDbEntity
  8
hidden
  6
ByLayer
 62
  256
370
   -1
100
AcDbLine
 10
67.07735026918962
 20
83.11602540378443
 11
67.65470053837925
 21
82.25
  0
LINE
  5
25B
100
AcDbEntity
  8
hidden
  6
ByLayer
 62
  256
370
   -1
100
AcDbLine
 10
67.07735026918962
 20
82.36602540378443
 11
67.65470053837925
 21
81.5
  0
LINE
  5
25C
100
AcDbEntity
  8
hidden
  6
ByLayer
 62
  256
370
   -1
100
AcDbLine
 10
67.07735026918962
 20
83.11602540378443
 11
67.07735026918962
 21
82.36602540378443
  0
LINE
  5
25D
100
AcDbEntity
  8
hidden
  6
ByLayer
 62
  256
370
   -1
100
AcDbLine
 10
65.34529946162075
 20
82.25
 11
65.34529946162075
 21
81.5
  0
LINE
  5
25E
100
AcDbEntity
  8
hidden
  6
ByLayer
 62
  256
370
   -1
100
AcDbLine
 10
65.34529946162075
 20
82.25
 11
65.92264973081038
 21
83.11602540378443
  0
LINE
  5
25F
100
AcDbEntity
  8
hidden
  6
ByLayer
 62
  256
370
   -1
100
AcDbLine
 10
65.34529946162075
 20
81.5
 11
65.92264973081038
 21
82.36602540378443
  0
LINE
  5
260
100
AcDbEntity
  8
hidden
  6
ByLayer
 62
  256
370
   -1
100
AcDbLine
 10
65.92264973081038
 20
83.11602540378443
 11
65.92264973081038
 21
82.36602540378443
  0
LINE
  5
261
100
AcDbEntity
  8
hidden
  6
ByLayer
 62
  256
370
   -1
100
AcDbLine
 10
65.92264973081038
 20
81.38397459621557
 11
65.34529946162075
 21
82.25
  0
LINE
  5
262
100
AcDbEntity
  8
hidden
  6
ByLayer
 62
  256
370
   -1
100
AcDbLine
 10
67.65470053837925
 20
82.25
 11
67.07735026918962
 21
81.38397459621557
  0
LINE
  5
263
100
AcDbEntity
  8
hidden
  6
ByLayer
 62
  256
370
   -1
100
AcDbLine
 10
67.07735026918962
 20
81.38397459621557
 11
67.07735026918962
 21
80.63397459621557
  0
LINE
  5
264
100
AcDbEntity
  8
hidden
  6
ByLayer
 62
  256
370
   -1
100
AcDbLine
 10
67.07735026918962
 20
81.38397459621557
 11
65.92264973081038
 21
81.38397459621557
  0
LINE
  5
265
100
AcDbEntity
  8
hidden
  6
ByLayer
 62
  256
370
   -1
100
AcDbLine
 10
65.92264973081038
 20
81.38397459621557
 11
65.92264973081038
 21
80.63397459621557
  0
ELLIPSE
  5
266
100
AcDbEntity
  8
hidden
  6
ByLayer
 62
  256
370
   -1
100
AcDbEllipse
 10
66.5
 20
82.25000000000001
 30
0
 11
1.000000000000008
 21
0
 31
0
 40
0.8660254037844417
 41
3.665191429188113
 42
4.71238898038469
  0
ELLIPSE
  5
267
100
AcDbEntity
  8
hidden
  6
ByLayer
 62
  256
370
   -1
100
AcDbEllipse
 10
66.5
 20
82.25000000000001
 30
0
 11
1.000000000000009
 21
-1.356760565533147e-14
 31
0
 40
0.8660254037844427
 41
4.712388980384701
 42
7.853981633974494
  0
LINE
  5
268
100
AcDbEntity
  8
hidden
  6
ByLayer
 62
  256
370
   -1
100
AcDbLine
 10
68.5
 20
81.71475
 11
68.5
 21
82.625
  0
LINE
  5
269
100
AcDbEntity
  8
hidden
  6
ByLayer
 62
  256
370
   -1
100
AcDbLine
 10
64.5
 20
82.625
 11
64.5
 21
81.71475
  0
ELLIPSE
  5
26A
100
AcDbEntity
  8
hidden
  6
ByLayer
 62
  256
370
   -1
100
AcDbEllipse
 10
66.5
 20
83
 30
0
 11
-1.250000000000004
 21
1.530808498934197e-16
 31
0
 40
0.8660254037844388
 41
0
 42
6.283185307179586
  0
ELLIPSE
  5
26B
100
AcDbEntity
  8
hidden
  6
ByLayer
 62
  256
370
   -1
100
AcDbEllipse
 10
66.5
 20
81.71475
 30
0
 11
2.000000000000004
 21
0
 31
0
 40
0.8660254037844394
 41
0
 42
6.283185307179586
  0
ELLIPSE
  5
26C
100
AcDbEntity
  8
hidden
  6
ByLayer
 62
  256
370
   -1
100
AcDbEllipse
 10
66.5
 20
82.625
 30
0
 11
2.000000000000006
 21
0
 31
0
 40
0.8660254037844385
 41
0
 42
6.283185307179586
  0
ENDBLK
  5
68
330
66
100
AcDbEntity
  8
0
100
AcDbBlockEnd
  0
BLOCK
  5
6A
330
69
100
AcDbEntity
  8
0
100
AcDbBlockBegin
  2
8_SET_SCREW4_3_2_0_in_MTP24XL037_A_C10_900
 70
    0
 10
0
 20
0
  3
8_SET_SCREW4_3_2_0_in_MTP24XL037_A_C10_900
  1

  0
LINE
  5
26D
100
AcDbEntity
  8
hidden
  6
ByLayer
 62
  256
370
   -1
100
AcDbLine
 10
67.65470053837925
 20
93.5
 11
67.65470053837925
 21
95
  0
LINE
  5
26E
100
AcDbEntity
  8
hidden
  6
ByLayer
 62
  256
370
   -1
100
AcDbLine
 10
65.34529946162075
 20
93.5
 11
65.34529946162075
 21
95
  0
LINE
  5
26F
100
AcDbEntity
  8
hidden
  6
ByLayer
 62
  256
370
   -1
100
AcDbLine
 10
65.34529946162075
 20
93.5
 11
67.65470053837925
 21
93.5
  0
LINE
  5
270
100
AcDbEntity
  8
hidden
  6
ByLayer
 62
  256
370
   -1
100
AcDbLine
 10
66.5
 20
92.92264973081038
 11
67.5
 21
93.5
  0
LINE
  5
271
100
AcDbEntity
  8
hidden
  6
ByLayer
 62
  256
370
   -1
100
AcDbLine
 10
65.5
 20
93.5
 11
66.5
 21
92.92264973081038
  0
LINE
  5
272
100
AcDbEntity
  8
hidden
  6
ByLayer
 62
  256
370
   -1
100
AcDbLine
 10
67.07735026918962
 20
93.5
 11
67.07735026918962
 21
95
  0
LINE
  5
273
100
AcDbEntity
  8
hidden
  6
ByLayer
 62
  256
370
   -1
100
AcDbLine
 10
65.92264973081038
 20
93.5
 11
65.92264973081038
 21
95
  0
LINE
  5
274
100
AcDbEntity
  8
hidden
  6
ByLayer
 62
  256
370
   -1
100
AcDbLine
 10
68.0705
 20
95
 11
64.9295
 21
95
  0
LINE
  5
275
100
AcDbEntity
  8
hidden
  6
ByLayer
 62
  256
370
   -1
100
AcDbLine
 10
64.9295
 20
95
 11
64.5
 21
94.5705
  0
LINE
  5
276
100
AcDbEntity
  8
hidden
  6
ByLayer
 62
  256
370
   -1
100
AcDbLine
 10
68.5
 20
94.5705
 11
68.0705
 21
95
  0
LINE
  5
277
100
AcDbEntity
  8
hidden
  6
ByLayer
 62
  256
370
   -1
100
AcDbLine
 10
68.5
 20
94.5705
 11
64.5
 21
94.5705
  0
LINE
  5
278
100
AcDbEntity
  8
hidden
  6
ByLayer
 62
  256
370
   -1
100
AcDbLine
 10
64.5
 20
94.5705
 11
64.5
 21
92.75
  0
LINE
  5
279
100
AcDbEntity
  8
hidden
  6
ByLayer
 62
  256
370
   -1
100
AcDbLine
 10
68.5
 20
92.75
 11
68.5
 21
94.5705
  0
LINE
  5
27A
100
AcDbEntity
  8
hidden
  6
ByLayer
 62
  256
370
   -1
100
AcDbLine
 10
68.5
 20
92.75
 11
64.5
 21
92.75
  0
LINE
  5
27B
100
AcDbEntity
  8
hidden
  6
ByLayer
 62
  256
370
   -1
100
AcDbLine
 10
67.75
 20
92
 11
68.5
 21
92.75
  0
LINE
  5
27C
100
AcDbEntity
  8
hidden
  6
ByLayer
 62
  256
370
   -1
100
AcDbLine
 10
64.5
 20
92.75
 11
65.25
 21
92
  0
LINE
  5
27D
100
AcDbEntity
  8
AM_5
  6
DASHED
 62
  256
370
   -1
100
AcDbLine
 10
68.0705
 20
95
 11
68.0705
 21
92.3205
  0
LINE
  5
27E
100
AcDbEntity
  8
AM_5
  6
DASHED
 62
  256
370
   -1
100
AcDbLine
 10
64.9295
 20
95
 11
64.9295
 21
92.3205
  0
LINE
  5
27F
100
AcDbEntity
  8
AM_5
  6
DASHED
 62
  256
370
   -1
100
AcDbLine
 10
64.5
 20
92
 11
68.5
 21
92
  0
ENDBLK
  5
6B
330
69
100
AcDbEntity
  8
0
100
AcDbBlockEnd
  0
BLOCK
  5
6D
330
6C
100
AcDbEntity
  8
0
100
AcDbBlockBegin
  2
9_MTP24XL037_A_C10_b_0_in_MTP24XL037_A_C10_900
 70
    0
 10
0
 20
0
  3
9_MTP24XL037_A_C10_b_0_in_MTP24XL037_A_C10_900
  1

  0
LWPOLYLINE
  5
280
100
AcDbEntity
  8
hidden
  6
ByLayer
 62
  256
370
   -1
100
AcDbPolyline
 90
   19
 70
    0
 43
0
 10
65.32779481499743
 20
77.08348519005501
 10
65.34723460223734
 20
77.08476405383877
 10
65.40128708741761
 20
77.09608136548634
 10
65.4645836621671
 20
77.11665724912697
 10
65.53587540997229
 20
77.14347404867483
 10
65.66612521530273
 20
77.19389837178892
 10
65.8088315699552
 20
77.24527411552694
 10
66.03646836711599
 20
77.31027617553708
 10
66.27552161969324
 20
77.35270486485308
 10
66.52706411981302
 20
77.36534209441005
 10
66.77794961747757
 20
77.34575924599825
 10
66.95528422071396
 20
77.31209671206108
 10
67.12712450283611
 20
77.26553207664962
 10
67.28893934588703
 20
77.21082902524944
 10
67.39895952629102
 20
77.16885179723177
 10
67.49937622781309
 20
77.12995908253124
 10
67.57203592897277
 20
77.10415757321694
 10
67.63434855390541
 20
77.08755627347288
 10
67.67194893822769
 20
77.08348607064937
  0
LWPOLYLINE
  5
281
100
AcDbEntity
  8
hidden
  6
ByLayer
 62
  256
370
   -1
100
AcDbPolyline
 90
    5
 70
    0
 43
0
 10
64.98974393513586
 20
77.08473632494389
 10
64.96235102968839
 20
77.04060112155153
 10
64.93238555163911
 20
76.97225485209577
 10
64.90737426673955
 20
76.88629723679581
 10
64.89724915562557
 20
76.83588350990237
  0
LWPOLYLINE
  5
282
100
AcDbEntity
  8
hidden
  6
ByLayer
 62
  256
370
   -1
100
AcDbPolyline
 90
    5
 70
    0
 43
0
 10
65.07848628241197
 20
77.14813074263242
 10
65.06373127820353
 20
77.14595121011105
 10
65.03000020147971
 20
77.12769720402953
 10
64.99598877367335
 20
77.09296583730604
 10
64.98974393513586
 20
77.08473632494389
  0
LWPOLYLINE
  5
283
100
AcDbEntity
  8
hidden
  6
ByLayer
 62
  256
370
   -1
100
AcDbPolyline
 90
   19
 70
    0
 43
0
 10
67.69553020187129
 20
75.18974542930603
 10
67.65276539776266
 20
75.11090460274765
 10
67.5987129125824
 20
75.03176239614703
 10
67.53541633783293
 20
74.95647634225033
 10
67.46412459002775
 20
74.8864152712586
 10
67.33387478469734
 20
74.78645100354021
 10
67.19116843004491
 20
74.7056320927355
 10
66.96353163288417
 20
74.62014578188578
 10
66.72447838030696
 20
74.57210216573824
 10
66.47293588018721
 20
74.55828660019198
 10
66.2220503825227
 20
74.57968711562408
 10
66.04471577928629
 20
74.61789786670731
 10
65.87287549716415
 20
74.67696124866897
 10
65.71106065411321
 20
74.75814740597332
 10
65.60104047370918
 20
74.83262590376837
 10
65.50062377218707
 20
74.91937896277828
 10
65.42796407102736
 20
74.99827244137089
 10
65.36565144609469
 20
75.08189352147326
 10
65.30446979812871
 20
75.18974542930603
  0
LWPOLYLINE
  5
284
100
AcDbEntity
  8
hidden
  6
ByLayer
 62
  256
370
   -1
100
AcDbPolyline
 90
    4
 70
    0
 43
0
 10
65.30446979812871
 20
75.18974542930603
 10
65.21361053829472
 20
75.39978305023702
 10
65.13254147900749
 20
75.62437046327001
 10
65.0922880102769
 20
75.75370183514505
  0
LWPOLYLINE
  5
285
100
AcDbEntity
  8
hidden
  6
ByLayer
 62
  256
370
   -1
100
AcDbPolyline
 90
    8
 70
    0
 43
0
 10
64.89724918216356
 20
76.41577362049661
 10
64.91570396561673
 20
76.32531554089162
 10
64.94062210526729
 20
76.22699832776617
 10
64.96918860254235
 20
76.1295092616926
 10
65.00127946232541
 20
76.02968341242621
 10
65.03540644270088
 20
75.92847282330126
 10
65.06868255876185
 20
75.82921697953793
 10
65.0922880102769
 20
75.75370183514505
  0
LWPOLYLINE
  5
286
100
AcDbEntity
  8
hidden
  6
ByLayer
 62
  256
370
   -1
100
AcDbPolyline
 90
    3
 70
    0
 43
0
 10
64.89724918216356
 20
76.41577362049661
 10
64.87900239085947
 20
76.6225890159338
 10
64.87900000007406
 20
76.62498658117525
  0
LWPOLYLINE
  5
287
100
AcDbEntity
  8
hidden
  6
ByLayer
 62
  256
370
   -1
100
AcDbPolyline
 90
    4
 70
    0
 43
0
 10
65.09228801027689
 20
77.14580954001902
 10
65.16769479206057
 20
77.12113811993422
 10
65.25324122094456
 20
77.09791594048841
 10
65.30446979812869
 20
77.08580597929928
  0
LWPOLYLINE
  5
288
100
AcDbEntity
  8
hidden
  6
ByLayer
 62
  256
370
   -1
100
AcDbPolyline
 90
    4
 70
    0
 43
0
 10
67.69553020187131
 20
77.08580597929928
 10
67.78638946170531
 20
77.10815346043519
 10
67.86745852099253
 20
77.13204900330922
 10
67.90771198972311
 20
77.14580954001902
  0
LWPOLYLINE
  5
289
100
AcDbEntity
  8
hidden
  6
ByLayer
 62
  256
370
   -1
100
AcDbPolyline
 90
    5
 70
    0
 43
0
 10
68.00993884493266
 20
77.0851693328286
 10
67.99872060217116
 20
77.09946520599084
 10
67.96459362341012
 20
77.13172675457818
 10
67.93131750339363
 20
77.14713735466488
 10
67.92150259009192
 20
77.14813075433617
  0
LWPOLYLINE
  5
28A
100
AcDbEntity
  8
hidden
  6
ByLayer
 62
  256
370
   -1
100
AcDbPolyline
 90
    5
 70
    0
 43
0
 10
68.10275084437275
 20
76.83588350989919
 10
68.08429607299287
 20
76.9194039678022
 10
68.05937794465378
 20
76.99377375472157
 10
68.03081145614817
 20
77.05296592442134
 10
68.00993884493266
 20
77.0851693328286
  0
LWPOLYLINE
  5
28B
100
AcDbEntity
  8
hidden
  6
ByLayer
 62
  256
370
   -1
100
AcDbPolyline
 90
    3
 70
    0
 43
0
 10
68.10275084437275
 20
76.83588350989919
 10
68.12099760944514
 20
76.62741104879539
 10
68.12099999992596
 20
76.62501341800606
  0
LWPOLYLINE
  5
28C
100
AcDbEntity
  8
hidden
  6
ByLayer
 62
  256
370
   -1
100
AcDbPolyline
 90
    8
 70
    0
 43
0
 10
67.9077119897231
 20
75.75370183514505
 10
67.93626872179645
 20
75.84429093324636
 10
67.96999979852028
 20
75.9443862655814
 10
68.00401122632664
 20
76.04569619998703
 10
68.03764897031158
 20
76.15187735552574
 10
68.06761444836087
 20
76.25763759518784
 10
68.09262573326045
 20
76.36327446361108
 10
68.10275081783644
 20
76.41577362049661
  0
LWPOLYLINE
  5
28D
100
AcDbEntity
  8
hidden
  6
ByLayer
 62
  256
370
   -1
100
AcDbPolyline
 90
    4
 70
    0
 43
0
 10
67.9077119897231
 20
75.75370183514505
 10
67.8323052079394
 20
75.52182217282041
 10
67.74675877905541
 20
75.30356351118566
 10
67.69553020187129
 20
75.18974542930603
  0
LINE
  5
28E
100
AcDbEntity
  8
hidden
  6
ByLayer
 62
  256
370
   -1
100
AcDbLine
 10
68.121
 20
76.62500945854299
 11
68.121
 21
83.00087878835994
  0
LINE
  5
28F
100
AcDbEntity
  8
hidden
  6
ByLayer
 62
  256
370
   -1
100
AcDbLine
 10
64.879
 20
83.00093831525946
 11
64.879
 21
76.62500945913889
  0
LWPOLYLINE
  5
290
100
AcDbEntity
  8
hidden
  6
ByLayer
 62
  256
370
   -1
100
AcDbPolyline
 90
   22
 70
    0
 43
0
 10
64.87900000048941
 20
82.99996550339782
 10
64.88574780320913
 20
83.12904932778223
 10
64.93037958713711
 20
83.35834594354122
 10
65.01488362175014
 20
83.58382356239009
 10
65.13890372952272
 20
83.8012891094035
 10
65.29765679079547
 20
84.0013621777923
 10
65.49672397669715
 20
84.18488023601384
 10
65.72434893793199
 20
84.33612226387018
 10
65.89139868525183
 20
84.41648242767455
 10
66.06744601037185
 20
84.47791095348467
 10
66.24900493558495
 20
84.51859764748107
 10
66.51568478623464
 20
84.53855847483341
 10
66.78189680207484
 20
84.5132689308048
 10
67.03157001280137
 20
84.44617796700815
 10
67.26695586197856
 20
84.34089576142782
 10
67.48834964763232
 20
84.19650338102386
 10
67.68338692220244
 20
84.02152296638462
 10
67.85374607526697
 20
83.81201165984955
 10
67.98561524004887
 20
83.58276020114494
 10
68.07382697285684
 20
83.34307419084894
 10
68.11696854589516
 20
83.09959867161692
 10
68.12099999875451
 20
83.0000550577511
  0
LWPOLYLINE
  5
291
100
AcDbEntity
  8
hidden
  6
ByLayer
 62
  256
370
   -1
100
AcDbPolyline
 90
   11
 70
    0
 43
0
 10
68.12099999875451
 20
83.0000550577511
 10
68.11385279194504
 20
82.87107798174432
 10
68.06819599427708
 20
82.65304477917481
 10
67.98254123031134
 20
82.45417419569428
 10
67.85972305458405
 20
82.27498627495231
 10
67.69650590774953
 20
82.11358499677819
 10
67.50127391465753
 20
81.97861857799992
 10
67.26977099469906
 20
81.8685987170775
 10
67.01497270639659
 20
81.78995076353699
 10
66.76119359713286
 20
81.7460341143985
 10
66.5
 20
81.73120141471863
  0
LINE
  5
292
100
AcDbEntity
  8
hidden
  6
ByLayer
 62
  256
370
   -1
100
AcDbLine
 10
64.87900000007406
 20
76.62498658117525
 11
64.89724915562725
 21
76.8358835098992
  0
LINE
  5
293
100
AcDbEntity
  8
hidden
  6
ByLayer
 62
  256
370
   -1
100
AcDbLine
 10
68.12099999992596
 20
76.62501341800606
 11
68.10275081783644
 21
76.41577362049659
  0
LINE
  5
294
100
AcDbEntity
  8
hidden
  6
ByLayer
 62
  256
370
   -1
100
AcDbLine
 10
64.879
 20
103.25
 11
61
 21
103.25
  0
LINE
  5
295
100
AcDbEntity
  8
hidden
  6
ByLayer
 62
  256
370
   -1
100
AcDbLine
 10
72
 20
103.25
 11
68.121
 21
103.25
  0
LINE
  5
296
100
AcDbEntity
  8
hidden
  6
ByLayer
 62
  256
370
   -1
100
AcDbLine
 10
61
 20
67.75
 11
72
 21
67.75
  0
LINE
  5
297
100
AcDbEntity
  8
hidden
  6
ByLayer
 62
  256
370
   -1
100
AcDbLine
 10
72
 20
103.6004886248359
 11
67.90771198972311
 21
103.6004886248359
  0
LINE
  5
298
100
AcDbEntity
  8
hidden
  6
ByLayer
 62
  256
370
   -1
100
AcDbLine
 10
72
 20
103.2483427189453
 11
68.10275084437275
 21
103.2483427189453
  0
LINE
  5
299
100
AcDbEntity
  8
hidden
  6
ByLayer
 62
  256
370
   -1
100
AcDbLine
 10
68.10122012470279
 20
103.2482857644978
 11
72
 21
103.2482857644978
  0
LWPOLYLINE
  5
29A
100
AcDbEntity
  8
hidden
  6
ByLayer
 62
  256
370
   -1
100
AcDbPolyline
 90
    8
 70
    0
 43
0
 10
68.08992734226798
 20
103.2517567435187
 10
68.08392750700291
 20
103.2555753100337
 10
68.05937794465378
 20
103.2792277361029
 10
68.03040689951888
 20
103.3181329014055
 10
67.99872060217116
 20
103.3708511871698
 10
67.96411663349751
 20
103.4408787878406
 10
67.93131750339361
 20
103.5236454754451
 10
67.90771198972311
 20
103.6004886248359
  0
LINE
  5
29B
100
AcDbEntity
  8
hidden
  6
ByLayer
 62
  256
370
   -1
100
AcDbLine
 10
68.10146828691744
 20
103.2482857645368
 11
68.08992734226798
 21
103.2517567435187
  0
LINE
  5
29C
100
AcDbEntity
  8
hidden
  6
ByLayer
 62
  256
370
   -1
100
AcDbLine
 10
65.09228801027689
 20
103.6004886248359
 11
61
 21
103.6004886248359
  0
LINE
  5
29D
100
AcDbEntity
  8
hidden
  6
ByLayer
 62
  256
370
   -1
100
AcDbLine
 10
64.89724915562725
 20
103.2483427189453
 11
61
 21
103.2483427189453
  0
LINE
  5
29E
100
AcDbEntity
  8
hidden
  6
ByLayer
 62
  256
370
   -1
100
AcDbLine
 10
61
 20
103.2482857644978
 11
64.89866750989238
 21
103.2482857644978
  0
LINE
  5
29F
100
AcDbEntity
  8
hidden
  6
ByLayer
 62
  256
370
   -1
100
AcDbLine
 10
72
 20
67.3995113751641
 11
61
 21
67.3995113751641
  0
LINE
  5
2A0
100
AcDbEntity
  8
hidden
  6
ByLayer
 62
  256
370
   -1
100
AcDbLine
 10
72
 20
67.75165728345107
 11
61
 21
67.75165728345107
  0
LINE
  5
2A1
100
AcDbEntity
  8
hidden
  6
ByLayer
 62
  256
370
   -1
100
AcDbLine
 10
64.89724912609833
 20
103.2483427216119
 11
64.8985317130925
 21
103.2482857645368
  0
LWPOLYLINE
  5
2A2
100
AcDbEntity
  8
hidden
  6
ByLayer
 62
  256
370
   -1
100
AcDbPolyline
 90
    8
 70
    0
 43
0
 10
65.09228801027689
 20
103.6004886248359
 10
65.06325732621691
 20
103.5085054569224
 10
65.03000020147971
 20
103.427916530389
 10
64.9955432634396
 20
103.3605489342239
 10
64.96235102968839
 20
103.3075215229227
 10
64.93196387179542
 20
103.2696915633095
 10
64.90737426673955
 20
103.2504282995931
 10
64.8985341485
 20
103.2482857645576
  0
LWPOLYLINE
  5
2A3
100
AcDbEntity
  8
hidden
  6
ByLayer
 62
  256
370
   -1
100
AcDbPolyline
 90
    4
 70
    0
 43
0
 10
65.09228801027689
 20
103.6004886248359
 10
65.16769479206059
 20
103.8570397072453
 10
65.25324122094457
 20
104.0985205483259
 10
65.30446979812869
 20
104.2244485913947
  0
LWPOLYLINE
  5
2A4
100
AcDbEntity
  8
hidden
  6
ByLayer
 62
  256
370
   -1
100
AcDbPolyline
 90
    4
 70
    0
 43
0
 10
67.69553020187131
 20
104.2244485913947
 10
67.78638946170531
 20
103.9920634893278
 10
67.86745852099253
 20
103.7435805334207
 10
67.90771198972311
 20
103.6004886248359
  0
LINE
  5
2A5
100
AcDbEntity
  8
hidden
  6
ByLayer
 62
  256
370
   -1
100
AcDbLine
 10
68.10275084437275
 20
103.2483427189453
 11
68.12099999992594
 21
103.2499999999932
  0
LINE
  5
2A6
100
AcDbEntity
  8
hidden
  6
ByLayer
 62
  256
370
   -1
100
AcDbLine
 10
64.879
 20
103.2499810830394
 11
64.879
 21
92
  0
LINE
  5
2A7
100
AcDbEntity
  8
hidden
  6
ByLayer
 62
  256
370
   -1
100
AcDbLine
 10
68.121
 20
92
 11
68.121
 21
103.2499810817131
  0
LINE
  5
2A8
100
AcDbEntity
  8
hidden
  6
ByLayer
 62
  256
370
   -1
100
AcDbLine
 10
64.87900000007404
 20
103.2499999999932
 11
64.89724915562725
 21
103.2483427189453
  0
LWPOLYLINE
  5
2A9
100
AcDbEntity
  8
hidden
  6
ByLayer
 62
  256
370
   -1
100
AcDbPolyline
 90
    9
 70
    0
 43
0
 10
66.79037354275391
 20
104.5743656433418
 10
66.95528422071402
 20
104.5700054212315
 10
67.12712450283617
 20
104.5575066746812
 10
67.28893934588707
 20
104.531023568777
 10
67.39895952629107
 20
104.4985222989996
 10
67.49937622781313
 20
104.4506619546903
 10
67.5720359289728
 20
104.397569985412
 10
67.63434855390544
 20
104.3305502050536
 10
67.69553020187131
 20
104.2244485913947
  0
LWPOLYLINE
  5
2AA
100
AcDbEntity
  8
hidden
  6
ByLayer
 62
  256
370
   -1
100
AcDbPolyline
 90
    9
 70
    0
 43
0
 10
65.30446979812869
 20
104.2244485913947
 10
65.34723460223735
 20
104.3043313434136
 10
65.40128708741761
 20
104.3721562383666
 10
65.4645836621671
 20
104.4268664086227
 10
65.53587540997231
 20
104.4701106800666
 10
65.66612521530276
 20
104.5196506246709
 10
65.80883156995525
 20
104.5490937917376
 10
66.03646836711603
 20
104.5695780425771
 10
66.23443279095177
 20
104.5747250546431
  0
LINE
  5
2AB
100
AcDbEntity
  8
hidden
  6
ByLayer
 62
  256
370
   -1
100
AcDbLine
 10
65.30446979812869
 20
104.2244485913947
 11
61
 21
104.2244485913947
  0
LINE
  5
2AC
100
AcDbEntity
  8
hidden
  6
ByLayer
 62
  256
370
   -1
100
AcDbLine
 10
72
 20
104.2244485913947
 11
67.69553020187131
 21
104.2244485913947
  0
LINE
  5
2AD
100
AcDbEntity
  8
hidden
  6
ByLayer
 62
  256
370
   -1
100
AcDbLine
 10
72
 20
66.77555140860532
 11
61
 21
66.77555140860532
  0
LINE
  5
2AE
100
AcDbEntity
  8
hidden
  6
ByLayer
 62
  256
370
   -1
100
AcDbLine
 10
74.5
 20
92
 11
58.5
 21
92
  0
LINE
  5
2AF
100
AcDbEntity
  8
hidden
  6
ByLayer
 62
  256
370
   -1
100
AcDbLine
 10
72
 20
67.80824896501848
 11
61
 21
67.80824896501848
  0
LINE
  5
2B0
100
AcDbEntity
  8
hidden
  6
ByLayer
 62
  256
370
   -1
100
AcDbLine
 10
72
 20
103.1917510349815
 11
61
 21
103.1917510349815
  0
LINE
  5
2B1
100
AcDbEntity
  8
hidden
  6
ByLayer
 62
  256
370
   -1
100
AcDbLine
 10
72
 20
102.706359239362
 11
61
 21
102.706359239362
  0
LINE
  5
2B2
100
AcDbEntity
  8
hidden
  6
ByLayer
 62
  256
370
   -1
100
AcDbLine
 10
72
 20
68.29364062990314
 11
61
 21
68.29364062990314
  0
LINE
  5
2B3
100
AcDbEntity
  8
hidden
  6
ByLayer
 62
  256
370
   -1
100
AcDbLine
 10
58.5
 20
90.08257569495584
 11
74.5
 21
90.08257569495584
  0
LWPOLYLINE
  5
2B4
100
AcDbEntity
  8
hidden
  6
ByLayer
 62
  256
370
   -1
100
AcDbPolyline
 90
   12
 70
    0
 43
0
 10
66.5
 20
81.73120141471863
 10
66.23600440077166
 20
81.74635885689932
 10
65.97966128962413
 20
81.79122489297023
 10
65.73868378084299
 20
81.86532495308259
 10
65.51833840868387
 20
81.96749857657943
 10
65.31803369527246
 20
82.10176723015319
 10
65.15018713172789
 20
82.26328685292135
 10
65.05688721697146
 20
82.38830747801572
 10
64.98183670717135
 20
82.52449944001444
 10
64.92667373988309
 20
82.66967012457332
 10
64.88387000039822
 20
82.89419854916245
 10
64.87900000048941
 20
82.99996550339782
  0
LINE
  5
2B5
100
AcDbEntity
  8
hidden
  6
ByLayer
 62
  256
370
   -1
100
AcDbLine
 10
58.5
 20
80.5
 11
74.5
 21
80.5
  0
LINE
  5
2B6
100
AcDbEntity
  8
hidden
  6
ByLayer
 62
  256
370
   -1
100
AcDbLine
 10
72
 20
102.7757078273795
 11
61
 21
102.7757078273795
  0
LINE
  5
2B7
100
AcDbEntity
  8
hidden
  6
ByLayer
 62
  256
370
   -1
100
AcDbLine
 10
72
 20
102.5808059248294
 11
61
 21
102.5808059248294
  0
LINE
  5
2B8
100
AcDbEntity
  8
hidden
  6
ByLayer
 62
  256
370
   -1
100
AcDbLine
 10
61
 20
102.5578082692883
 11
72
 21
102.5578082692883
  0
LINE
  5
2B9
100
AcDbEntity
  8
hidden
  6
ByLayer
 62
  256
370
   -1
100
AcDbLine
 10
72
 20
68.22429217262052
 11
61
 21
68.22429217262052
  0
LINE
  5
2BA
100
AcDbEntity
  8
hidden
  6
ByLayer
 62
  256
370
   -1
100
AcDbLine
 10
72
 20
68.4191941228691
 11
61
 21
68.4191941228691
  0
LINE
  5
2BB
100
AcDbEntity
  8
hidden
  6
ByLayer
 62
  256
370
   -1
100
AcDbLine
 10
72
 20
68.44219173071174
 11
61
 21
68.44219173071174
  0
LINE
  5
2BC
100
AcDbEntity
  8
hidden
  6
ByLayer
 62
  256
370
   -1
100
AcDbLine
 10
72
 20
103.3031015803052
 11
61
 21
103.3031015803052
  0
LINE
  5
2BD
100
AcDbEntity
  8
hidden
  6
ByLayer
 62
  256
370
   -1
100
AcDbLine
 10
72
 20
67.69689841969482
 11
61
 21
67.69689841969482
  0
LINE
  5
2BE
100
AcDbEntity
  8
hidden
  6
ByLayer
 62
  256
370
   -1
100
AcDbLine
 10
72
 20
100.9917910003085
 11
61
 21
100.9917910003085
  0
LINE
  5
2BF
100
AcDbEntity
  8
hidden
  6
ByLayer
 62
  256
370
   -1
100
AcDbLine
 10
72
 20
70.00820909494441
 11
61
 21
70.00820909494441
  0
LINE
  5
2C0
100
AcDbEntity
  8
hidden
  6
ByLayer
 62
  256
370
   -1
100
AcDbLine
 10
72
 20
100.7736160909442
 11
61
 21
100.7736160909442
  0
LINE
  5
2C1
100
AcDbEntity
  8
hidden
  6
ByLayer
 62
  256
370
   -1
100
AcDbLine
 10
72
 20
100.7492404343028
 11
61
 21
100.7492404343028
  0
LINE
  5
2C2
100
AcDbEntity
  8
hidden
  6
ByLayer
 62
  256
370
   -1
100
AcDbLine
 10
61
 20
100.6632988379605
 11
72
 21
100.6632988379605
  0
LINE
  5
2C3
100
AcDbEntity
  8
hidden
  6
ByLayer
 62
  256
370
   -1
100
AcDbLine
 10
72
 20
70.22638390905583
 11
61
 21
70.22638390905583
  0
LINE
  5
2C4
100
AcDbEntity
  8
hidden
  6
ByLayer
 62
  256
370
   -1
100
AcDbLine
 10
72
 20
70.25075965544727
 11
61
 21
70.25075965544727
  0
LINE
  5
2C5
100
AcDbEntity
  8
hidden
  6
ByLayer
 62
  256
370
   -1
100
AcDbLine
 10
72
 20
70.33670116203953
 11
61
 21
70.33670116203953
  0
LINE
  5
2C6
100
AcDbEntity
  8
hidden
  6
ByLayer
 62
  256
370
   -1
100
AcDbLine
 10
72
 20
69.83149738246568
 11
61
 21
69.83149738246568
  0
LINE
  5
2C7
100
AcDbEntity
  8
hidden
  6
ByLayer
 62
  256
370
   -1
100
AcDbLine
 10
72
 20
101.1685026175343
 11
61
 21
101.1685026175343
  0
LINE
  5
2C8
100
AcDbEntity
  8
hidden
  6
ByLayer
 62
  256
370
   -1
100
AcDbLine
 10
72
 20
97.73065265875506
 11
61
 21
97.73065265875506
  0
LINE
  5
2C9
100
AcDbEntity
  8
hidden
  6
ByLayer
 62
  256
370
   -1
100
AcDbLine
 10
72
 20
97.87846440873976
 11
61
 21
97.87846440873976
  0
LINE
  5
2CA
100
AcDbEntity
  8
hidden
  6
ByLayer
 62
  256
370
   -1
100
AcDbLine
 10
61
 20
97.69386515743449
 11
72
 21
97.69386515743449
  0
LINE
  5
2CB
100
AcDbEntity
  8
hidden
  6
ByLayer
 62
  256
370
   -1
100
AcDbLine
 10
72
 20
73.26934734124494
 11
61
 21
73.26934734124494
  0
LINE
  5
2CC
100
AcDbEntity
  8
hidden
  6
ByLayer
 62
  256
370
   -1
100
AcDbLine
 10
72
 20
73.12153572422156
 11
61
 21
73.12153572422156
  0
LINE
  5
2CD
100
AcDbEntity
  8
hidden
  6
ByLayer
 62
  256
370
   -1
100
AcDbLine
 10
72
 20
73.30613484256554
 11
61
 21
73.30613484256554
  0
LINE
  5
2CE
100
AcDbEntity
  8
hidden
  6
ByLayer
 62
  256
370
   -1
100
AcDbLine
 10
72
 20
73.03387890519664
 11
61
 21
73.03387890519664
  0
LINE
  5
2CF
100
AcDbEntity
  8
hidden
  6
ByLayer
 62
  256
370
   -1
100
AcDbLine
 10
72
 20
97.96612109480336
 11
61
 21
97.96612109480336
  0
LINE
  5
2D0
100
AcDbEntity
  8
hidden
  6
ByLayer
 62
  256
370
   -1
100
AcDbLine
 10
73.60000000000002
 20
70.5
 11
74.44311111670676
 21
70.5
  0
LINE
  5
2D1
100
AcDbEntity
  8
hidden
  6
ByLayer
 62
  256
370
   -1
100
AcDbLine
 10
74.44311111670676
 20
100.5
 11
73.60000000000002
 21
100.5
  0
LINE
  5
2D2
100
AcDbEntity
  8
hidden
  6
ByLayer
 62
  256
370
   -1
100
AcDbLine
 10
58.55688888329324
 20
70.5
 11
59.39999999999998
 21
70.5
  0
LINE
  5
2D3
100
AcDbEntity
  8
hidden
  6
ByLayer
 62
  256
370
   -1
100
AcDbLine
 10
59.39999999999998
 20
100.5
 11
58.55688888329324
 21
100.5
  0
LINE
  5
2D4
100
AcDbEntity
  8
hidden
  6
ByLayer
 62
  256
370
   -1
100
AcDbLine
 10
72
 20
93.85419045998097
 11
61
 21
93.85419045998097
  0
LINE
  5
2D5
100
AcDbEntity
  8
hidden
  6
ByLayer
 62
  256
370
   -1
100
AcDbLine
 10
61
 20
93.85186922581693
 11
72
 21
93.85186922581693
  0
LINE
  5
2D6
100
AcDbEntity
  8
hidden
  6
ByLayer
 62
  256
370
   -1
100
AcDbLine
 10
72
 20
77.14580954001903
 11
61
 21
77.14580954001903
  0
LINE
  5
2D7
100
AcDbEntity
  8
hidden
  6
ByLayer
 62
  256
370
   -1
100
AcDbLine
 10
72
 20
77.14813077418307
 11
61
 21
77.14813077418307
  0
LINE
  5
2D8
100
AcDbEntity
  8
hidden
  6
ByLayer
 62
  256
370
   -1
100
AcDbLine
 10
72
 20
93.91419402070072
 11
61
 21
93.91419402070072
  0
LINE
  5
2D9
100
AcDbEntity
  8
hidden
  6
ByLayer
 62
  256
370
   -1
100
AcDbLine
 10
72
 20
77.08580597929929
 11
61
 21
77.08580597929929
  0
LINE
  5
2DA
100
AcDbEntity
  8
hidden
  6
ByLayer
 62
  256
370
   -1
100
AcDbLine
 10
73.59999999999999
 20
66.5606439961399
 11
74.44311111670676
 21
63.41411047216411
  0
LINE
  5
2DB
100
AcDbEntity
  8
hidden
  6
ByLayer
 62
  256
370
   -1
100
AcDbLine
 10
74.44311111670676
 20
107.5858895278359
 11
73.59999999999999
 21
104.4393560038601
  0
LINE
  5
2DC
100
AcDbEntity
  8
hidden
  6
ByLayer
 62
  256
370
   -1
100
AcDbLine
 10
73.59999999999999
 20
104.4393560038601
 11
73.59999999999999
 21
66.5606439961399
  0
LINE
  5
2DD
100
AcDbEntity
  8
hidden
  6
ByLayer
 62
  256
370
   -1
100
AcDbLine
 10
59.4
 20
104.4393560038601
 11
58.55688888329324
 21
107.5858895278359
  0
LINE
  5
2DE
100
AcDbEntity
  8
hidden
  6
ByLayer
 62
  256
370
   -1
100
AcDbLine
 10
58.55688888329324
 20
63.41411047216411
 11
59.4
 21
66.5606439961399
  0
LINE
  5
2DF
100
AcDbEntity
  8
hidden
  6
ByLayer
 62
  256
370
   -1
100
AcDbLine
 10
59.4
 20
104.4393560038601
 11
59.4
 21
66.5606439961399
  0
LINE
  5
2E0
100
AcDbEntity
  8
AM_5
  6
DASHED
 62
  256
370
   -1
100
AcDbLine
 10
68.5
 20
92
 11
64.5
 21
92
  0
LINE
  5
2E1
100
AcDbEntity
  8
center
  6
ByLayer
 62
  256
370
   -1
100
AcDbLine
 10
57.7
 20
85.5
 11
75.3
 21
85.5
  0
LINE
  5
2E2
100
AcDbEntity
  8
center
  6
ByLayer
 62
  256
370
   -1
100
AcDbLine
 10
66.5
 20
105.6075
 11
66.5
 21
84.5425
  0
LINE
  5
2E3
100
AcDbEntity
  8
vis
  6
ByLayer
 62
  256
370
   -1
100
AcDbLine
 10
72
 20
104.5766514517328
 11
61
 21
104.5766514517328
  0
LINE
  5
2E4
100
AcDbEntity
  8
vis
  6
ByLayer
 62
  256
370
   -1
100
AcDbLine
 10
61
 20
66.42334854826716
 11
72
 21
66.42334854826716
  0
LINE
  5
2E5
100
AcDbEntity
  8
AM_4
  6
ByLayer
 62
  256
370
   -1
100
AcDbLine
 10
72
 20
66.42576185001705
 11
61
 21
66.42576185001705
  0
LINE
  5
2E6
100
AcDbEntity
  8
AM_4
  6
ByLayer
 62
  256
370
   -1
100
AcDbLine
 10
72.00000000000011
 20
104.5742381562641
 11
61
 21
104.5742381562641
  0
LINE
  5
2E7
100
AcDbEntity
  8
AM_4
  6
ByLayer
 62
  256
370
   -1
100
AcDbLine
 10
72
 20
104.3647434863041
 11
61
 21
104.3647434863041
  0
LINE
  5
2E8
100
AcDbEntity
  8
AM_4
  6
ByLayer
 62
  256
370
   -1
100
AcDbLine
 10
72.00000000000011
 20
66.63525649150498
 11
61
 21
66.63525649150498
  0
LINE
  5
2E9
100
AcDbEntity
  8
AM_4
  6
ByLayer
 62
  256
370
   -1
100
AcDbLine
 10
72
 20
103.869755374595
 11
61
 21
103.869755374595
  0
LINE
  5
2EA
100
AcDbEntity
  8
AM_4
  6
ByLayer
 62
  256
370
   -1
100
AcDbLine
 10
72
 20
67.13024462540501
 11
61
 21
67.13024462540501
  0
LINE
  5
2EB
100
AcDbEntity
  8
vis
  6
ByLayer
 62
  256
370
   -1
100
AcDbLine
 10
72
 20
103.5210011383964
 11
61
 21
103.5210011383964
  0
LINE
  5
2EC
100
AcDbEntity
  8
vis
  6
ByLayer
 62
  256
370
   -1
100
AcDbLine
 10
61
 20
67.47899886160361
 11
72
 21
67.47899886160361
  0
LINE
  5
2ED
100
AcDbEntity
  8
AM_4
  6
ByLayer
 62
  256
370
   -1
100
AcDbLine
 10
72
 20
67.51614499459058
 11
61
 21
67.51614499459058
  0
LINE
  5
2EE
100
AcDbEntity
  8
AM_4
  6
ByLayer
 62
  256
370
   -1
100
AcDbLine
 10
72.00000000000011
 20
103.4838550378954
 11
61
 21
103.4838550378954
  0
LINE
  5
2EF
100
AcDbEntity
  8
AM_4
  6
ByLayer
 62
  256
370
   -1
100
AcDbLine
 10
72
 20
102.2631936864727
 11
61
 21
102.2631936864727
  0
LINE
  5
2F0
100
AcDbEntity
  8
AM_4
  6
ByLayer
 62
  256
370
   -1
100
AcDbLine
 10
72
 20
102.8696477294962
 11
61
 21
102.8696477294962
  0
LINE
  5
2F1
100
AcDbEntity
  8
AM_4
  6
ByLayer
 62
  256
370
   -1
100
AcDbLine
 10
72.00000000000011
 20
68.13035221616647
 11
61
 21
68.13035221616647
  0
LINE
  5
2F2
100
AcDbEntity
  8
AM_4
  6
ByLayer
 62
  256
370
   -1
100
AcDbLine
 10
72
 20
68.73680631352724
 11
61
 21
68.73680631352724
  0
LINE
  5
2F3
100
AcDbEntity
  8
AM_4
  6
ByLayer
 62
  256
370
   -1
100
AcDbLine
 10
72
 20
101.5773498490941
 11
61
 21
101.5773498490941
  0
LINE
  5
2F4
100
AcDbEntity
  8
AM_4
  6
ByLayer
 62
  256
370
   -1
100
AcDbLine
 10
72
 20
69.42265015090589
 11
61
 21
69.42265015090589
  0
LINE
  5
2F5
100
AcDbEntity
  8
vis
  6
ByLayer
 62
  256
370
   -1
100
AcDbLine
 10
61
 20
69.72118012948198
 11
72
 21
69.72118012948198
  0
LINE
  5
2F6
100
AcDbEntity
  8
vis
  6
ByLayer
 62
  256
370
   -1
100
AcDbLine
 10
72
 20
101.278819870518
 11
61
 21
101.278819870518
  0
LINE
  5
2F7
100
AcDbEntity
  8
AM_4
  6
ByLayer
 62
  256
370
   -1
100
AcDbLine
 10
72.00000000000011
 20
101.1679018075858
 11
61
 21
101.1679018075858
  0
LINE
  5
2F8
100
AcDbEntity
  8
AM_4
  6
ByLayer
 62
  256
370
   -1
100
AcDbLine
 10
72
 20
69.83209813805715
 11
61
 21
69.83209813805715
  0
LINE
  5
2F9
100
AcDbEntity
  8
AM_4
  6
ByLayer
 62
  256
370
   -1
100
AcDbLine
 10
72
 20
98.86730384006781
 11
61
 21
98.86730384006781
  0
LINE
  5
2FA
100
AcDbEntity
  8
AM_4
  6
ByLayer
 62
  256
370
   -1
100
AcDbLine
 10
72
 20
72.13269615993221
 11
61
 21
72.13269615993221
  0
LINE
  5
2FB
100
AcDbEntity
  8
AM_4
  6
ByLayer
 62
  256
370
   -1
100
AcDbLine
 10
72.00000000000011
 20
70.80916073259604
 11
61
 21
70.80916073259604
  0
LINE
  5
2FC
100
AcDbEntity
  8
AM_4
  6
ByLayer
 62
  256
370
   -1
100
AcDbLine
 10
72
 20
71.48575194889521
 11
61
 21
71.48575194889521
  0
LINE
  5
2FD
100
AcDbEntity
  8
AM_4
  6
ByLayer
 62
  256
370
   -1
100
AcDbLine
 10
72
 20
99.51424805110479
 11
61
 21
99.51424805110479
  0
LINE
  5
2FE
100
AcDbEntity
  8
AM_4
  6
ByLayer
 62
  256
370
   -1
100
AcDbLine
 10
72
 20
100.1908394495215
 11
61
 21
100.1908394495215
  0
LINE
  5
2FF
100
AcDbEntity
  8
AM_4
  6
ByLayer
 62
  256
370
   -1
100
AcDbLine
 10
72
 20
98.22148244466221
 11
61
 21
98.22148244466221
  0
LINE
  5
300
100
AcDbEntity
  8
AM_4
  6
ByLayer
 62
  256
370
   -1
100
AcDbLine
 10
72
 20
72.7785174259616
 11
61
 21
72.7785174259616
  0
LINE
  5
301
100
AcDbEntity
  8
vis
  6
ByLayer
 62
  256
370
   -1
100
AcDbLine
 10
61
 20
72.99709140387606
 11
72
 21
72.99709140387606
  0
LINE
  5
302
100
AcDbEntity
  8
vis
  6
ByLayer
 62
  256
370
   -1
100
AcDbLine
 10
72
 20
98.00290859612396
 11
61
 21
98.00290859612396
  0
LINE
  5
303
100
AcDbEntity
  8
vis
  6
ByLayer
 62
  256
370
   -1
100
AcDbLine
 10
74.44311111670676
 20
70.5
 11
74.5
 21
70.5
  0
LINE
  5
304
100
AcDbEntity
  8
vis
  6
ByLayer
 62
  256
370
   -1
100
AcDbLine
 10
74.5
 20
100.5
 11
74.44311111670676
 21
100.5
  0
LINE
  5
305
100
AcDbEntity
  8
vis
  6
ByLayer
 62
  256
370
   -1
100
AcDbLine
 10
74.5
 20
100.5
 11
74.5
 21
70.5
  0
LINE
  5
306
100
AcDbEntity
  8
vis
  6
ByLayer
 62
  256
370
   -1
100
AcDbLine
 10
58.5
 20
70.5
 11
58.55688888329324
 21
70.5
  0
LINE
  5
307
100
AcDbEntity
  8
vis
  6
ByLayer
 62
  256
370
   -1
100
AcDbLine
 10
58.55688888329324
 20
100.5
 11
58.5
 21
100.5
  0
LINE
  5
308
100
AcDbEntity
  8
vis
  6
ByLayer
 62
  256
370
   -1
100
AcDbLine
 10
58.5
 20
100.5
 11
58.5
 21
70.5
  0
LINE
  5
309
100
AcDbEntity
  8
AM_4
  6
ByLayer
 62
  256
370
   -1
100
AcDbLine
 10
72
 20
76.41577377115553
 11
61
 21
76.41577377115553
  0
LINE
  5
30A
100
AcDbEntity
  8
AM_4
  6
ByLayer
 62
  256
370
   -1
100
AcDbLine
 10
72
 20
94.58422606946374
 11
61
 21
94.58422606946374
  0
LINE
  5
30B
100
AcDbEntity
  8
AM_4
  6
ByLayer
 62
  256
370
   -1
100
AcDbLine
 10
72.00000000000011
 20
97.78420701252298
 11
61
 21
97.78420701252298
  0
LINE
  5
30C
100
AcDbEntity
  8
AM_4
  6
ByLayer
 62
  256
370
   -1
100
AcDbLine
 10
72
 20
73.21579290098309
 11
61
 21
73.21579290098309
  0
LINE
  5
30D
100
AcDbEntity
  8
AM_4
  6
ByLayer
 62
  256
370
   -1
100
AcDbLine
 10
72
 20
95.24629816485493
 11
61
 21
95.24629816485493
  0
LINE
  5
30E
100
AcDbEntity
  8
AM_4
  6
ByLayer
 62
  256
370
   -1
100
AcDbLine
 10
72
 20
75.75370183514508
 11
61
 21
75.75370183514508
  0
LINE
  5
30F
100
AcDbEntity
  8
AM_4
  6
ByLayer
 62
  256
370
   -1
100
AcDbLine
 10
72.00000000000011
 20
74.48912568067561
 11
61
 21
74.48912568067561
  0
LINE
  5
310
100
AcDbEntity
  8
AM_4
  6
ByLayer
 62
  256
370
   -1
100
AcDbLine
 10
72
 20
75.18974542930604
 11
61
 21
75.18974542930604
  0
LINE
  5
311
100
AcDbEntity
  8
AM_4
  6
ByLayer
 62
  256
370
   -1
100
AcDbLine
 10
72
 20
95.81025457069396
 11
61
 21
95.81025457069396
  0
LINE
  5
312
100
AcDbEntity
  8
AM_4
  6
ByLayer
 62
  256
370
   -1
100
AcDbLine
 10
72
 20
96.51087456494255
 11
61
 21
96.51087456494255
  0
LINE
  5
313
100
AcDbEntity
  8
AM_4
  6
ByLayer
 62
  256
370
   -1
100
AcDbLine
 10
72
 20
94.16411619582242
 11
61
 21
94.16411619582242
  0
LINE
  5
314
100
AcDbEntity
  8
AM_4
  6
ByLayer
 62
  256
370
   -1
100
AcDbLine
 10
72
 20
76.835883671815
 11
61
 21
76.835883671815
  0
LINE
  5
315
100
AcDbEntity
  8
AM_4
  6
ByLayer
 62
  256
370
   -1
100
AcDbLine
 10
72
 20
90.3278947000247
 11
61
 21
90.3278947000247
  0
LINE
  5
316
100
AcDbEntity
  8
AM_4
  6
ByLayer
 62
  256
370
   -1
100
AcDbLine
 10
72
 20
80.67210512145158
 11
61
 21
80.67210512145158
  0
LINE
  5
317
100
AcDbEntity
  8
vis
  6
ByLayer
 62
  256
370
   -1
100
AcDbLine
 10
72
 20
93.91651525486475
 11
61
 21
93.91651525486475
  0
LINE
  5
318
100
AcDbEntity
  8
vis
  6
ByLayer
 62
  256
370
   -1
100
AcDbLine
 10
61
 20
77.08348474513525
 11
72
 21
77.08348474513525
  0
LINE
  5
319
100
AcDbEntity
  8
AM_4
  6
ByLayer
 62
  256
370
   -1
100
AcDbLine
 10
72
 20
89.85932335079094
 11
61
 21
89.85932335079094
  0
LINE
  5
31A
100
AcDbEntity
  8
AM_4
  6
ByLayer
 62
  256
370
   -1
100
AcDbLine
 10
72
 20
81.14067682904503
 11
61
 21
81.14067682904503
  0
LINE
  5
31B
100
AcDbEntity
  8
AM_4
  6
ByLayer
 62
  256
370
   -1
100
AcDbLine
 10
72
 20
90.96109837622647
 11
61
 21
90.96109837622647
  0
LINE
  5
31C
100
AcDbEntity
  8
AM_4
  6
ByLayer
 62
  256
370
   -1
100
AcDbLine
 10
72
 20
80.03890162377354
 11
61
 21
80.03890162377354
  0
LINE
  5
31D
100
AcDbEntity
  8
AM_4
  6
ByLayer
 62
  256
370
   -1
100
AcDbLine
 10
72.00000000000011
 20
93.56336382063935
 11
61
 21
93.56336382063935
  0
LINE
  5
31E
100
AcDbEntity
  8
AM_4
  6
ByLayer
 62
  256
370
   -1
100
AcDbLine
 10
72
 20
77.43663645165628
 11
61
 21
77.43663645165628
  0
LINE
  5
31F
100
AcDbEntity
  8
AM_4
  6
ByLayer
 62
  256
370
   -1
100
AcDbLine
 10
72.00000000000011
 20
78.91946350683091
 11
61
 21
78.91946350683091
  0
LINE
  5
320
100
AcDbEntity
  8
AM_4
  6
ByLayer
 62
  256
370
   -1
100
AcDbLine
 10
72
 20
79.59636572020838
 11
61
 21
79.59636572020838
  0
LINE
  5
321
100
AcDbEntity
  8
AM_4
  6
ByLayer
 62
  256
370
   -1
100
AcDbLine
 10
72
 20
91.40363427979162
 11
61
 21
91.40363427979162
  0
LINE
  5
322
100
AcDbEntity
  8
AM_4
  6
ByLayer
 62
  256
370
   -1
100
AcDbLine
 10
72
 20
92.08053677509335
 11
61
 21
92.08053677509335
  0
LINE
  5
323
100
AcDbEntity
  8
AM_4
  6
ByLayer
 62
  256
370
   -1
100
AcDbLine
 10
72
 20
85.25744952924717
 11
61
 21
85.25744952924717
  0
LINE
  5
324
100
AcDbEntity
  8
AM_4
  6
ByLayer
 62
  256
370
   -1
100
AcDbLine
 10
72
 20
85.74255028525221
 11
61
 21
85.74255028525221
  0
LINE
  5
325
100
AcDbEntity
  8
AM_4
  6
ByLayer
 62
  256
370
   -1
100
AcDbLine
 10
72
 20
81.59159601268833
 11
61
 21
81.59159601268833
  0
LINE
  5
326
100
AcDbEntity
  8
AM_4
  6
ByLayer
 62
  256
370
   -1
100
AcDbLine
 10
72
 20
89.40840398731167
 11
61
 21
89.40840398731167
  0
LINE
  5
327
100
AcDbEntity
  8
AM_4
  6
ByLayer
 62
  256
370
   -1
100
AcDbLine
 10
72
 20
86.30373375814995
 11
61
 21
86.30373375814995
  0
LINE
  5
328
100
AcDbEntity
  8
AM_4
  6
ByLayer
 62
  256
370
   -1
100
AcDbLine
 10
72
 20
84.69626624185007
 11
61
 21
84.69626624185007
  0
LINE
  5
329
100
AcDbEntity
  8
AM_4
  6
ByLayer
 62
  256
370
   -1
100
AcDbLine
 10
72
 20
89.2888535292004
 11
61
 21
89.2888535292004
  0
LINE
  5
32A
100
AcDbEntity
  8
AM_4
  6
ByLayer
 62
  256
370
   -1
100
AcDbLine
 10
72
 20
81.7111464707996
 11
61
 21
81.7111464707996
  0
LINE
  5
32B
100
AcDbEntity
  8
AM_4
  6
ByLayer
 62
  256
370
   -1
100
AcDbLine
 10
72.00000000000011
 20
88.79301570971791
 11
61
 21
88.79301570971791
  0
LINE
  5
32C
100
AcDbEntity
  8
AM_4
  6
ByLayer
 62
  256
370
   -1
100
AcDbLine
 10
72
 20
82.20698458601562
 11
61
 21
82.20698458601562
  0
LINE
  5
32D
100
AcDbEntity
  8
AM_4
  6
ByLayer
 62
  256
370
   -1
100
AcDbLine
 10
72.00000000000011
 20
83.79825402014495
 11
61
 21
83.79825402014495
  0
LINE
  5
32E
100
AcDbEntity
  8
AM_4
  6
ByLayer
 62
  256
370
   -1
100
AcDbLine
 10
72
 20
84.40530893106157
 11
61
 21
84.40530893106157
  0
LINE
  5
32F
100
AcDbEntity
  8
AM_4
  6
ByLayer
 62
  256
370
   -1
100
AcDbLine
 10
72
 20
86.59469106893843
 11
61
 21
86.59469106893843
  0
LINE
  5
330
100
AcDbEntity
  8
AM_4
  6
ByLayer
 62
  256
370
   -1
100
AcDbLine
 10
72
 20
87.20174627887272
 11
61
 21
87.20174627887272
  0
LINE
  5
331
100
AcDbEntity
  8
vis
  6
ByLayer
 62
  256
370
   -1
100
AcDbLine
 10
72.00000000000011
 20
104.65
 11
72.00000000000011
 21
66.34999999999999
  0
LINE
  5
332
100
AcDbEntity
  8
vis
  6
ByLayer
 62
  256
370
   -1
100
AcDbLine
 10
72.00000000000011
 20
66.34999999999999
 11
72.89762979464429
 21
62.99999999999999
  0
LINE
  5
333
100
AcDbEntity
  8
vis
  6
ByLayer
 62
  256
370
   -1
100
AcDbLine
 10
72.89762979464429
 20
108
 11
72.00000000000011
 21
104.65
  0
LINE
  5
334
100
AcDbEntity
  8
vis
  6
ByLayer
 62
  256
370
   -1
100
AcDbLine
 10
74.44311111670676
 20
107.5858895278359
 11
72.89762979464429
 21
108
  0
LINE
  5
335
100
AcDbEntity
  8
vis
  6
ByLayer
 62
  256
370
   -1
100
AcDbLine
 10
72.89762979464429
 20
62.99999999999999
 11
74.44311111670676
 21
63.41411047216411
  0
LINE
  5
336
100
AcDbEntity
  8
vis
  6
ByLayer
 62
  256
370
   -1
100
AcDbLine
 10
74.44311111670676
 20
107.5858895278359
 11
74.44311111670676
 21
63.41411047216411
  0
LINE
  5
337
100
AcDbEntity
  8
vis
  6
ByLayer
 62
  256
370
   -1
100
AcDbLine
 10
72.89762979464429
 20
108
 11
72.89762979464429
 21
62.99999999999999
  0
LINE
  5
338
100
AcDbEntity
  8
vis
  6
ByLayer
 62
  256
370
   -1
100
AcDbLine
 10
58.55688888329324
 20
63.41411047216411
 11
60.10237020535573
 21
62.99999999999999
  0
LINE
  5
339
100
AcDbEntity
  8
vis
  6
ByLayer
 62
  256
370
   -1
100
AcDbLine
 10
60.10237020535573
 20
108
 11
58.55688888329324
 21
107.5858895278359
  0
LINE
  5
33A
100
AcDbEntity
  8
vis
  6
ByLayer
 62
  256
370
   -1
100
AcDbLine
 10
58.55688888329324
 20
107.5858895278359
 11
58.55688888329324
 21
63.41411047216411
  0
LINE
  5
33B
100
AcDbEntity
  8
vis
  6
ByLayer
 62
  256
370
   -1
100
AcDbLine
 10
60.99999999999987
 20
104.65
 11
60.99999999999987
 21
66.34999999999999
  0
LINE
  5
33C
100
AcDbEntity
  8
vis
  6
ByLayer
 62
  256
370
   -1
100
AcDbLine
 10
60.99999999999987
 20
104.65
 11
60.10237020535573
 21
108
  0
LINE
  5
33D
100
AcDbEntity
  8
vis
  6
ByLayer
 62
  256
370
   -1
100
AcDbLine
 10
60.10237020535573
 20
62.99999999999999
 11
60.99999999999987
 21
66.34999999999999
  0
LINE
  5
33E
100
AcDbEntity
  8
vis
  6
ByLayer
 62
  256
370
   -1
100
AcDbLine
 10
60.10237020535573
 20
108
 11
60.10237020535573
 21
62.99999999999999
  0
ENDBLK
  5
6E
330
6C
100
AcDbEntity
  8
0
100
AcDbBlockEnd
  0
BLOCK
  5
70
330
6F
100
AcDbEntity
  8
0
100
AcDbBlockBegin
  2
10_SET_SCREW4_3_1_0_in_MTP24XL037_A_C10_900
 70
    0
 10
0
 20
0
  3
10_SET_SCREW4_3_1_0_in_MTP24XL037_A_C10_900
  1

  0
LINE
  5
33F
100
AcDbEntity
  8
hidden
  6
ByLayer
 62
  256
370
   -1
100
AcDbLine
 10
116.6291651245989
 20
83.11602540378443
 11
117.9282032302755
 21
82.36602540378443
  0
LINE
  5
340
100
AcDbEntity
  8
hidden
  6
ByLayer
 62
  256
370
   -1
100
AcDbLine
 10
115.6291651245989
 20
81.38397459621557
 11
116.9282032302755
 21
80.63397459621557
  0
LINE
  5
341
100
AcDbEntity
  8
hidden
  6
ByLayer
 62
  256
370
   -1
100
AcDbLine
 10
116.6291651245989
 20
83.11602540378443
 11
115.6291651245989
 21
81.38397459621557
  0
LINE
  5
342
100
AcDbEntity
  8
hidden
  6
ByLayer
 62
  256
370
   -1
100
AcDbLine
 10
115.6291651245989
 20
82.53867513459481
 11
115.6291651245989
 21
81.38397459621557
  0
LINE
  5
343
100
AcDbEntity
  8
hidden
  6
ByLayer
 62
  256
370
   -1
100
AcDbLine
 10
116.6291651245989
 20
83.11602540378443
 11
115.6291651245989
 21
82.53867513459481
  0
LINE
  5
344
100
AcDbEntity
  8
hidden
  6
ByLayer
 62
  256
370
   -1
100
AcDbLine
 10
116.1291651245989
 20
82.25
 11
117.4282032302755
 21
81.5
  0
LINE
  5
345
100
AcDbEntity
  8
hidden
  6
ByLayer
 62
  256
370
   -1
100
AcDbLine
 10
114.2051270189222
 20
81.91746824526945
 11
115.4551270189222
 21
84.08253175473055
  0
LINE
  5
346
100
AcDbEntity
  8
hidden
  6
ByLayer
 62
  256
370
   -1
100
AcDbLine
 10
114.2051270189222
 20
81.91746824526945
 11
114.4796460717605
 21
80.89294919243112
  0
LINE
  5
347
100
AcDbEntity
  8
hidden
  6
ByLayer
 62
  256
370
   -1
100
AcDbLine
 10
116.4796460717605
 20
84.35705080756888
 11
115.4551270189222
 21
84.08253175473055
  0
LINE
  5
348
100
AcDbEntity
  8
hidden
  6
ByLayer
 62
  256
370
   -1
100
AcDbLine
 10
116.6429532302755
 20
80.13990710335653
 11
118.2134532302755
 21
82.86009289664347
  0
LINE
  5
349
100
AcDbEntity
  8
hidden
  6
ByLayer
 62
  256
370
   -1
100
AcDbLine
 10
118.2134532302755
 20
82.86009289664347
 11
118.0562453193501
 21
83.44680080756888
  0
LINE
  5
34A
100
AcDbEntity
  8
hidden
  6
ByLayer
 62
  256
370
   -1
100
AcDbLine
 10
116.0562453193501
 20
79.98269919243113
 11
116.6429532302755
 21
80.13990710335653
  0
LINE
  5
34B
100
AcDbEntity
  8
hidden
  6
ByLayer
 62
  256
370
   -1
100
AcDbLine
 10
114.4796460717605
 20
80.89294919243112
 11
116.4796460717605
 21
84.35705080756888
  0
LINE
  5
34C
100
AcDbEntity
  8
hidden
  6
ByLayer
 62
  256
370
   -1
100
AcDbLine
 10
116.0562453193501
 20
79.98269919243113
 11
118.0562453193501
 21
83.44680080756888
  0
LINE
  5
34D
100
AcDbEntity
  8
hidden
  6
ByLayer
 62
  256
370
   -1
100
AcDbLine
 10
118.0562453193501
 20
83.44680080756888
 11
116.4796460717605
 21
84.35705080756888
  0
LINE
  5
34E
100
AcDbEntity
  8
hidden
  6
ByLayer
 62
  256
370
   -1
100
AcDbLine
 10
114.4796460717605
 20
80.89294919243112
 11
116.0562453193501
 21
79.98269919243113
  0
LINE
  5
34F
100
AcDbEntity
  8
AM_5
  6
DASHED
 62
  256
370
   -1
100
AcDbLine
 10
118.2134532302755
 20
82.86009289664347
 11
115.8929381608351
 21
84.19984289664346
  0
LINE
  5
350
100
AcDbEntity
  8
AM_5
  6
DASHED
 62
  256
370
   -1
100
AcDbLine
 10
116.6429532302755
 20
80.13990710335653
 11
114.3224381608351
 21
81.47965710335654
  0
LINE
  5
351
100
AcDbEntity
  8
AM_5
  6
DASHED
 62
  256
370
   -1
100
AcDbLine
 10
113.8301270189222
 20
81.26794919243112
 11
115.8301270189222
 21
84.73205080756888
  0
ENDBLK
  5
71
330
6F
100
AcDbEntity
  8
0
100
AcDbBlockEnd
  0
BLOCK
  5
73
330
72
100
AcDbEntity
  8
0
100
AcDbBlockBegin
  2
11_SET_SCREW4_3_2_0_in_MTP24XL037_A_C10_900
 70
    0
 10
0
 20
0
  3
11_SET_SCREW4_3_2_0_in_MTP24XL037_A_C10_900
  1

  0
LINE
  5
352
100
AcDbEntity
  8
hidden
  6
ByLayer
 62
  256
370
   -1
100
AcDbLine
 10
109.5
 20
93.5
 11
109.5
 21
95
  0
LINE
  5
353
100
AcDbEntity
  8
hidden
  6
ByLayer
 62
  256
370
   -1
100
AcDbLine
 10
111.5
 20
93.5
 11
111.5
 21
95
  0
LINE
  5
354
100
AcDbEntity
  8
hidden
  6
ByLayer
 62
  256
370
   -1
100
AcDbLine
 10
109.5
 20
93.5
 11
111.5
 21
93.5
  0
LINE
  5
355
100
AcDbEntity
  8
hidden
  6
ByLayer
 62
  256
370
   -1
100
AcDbLine
 10
110.5
 20
92.92264973081038
 11
111.5
 21
93.5
  0
LINE
  5
356
100
AcDbEntity
  8
hidden
  6
ByLayer
 62
  256
370
   -1
100
AcDbLine
 10
109.5
 20
93.5
 11
110.5
 21
92.92264973081038
  0
LINE
  5
357
100
AcDbEntity
  8
hidden
  6
ByLayer
 62
  256
370
   -1
100
AcDbLine
 10
110.5
 20
93.5
 11
110.5
 21
95
  0
LINE
  5
358
100
AcDbEntity
  8
hidden
  6
ByLayer
 62
  256
370
   -1
100
AcDbLine
 10
111.75
 20
92
 11
112.5
 21
92.75
  0
LINE
  5
359
100
AcDbEntity
  8
hidden
  6
ByLayer
 62
  256
370
   -1
100
AcDbLine
 10
108.5
 20
92.75
 11
109.25
 21
92
  0
LINE
  5
35A
100
AcDbEntity
  8
hidden
  6
ByLayer
 62
  256
370
   -1
100
AcDbLine
 10
112.0705
 20
95
 11
108.9295
 21
95
  0
LINE
  5
35B
100
AcDbEntity
  8
hidden
  6
ByLayer
 62
  256
370
   -1
100
AcDbLine
 10
108.9295
 20
95
 11
108.5
 21
94.5705
  0
LINE
  5
35C
100
AcDbEntity
  8
hidden
  6
ByLayer
 62
  256
370
   -1
100
AcDbLine
 10
112.5
 20
94.5705
 11
112.0705
 21
95
  0
LINE
  5
35D
100
AcDbEntity
  8
hidden
  6
ByLayer
 62
  256
370
   -1
100
AcDbLine
 10
112.5
 20
92.75
 11
108.5
 21
92.75
  0
LINE
  5
35E
100
AcDbEntity
  8
hidden
  6
ByLayer
 62
  256
370
   -1
100
AcDbLine
 10
112.5
 20
94.5705
 11
108.5
 21
94.5705
  0
LINE
  5
35F
100
AcDbEntity
  8
hidden
  6
ByLayer
 62
  256
370
   -1
100
AcDbLine
 10
108.5
 20
94.5705
 11
108.5
 21
92.75
  0
LINE
  5
360
100
AcDbEntity
  8
hidden
  6
ByLayer
 62
  256
370
   -1
100
AcDbLine
 10
112.5
 20
92.75
 11
112.5
 21
94.5705
  0
LINE
  5
361
100
AcDbEntity
  8
AM_5
  6
DASHED
 62
  256
370
   -1
100
AcDbLine
 10
108.9295
 20
95
 11
108.9295
 21
92.3205
  0
LINE
  5
362
100
AcDbEntity
  8
AM_5
  6
DASHED
 62
  256
370
   -1
100
AcDbLine
 10
112.0705
 20
95
 11
112.0705
 21
92.3205
  0
LINE
  5
363
100
AcDbEntity
  8
AM_5
  6
DASHED
 62
  256
370
   -1
100
AcDbLine
 10
112.5
 20
92
 11
108.5
 21
92
  0
ENDBLK
  5
74
330
72
100
AcDbEntity
  8
0
100
AcDbBlockEnd
  0
BLOCK
  5
76
330
75
100
AcDbEntity
  8
0
100
AcDbBlockBegin
  2
12_MTP24XL037_A_C10_b_0_in_MTP24XL037_A_C10_900
 70
    0
 10
0
 20
0
  3
12_MTP24XL037_A_C10_b_0_in_MTP24XL037_A_C10_900
  1

  0
LINE
  5
364
100
AcDbEntity
  8
hidden
  6
ByLayer
 62
  256
370
   -1
100
AcDbLine
 10
108.879
 20
104.5766514517328
 11
108.879
 21
92
  0
LINE
  5
365
100
AcDbEntity
  8
hidden
  6
ByLayer
 62
  256
370
   -1
100
AcDbLine
 10
112.121
 20
92
 11
112.121
 21
104.5766514517328
  0
LINE
  5
366
100
AcDbEntity
  8
hidden
  6
ByLayer
 62
  256
370
   -1
100
AcDbLine
 10
127.8310128556732
 20
77.36570463516101
 11
115.4072058227802
 21
84.53859296996171
  0
LINE
  5
367
100
AcDbEntity
  8
hidden
  6
ByLayer
 62
  256
370
   -1
100
AcDbLine
 10
113.785750633201
 20
81.73120141471863
 11
126.2100128556732
 21
74.55805027609181
  0
LINE
  5
368
100
AcDbEntity
  8
hidden
  6
ByLayer
 62
  256
370
   -1
100
AcDbLine
 10
127.7757078273795
 20
90.96109837622646
 11
128.3031015803052
 21
91.40363427979162
  0
LINE
  5
369
100
AcDbEntity
  8
hidden
  6
ByLayer
 62
  256
370
   -1
100
AcDbLine
 10
126.5773498490941
 20
77.14580954001902
 11
127.2631936864728
 21
77.08580597929928
  0
ARC
  5
36A
100
AcDbEntity
  8
hidden
  6
ByLayer
 62
  256
370
   -1
100
AcDbCircle
 10
127.9110011383965
 20
79.12907860990569
 40
0.610000000000025
100
AcDbArc
 50
339.9017031884408
 51
50.00000000001284
  0
ARC
  5
36B
100
AcDbEntity
  8
hidden
  6
ByLayer
 62
  256
370
   -1
100
AcDbCircle
 10
110.5000000000767
 20
85.50000000004412
 40
17.74999999991154
100
AcDbArc
 50
29.21703882410586
 51
30.78296169820306
  0
ARC
  5
36C
100
AcDbEntity
  8
hidden
  6
ByLayer
 62
  256
370
   -1
100
AcDbCircle
 10
110.4999999999574
 20
85.50000000002463
 40
17.75000000004924
100
AcDbArc
 50
329.2170388241116
 51
330.7829606098195
  0
ARC
  5
36D
100
AcDbEntity
  8
hidden
  6
ByLayer
 62
  256
370
   -1
100
AcDbCircle
 10
126.2732988379604
 20
76.10358346131919
 40
0.6099999999999824
100
AcDbArc
 50
149.2170558618526
 51
215.000000000001
  0
ARC
  5
36E
100
AcDbEntity
  8
hidden
  6
ByLayer
 62
  256
370
   -1
100
AcDbCircle
 10
125.6688198705181
 20
74.83986380313179
 40
0.6100000000000106
100
AcDbArc
 50
324.9017807637501
 51
35.00000000001099
  0
ARC
  5
36F
100
AcDbEntity
  8
hidden
  6
ByLayer
 62
  256
370
   -1
100
AcDbCircle
 10
126.524184846018
 20
76.53813077418312
 40
0.6099999999999353
100
AcDbArc
 50
84.99999999999919
 51
150.7829606098255
  0
ARC
  5
370
100
AcDbEntity
  8
hidden
  6
ByLayer
 62
  256
370
   -1
100
AcDbCircle
 10
127.3163586895488
 20
77.69348474513525
 40
0.6100000000000073
100
AcDbArc
 50
264.9999999999984
 51
335.0982732438663
  0
LINE
  5
371
100
AcDbEntity
  8
hidden
  6
ByLayer
 62
  256
370
   -1
100
AcDbLine
 10
126.1685026175343
 20
75.18974542930603
 11
125.7736160909442
 21
75.75370183514505
  0
ARC
  5
372
100
AcDbEntity
  8
hidden
  6
ByLayer
 62
  256
370
   -1
100
AcDbCircle
 10
126.2732988379604
 20
94.89641653868073
 40
0.609999999999947
100
AcDbArc
 50
144.99999999999
 51
210.782928939834
  0
ARC
  5
373
100
AcDbEntity
  8
hidden
  6
ByLayer
 62
  256
370
   -1
100
AcDbCircle
 10
128.1678082692883
 20
90.49381126592381
 40
0.6100000000000688
100
AcDbArc
 50
129.9999999999971
 51
195.7829289398264
  0
LINE
  5
374
100
AcDbEntity
  8
hidden
  6
ByLayer
 62
  256
370
   -1
100
AcDbLine
 10
127.2631936864728
 20
93.91419402070071
 11
126.5773498490941
 21
93.85419045998096
  0
ARC
  5
375
100
AcDbEntity
  8
hidden
  6
ByLayer
 62
  256
370
   -1
100
AcDbCircle
 10
127.316358689549
 20
93.30651525486475
 40
0.6099999999999991
100
AcDbArc
 50
24.90178076375014
 51
95.00000000001231
  0
ARC
  5
376
100
AcDbEntity
  8
hidden
  6
ByLayer
 62
  256
370
   -1
100
AcDbCircle
 10
125.6688198705181
 20
96.16013619686809
 40
0.6099999999999959
100
AcDbArc
 50
324.9999999999997
 51
35.09827582452761
  0
LINE
  5
377
100
AcDbEntity
  8
hidden
  6
ByLayer
 62
  256
370
   -1
100
AcDbLine
 10
125.7736160909442
 20
95.24629816485492
 11
126.1685026175343
 21
95.81025457069396
  0
ARC
  5
378
100
AcDbEntity
  8
hidden
  6
ByLayer
 62
  256
370
   -1
100
AcDbCircle
 10
126.524184846018
 20
94.46186922581691
 40
0.6099999999999894
100
AcDbArc
 50
209.2170558618527
 51
275.0000000000003
  0
ARC
  5
379
100
AcDbEntity
  8
hidden
  6
ByLayer
 62
  256
370
   -1
100
AcDbCircle
 10
128.7638299862182
 20
82.31187920013706
 40
0.6100000000000029
100
AcDbArc
 50
279.9999999999991
 51
350.0982732438666
  0
ARC
  5
37A
100
AcDbEntity
  8
hidden
  6
ByLayer
 62
  256
370
   -1
100
AcDbCircle
 10
128.9666514517328
 20
83.85246118096917
 40
0.6100000000000609
100
AcDbArc
 50
354.9017419760933
 51
64.99999999999449
  0
LINE
  5
37B
100
AcDbEntity
  8
hidden
  6
ByLayer
 62
  256
370
   -1
100
AcDbLine
 10
129.2244485913947
 20
84.40530893106155
 11
128.6004886248359
 21
84.69626624185005
  0
ARC
  5
37C
100
AcDbEntity
  8
hidden
  6
ByLayer
 62
  256
370
   -1
100
AcDbCircle
 10
127.9110011383963
 20
91.87092139009425
 40
0.6100000000001219
100
AcDbArc
 50
310.0000000000051
 51
20.09827582451751
  0
ARC
  5
37D
100
AcDbEntity
  8
hidden
  6
ByLayer
 62
  256
370
   -1
100
AcDbCircle
 10
128.2976764233583
 20
90.00913671664907
 40
0.6099999999999596
100
AcDbArc
 50
194.217055861851
 51
260.0000000000029
  0
ARC
  5
37E
100
AcDbEntity
  8
hidden
  6
ByLayer
 62
  256
370
   -1
100
AcDbCircle
 10
128.8582857644976
 20
85.75088600805755
 40
0.6099999999999712
100
AcDbArc
 50
114.9999999999916
 51
180.7829289398307
  0
ARC
  5
37F
100
AcDbEntity
  8
hidden
  6
ByLayer
 62
  256
370
   -1
100
AcDbCircle
 10
110.5000000000024
 20
85.49999999999913
 40
17.74999999999746
100
AcDbArc
 50
344.21703882411
 51
345.7829616981996
  0
ARC
  5
380
100
AcDbEntity
  8
hidden
  6
ByLayer
 62
  256
370
   -1
100
AcDbCircle
 10
128.1678082692882
 20
80.50618873407609
 40
0.6099999999999399
100
AcDbArc
 50
164.217055861851
 51
230.0000000000039
  0
ARC
  5
381
100
AcDbEntity
  8
hidden
  6
ByLayer
 62
  256
370
   -1
100
AcDbCircle
 10
110.4999999998988
 20
85.49999999997283
 40
17.75000000010481
100
AcDbArc
 50
14.21703882411411
 51
15.78296169819432
  0
LINE
  5
382
100
AcDbEntity
  8
hidden
  6
ByLayer
 62
  256
370
   -1
100
AcDbLine
 10
128.869755374595
 20
89.28885352920038
 11
128.1917510349815
 21
89.40840398731166
  0
ARC
  5
383
100
AcDbEntity
  8
hidden
  6
ByLayer
 62
  256
370
   -1
100
AcDbCircle
 10
128.7638299862182
 20
88.688120799863
 40
0.6099999999999443
100
AcDbArc
 50
9.901741976084761
 51
79.99999999999982
  0
LINE
  5
384
100
AcDbEntity
  8
hidden
  6
ByLayer
 62
  256
370
   -1
100
AcDbLine
 10
128.1917510349815
 20
81.59159601268831
 11
128.869755374595
 21
81.7111464707996
  0
ARC
  5
385
100
AcDbEntity
  8
hidden
  6
ByLayer
 62
  256
370
   -1
100
AcDbCircle
 10
128.8582857644977
 20
85.24911399194237
 40
0.6099999999999455
100
AcDbArc
 50
179.2170558618494
 51
245.0000000000014
  0
LINE
  5
386
100
AcDbEntity
  8
hidden
  6
ByLayer
 62
  256
370
   -1
100
AcDbLine
 10
128.3031015803052
 20
79.59636572020837
 11
127.7757078273795
 21
80.03890162377353
  0
ARC
  5
387
100
AcDbEntity
  8
hidden
  6
ByLayer
 62
  256
370
   -1
100
AcDbCircle
 10
128.9666514517328
 20
87.14753881903077
 40
0.6100000000000055
100
AcDbArc
 50
295.0000000000048
 51
5.098258023910957
  0
LINE
  5
388
100
AcDbEntity
  8
hidden
  6
ByLayer
 62
  256
370
   -1
100
AcDbLine
 10
128.6004886248359
 20
86.30373375814992
 11
129.2244485913947
 21
86.59469106893843
  0
ARC
  5
389
100
AcDbEntity
  8
hidden
  6
ByLayer
 62
  256
370
   -1
100
AcDbCircle
 10
128.2976764233583
 20
80.99086328335085
 40
0.6100000000000071
100
AcDbArc
 50
99.99999999999355
 51
165.7829289398303
  0
ARC
  5
38A
100
AcDbEntity
  8
hidden
  6
ByLayer
 62
  256
370
   -1
100
AcDbCircle
 10
110.4999999999578
 20
85.49999999999987
 40
17.75000000004218
100
AcDbArc
 50
359.2170388241116
 51
0.7829616981973723
  0
ARC
  5
38B
100
AcDbEntity
  8
hidden
  6
ByLayer
 62
  256
370
   -1
100
AcDbCircle
 10
97.34132844736082
 20
98.30386515743449
 40
0.6100000000000043
100
AcDbArc
 50
250.0000000000045
 51
315.7829606098213
  0
LINE
  5
38C
100
AcDbEntity
  8
hidden
  6
ByLayer
 62
  256
370
   -1
100
AcDbLine
 10
98.03387890519664
 20
99.51424805110479
 11
98.26934734124494
 21
98.86730384006781
  0
ARC
  5
38D
100
AcDbEntity
  8
hidden
  6
ByLayer
 62
  256
370
   -1
100
AcDbCircle
 10
110.2491139919424
 20
103.8582857644978
 40
0.6100000000000184
100
AcDbArc
 50
205.0000000000042
 51
270.7829606098218
  0
ARC
  5
38E
100
AcDbEntity
  8
hidden
  6
ByLayer
 62
  256
370
   -1
100
AcDbCircle
 10
124.7228803385336
 20
97.39290859612402
 40
0.6099999999999897
100
AcDbArc
 50
39.90178076374708
 51
110.000000000012
  0
ARC
  5
38F
100
AcDbEntity
  8
hidden
  6
ByLayer
 62
  256
370
   -1
100
AcDbCircle
 10
123.3038651574344
 20
98.65867155263906
 40
0.6099999999999898
100
AcDbArc
 50
159.9999999999927
 51
225.7829289398313
  0
LINE
  5
390
100
AcDbEntity
  8
hidden
  6
ByLayer
 62
  256
370
   -1
100
AcDbLine
 10
97.13269615993221
 20
97.73065265875506
 11
96.48575194889521
 21
97.96612109480336
  0
ARC
  5
391
100
AcDbEntity
  8
hidden
  6
ByLayer
 62
  256
370
   -1
100
AcDbCircle
 10
119.8964165386808
 20
101.2732988379604
 40
0.6099999999999824
100
AcDbArc
 50
239.2170558618525
 51
305.000000000001
  0
LINE
  5
392
100
AcDbEntity
  8
hidden
  6
ByLayer
 62
  256
370
   -1
100
AcDbLine
 10
111.3037337581499
 20
67.39951137516411
 11
111.5946910689384
 21
66.77555140860531
  0
ARC
  5
393
100
AcDbEntity
  8
hidden
  6
ByLayer
 62
  256
370
   -1
100
AcDbCircle
 10
110.4999999999997
 20
85.50000000001155
 40
17.75000000001155
100
AcDbArc
 50
269.2170388241109
 51
270.7829606098223
  0
ARC
  5
394
100
AcDbEntity
  8
hidden
  6
ByLayer
 62
  256
370
   -1
100
AcDbCircle
 10
112.1475388190308
 20
67.03334854826717
 40
0.6100000000000253
100
AcDbArc
 50
205.0000000000024
 51
275.0982720725848
  0
ARC
  5
395
100
AcDbEntity
  8
hidden
  6
ByLayer
 62
  256
370
   -1
100
AcDbCircle
 10
110.7508860080576
 20
67.14171423550228
 40
0.6099999999999747
100
AcDbArc
 50
25.0000000000017
 51
90.78296060982314
  0
ARC
  5
396
100
AcDbEntity
  8
hidden
  6
ByLayer
 62
  256
370
   -1
100
AcDbCircle
 10
110.2491139919424
 20
67.14171423550228
 40
0.6099999999999874
100
AcDbArc
 50
89.21705586185342
 51
155.0000000000007
  0
LINE
  5
397
100
AcDbEntity
  8
hidden
  6
ByLayer
 62
  256
370
   -1
100
AcDbLine
 10
109.4053089310616
 20
66.77555140860532
 11
109.6962662418501
 21
67.3995113751641
  0
ARC
  5
398
100
AcDbEntity
  8
hidden
  6
ByLayer
 62
  256
370
   -1
100
AcDbCircle
 10
108.8524611809692
 20
67.03334854826714
 40
0.6099999999999798
100
AcDbArc
 50
264.9017419760886
 51
335.0000000000001
  0
ARC
  5
399
100
AcDbEntity
  8
hidden
  6
ByLayer
 62
  256
370
   -1
100
AcDbCircle
 10
97.69613484256556
 20
98.65867155263913
 40
0.6099999999999755
100
AcDbArc
 50
314.2170219649379
 51
20.00000000000184
  0
LINE
  5
39A
100
AcDbEntity
  8
hidden
  6
ByLayer
 62
  256
370
   -1
100
AcDbLine
 10
114.2888535292004
 20
67.13024462540501
 11
114.4084039873117
 21
67.80824896501848
  0
ARC
  5
39B
100
AcDbEntity
  8
hidden
  6
ByLayer
 62
  256
370
   -1
100
AcDbCircle
 10
110.5000000000006
 20
85.49999999999754
 40
17.74999999999747
100
AcDbArc
 50
284.2170388241094
 51
285.7829616981991
  0
ARC
  5
39C
100
AcDbEntity
  8
hidden
  6
ByLayer
 62
  256
370
   -1
100
AcDbCircle
 10
115.4938112659239
 20
67.83219173071186
 40
0.6099999999999448
100
AcDbArc
 50
39.99999999998941
 51
105.7829289398339
  0
LINE
  5
39D
100
AcDbEntity
  8
hidden
  6
ByLayer
 62
  256
370
   -1
100
AcDbLine
 10
115.9610983762265
 20
68.22429217262052
 11
116.4036342797916
 21
67.6968984196948
  0
ARC
  5
39E
100
AcDbEntity
  8
hidden
  6
ByLayer
 62
  256
370
   -1
100
AcDbCircle
 10
113.6881207998629
 20
67.23617001378184
 40
0.6099999999999935
100
AcDbArc
 50
279.901741976088
 51
349.9999999999994
  0
ARC
  5
39F
100
AcDbEntity
  8
hidden
  6
ByLayer
 62
  256
370
   -1
100
AcDbCircle
 10
116.8709213900942
 20
68.08899886160363
 40
0.6100000000000344
100
AcDbArc
 50
220.0000000000015
 51
290.0982720725848
  0
ARC
  5
3A0
100
AcDbEntity
  8
hidden
  6
ByLayer
 62
  256
370
   -1
100
AcDbCircle
 10
115.0091367166491
 20
67.70232357664162
 40
0.6100000000000286
100
AcDbArc
 50
104.2170558618549
 51
169.9999999999973
  0
ARC
  5
3A1
100
AcDbEntity
  8
hidden
  6
ByLayer
 62
  256
370
   -1
100
AcDbCircle
 10
121.1601361968682
 20
100.6688198705181
 40
0.6099999999999873
100
AcDbArc
 50
54.90178076374864
 51
125.0000000000125
  0
ARC
  5
3A2
100
AcDbEntity
  8
hidden
  6
ByLayer
 62
  256
370
   -1
100
AcDbCircle
 10
123.6586715526391
 20
98.30386515743447
 40
0.6100000000000055
100
AcDbArc
 50
224.2170568154184
 51
289.9999999999992
  0
LINE
  5
3A3
100
AcDbEntity
  8
hidden
  6
ByLayer
 62
  256
370
   -1
100
AcDbLine
 10
122.7306526587551
 20
98.86730384006779
 11
122.9661210948034
 21
99.5142480511048
  0
LINE
  5
3A4
100
AcDbEntity
  8
hidden
  6
ByLayer
 62
  256
370
   -1
100
AcDbLine
 10
124.5142480511048
 20
97.96612109480336
 11
123.8673038400678
 21
97.73065265875505
  0
ARC
  5
3A5
100
AcDbEntity
  8
hidden
  6
ByLayer
 62
  256
370
   -1
100
AcDbCircle
 10
110.4999999999034
 20
85.49999999990357
 40
17.7500000001365
100
AcDbArc
 50
44.21703879134461
 51
45.78296169819233
  0
ARC
  5
3A6
100
AcDbEntity
  8
hidden
  6
ByLayer
 62
  256
370
   -1
100
AcDbCircle
 10
122.3929085961239
 20
99.72288033853343
 40
0.6100000000000759
100
AcDbArc
 50
340.0000000000056
 51
50.09827582452214
  0
ARC
  5
3A7
100
AcDbEntity
  8
hidden
  6
ByLayer
 62
  256
370
   -1
100
AcDbCircle
 10
112.1475388190307
 20
103.9666514517329
 40
0.6099999999999128
100
AcDbArc
 50
84.90174197608397
 51
155.0000000000057
  0
ARC
  5
3A8
100
AcDbEntity
  8
hidden
  6
ByLayer
 62
  256
370
   -1
100
AcDbCircle
 10
110.5000000000054
 20
85.49999999999466
 40
17.75000000000759
100
AcDbArc
 50
134.2170399890179
 51
135.7829606098216
  0
ARC
  5
3A9
100
AcDbEntity
  8
hidden
  6
ByLayer
 62
  256
370
   -1
100
AcDbCircle
 10
110.499999999974
 20
85.50000000009632
 40
17.74999999990023
100
AcDbArc
 50
104.2170400200802
 51
105.7829606098255
  0
ARC
  5
3AA
100
AcDbEntity
  8
hidden
  6
ByLayer
 62
  256
370
   -1
100
AcDbCircle
 10
110.5000000000003
 20
85.49999999998832
 40
17.75000000001168
100
AcDbArc
 50
89.21704002008683
 51
90.7829606098223
  0
ARC
  5
3AB
100
AcDbEntity
  8
hidden
  6
ByLayer
 62
  256
370
   -1
100
AcDbCircle
 10
110.5000000000134
 20
85.50000000002322
 40
17.7499999999732
100
AcDbArc
 50
59.2170388241081
 51
60.78296060982287
  0
ARC
  5
3AC
100
AcDbEntity
  8
hidden
  6
ByLayer
 62
  256
370
   -1
100
AcDbCircle
 10
119.461869225817
 20
101.5241848460181
 40
0.6100000000000306
100
AcDbArc
 50
175.000000000004
 51
240.7829606098199
  0
LINE
  5
3AD
100
AcDbEntity
  8
hidden
  6
ByLayer
 62
  256
370
   -1
100
AcDbLine
 10
120.810254570694
 20
101.1685026175343
 11
120.2462981648549
 21
100.7736160909442
  0
LINE
  5
3AE
100
AcDbEntity
  8
hidden
  6
ByLayer
 62
  256
370
   -1
100
AcDbLine
 10
118.854190459981
 20
101.5773498490941
 11
118.9141940207007
 21
102.2631936864728
  0
ARC
  5
3AF
100
AcDbEntity
  8
hidden
  6
ByLayer
 62
  256
370
   -1
100
AcDbCircle
 10
118.3065152548648
 20
102.3163586895489
 40
0.6099999999999802
100
AcDbArc
 50
354.9999999999969
 51
65.09827676274196
  0
ARC
  5
3B0
100
AcDbEntity
  8
hidden
  6
ByLayer
 62
  256
370
   -1
100
AcDbCircle
 10
110.7508860080576
 20
103.8582857644977
 40
0.6099999999999796
100
AcDbArc
 50
269.2170210609156
 51
335.0000000000001
  0
ARC
  5
3B1
100
AcDbEntity
  8
hidden
  6
ByLayer
 62
  256
370
   -1
100
AcDbCircle
 10
108.8524611809692
 20
103.9666514517328
 40
0.6100000000000133
100
AcDbArc
 50
25.00000000000001
 51
95.09825138488561
  0
LINE
  5
3B2
100
AcDbEntity
  8
hidden
  6
ByLayer
 62
  256
370
   -1
100
AcDbLine
 10
102.0858059792993
 20
102.2631936864727
 11
102.145809540019
 21
101.5773498490941
  0
ARC
  5
3B3
100
AcDbEntity
  8
hidden
  6
ByLayer
 62
  256
370
   -1
100
AcDbCircle
 10
98.60709140387598
 20
99.72288033853357
 40
0.6099999999999808
100
AcDbArc
 50
129.901703188439
 51
200.0000000000132
  0
LINE
  5
3B4
100
AcDbEntity
  8
hidden
  6
ByLayer
 62
  256
370
   -1
100
AcDbLine
 10
111.5946910689384
 20
104.2244485913947
 11
111.3037337581499
 21
103.6004886248359
  0
LINE
  5
3B5
100
AcDbEntity
  8
hidden
  6
ByLayer
 62
  256
370
   -1
100
AcDbLine
 10
104.5963657202084
 20
67.69689841969482
 11
105.0389016237735
 21
68.22429217262052
  0
ARC
  5
3B6
100
AcDbEntity
  8
hidden
  6
ByLayer
 62
  256
370
   -1
100
AcDbCircle
 10
113.688120799863
 20
103.7638299862182
 40
0.6099999999999889
100
AcDbArc
 50
9.999999999999265
 51
80.09827676274121
  0
ARC
  5
3B7
100
AcDbEntity
  8
hidden
  6
ByLayer
 62
  256
370
   -1
100
AcDbCircle
 10
116.8709213900943
 20
102.9110011383965
 40
0.6100000000000174
100
AcDbArc
 50
69.90178076375095
 51
140.000000000011
  0
LINE
  5
3B8
100
AcDbEntity
  8
hidden
  6
ByLayer
 62
  256
370
   -1
100
AcDbLine
 10
106.7111464707996
 20
103.869755374595
 11
106.5915960126883
 21
103.1917510349815
  0
LINE
  5
3B9
100
AcDbEntity
  8
hidden
  6
ByLayer
 62
  256
370
   -1
100
AcDbLine
 10
114.4084039873117
 20
103.1917510349815
 11
114.2888535292004
 21
103.869755374595
  0
LINE
  5
3BA
100
AcDbEntity
  8
hidden
  6
ByLayer
 62
  256
370
   -1
100
AcDbLine
 10
116.4036342797916
 20
103.3031015803052
 11
115.9610983762265
 21
102.7757078273795
  0
ARC
  5
3BB
100
AcDbEntity
  8
hidden
  6
ByLayer
 62
  256
370
   -1
100
AcDbCircle
 10
115.4938112659239
 20
103.1678082692882
 40
0.6099999999999711
100
AcDbArc
 50
254.2170558618504
 51
320
  0
ARC
  5
3BC
100
AcDbEntity
  8
hidden
  6
ByLayer
 62
  256
370
   -1
100
AcDbCircle
 10
110.4999999999829
 20
85.49999999993501
 40
17.75000000006721
100
AcDbArc
 50
74.21703882411319
 51
75.78296060981965
  0
ARC
  5
3BD
100
AcDbEntity
  8
hidden
  6
ByLayer
 62
  256
370
   -1
100
AcDbCircle
 10
115.0091367166492
 20
103.2976764233584
 40
0.6100000000000267
100
AcDbArc
 50
190.000000000004
 51
255.7829606098202
  0
ARC
  5
3BE
100
AcDbEntity
  8
hidden
  6
ByLayer
 62
  256
370
   -1
100
AcDbCircle
 10
110.5000000000386
 20
85.49999999993258
 40
17.75000000007768
100
AcDbArc
 50
119.2170387602738
 51
120.7829606098174
  0
LINE
  5
3BF
100
AcDbEntity
  8
hidden
  6
ByLayer
 62
  256
370
   -1
100
AcDbLine
 10
109.6962662418501
 20
103.6004886248359
 11
109.4053089310616
 21
104.2244485913947
  0
ARC
  5
3C0
100
AcDbEntity
  8
hidden
  6
ByLayer
 62
  256
370
   -1
100
AcDbCircle
 10
107.311879200137
 20
103.7638299862182
 40
0.6099999999999656
100
AcDbArc
 50
99.90174197608849
 51
170.0000000000018
  0
ARC
  5
3C1
100
AcDbEntity
  8
hidden
  6
ByLayer
 62
  256
370
   -1
100
AcDbCircle
 10
105.5061887340761
 20
67.83219173071178
 40
0.6099999999999536
100
AcDbArc
 50
74.21705586185132
 51
140.0000000000029
  0
ARC
  5
3C2
100
AcDbEntity
  8
hidden
  6
ByLayer
 62
  256
370
   -1
100
AcDbCircle
 10
121.1601361968681
 20
70.33118012948195
 40
0.6099999999999959
100
AcDbArc
 50
234.9999999999997
 51
305.0982732438689
  0
ARC
  5
3C3
100
AcDbEntity
  8
hidden
  6
ByLayer
 62
  256
370
   -1
100
AcDbCircle
 10
118.3065152548647
 20
68.68364131045105
 40
0.6100000000000249
100
AcDbArc
 50
294.901780763749
 51
5.000000000010863
  0
ARC
  5
3C4
100
AcDbEntity
  8
hidden
  6
ByLayer
 62
  256
370
   -1
100
AcDbCircle
 10
105.5061887340761
 20
103.1678082692882
 40
0.6099999999999561
100
AcDbArc
 50
219.999999999999
 51
285.7829606098239
  0
ARC
  5
3C5
100
AcDbEntity
  8
hidden
  6
ByLayer
 62
  256
370
   -1
100
AcDbCircle
 10
110.5000000000717
 20
85.49999999987556
 40
17.74999999985638
100
AcDbArc
 50
299.2170388241034
 51
300.7829616982055
  0
LINE
  5
3C6
100
AcDbEntity
  8
hidden
  6
ByLayer
 62
  256
370
   -1
100
AcDbLine
 10
118.9141940207007
 20
68.73680631352724
 11
118.854190459981
 21
69.42265015090588
  0
ARC
  5
3C7
100
AcDbEntity
  8
hidden
  6
ByLayer
 62
  256
370
   -1
100
AcDbCircle
 10
119.461869225817
 20
69.47581515398193
 40
0.6100000000000421
100
AcDbArc
 50
119.2170558618561
 51
184.9999999999972
  0
ARC
  5
3C8
100
AcDbEntity
  8
hidden
  6
ByLayer
 62
  256
370
   -1
100
AcDbCircle
 10
119.8964165386807
 20
69.72670116203963
 40
0.609999999999947
100
AcDbArc
 50
54.99999999999
 51
120.782928939834
  0
LINE
  5
3C9
100
AcDbEntity
  8
hidden
  6
ByLayer
 62
  256
370
   -1
100
AcDbLine
 10
120.2462981648549
 20
70.22638390905581
 11
120.810254570694
 21
69.83149738246567
  0
ARC
  5
3CA
100
AcDbEntity
  8
hidden
  6
ByLayer
 62
  256
370
   -1
100
AcDbCircle
 10
99.83986380313191
 20
100.668819870518
 40
0.6100000000000309
100
AcDbArc
 50
55.00000000000203
 51
125.0982669035579
  0
ARC
  5
3CB
100
AcDbEntity
  8
hidden
  6
ByLayer
 62
  256
370
   -1
100
AcDbCircle
 10
124.7228803385334
 20
73.60709140387607
 40
0.6100000000000323
100
AcDbArc
 50
250.0000000000012
 51
320.0982720725846
  0
ARC
  5
3CC
100
AcDbEntity
  8
hidden
  6
ByLayer
 62
  256
370
   -1
100
AcDbCircle
 10
122.392908596124
 20
71.27711966146643
 40
0.6099999999999897
100
AcDbArc
 50
309.901780763747
 51
20.00000000001199
  0
ARC
  5
3CD
100
AcDbEntity
  8
hidden
  6
ByLayer
 62
  256
370
   -1
100
AcDbCircle
 10
110.5000000000552
 20
85.49999999994391
 40
17.74999999992128
100
AcDbArc
 50
314.2170387913375
 51
315.7829616982042
  0
LINE
  5
3CE
100
AcDbEntity
  8
hidden
  6
ByLayer
 62
  256
370
   -1
100
AcDbLine
 10
122.9661210948034
 20
71.4857519488952
 11
122.730652658755
 21
72.13269615993219
  0
ARC
  5
3CF
100
AcDbEntity
  8
hidden
  6
ByLayer
 62
  256
370
   -1
100
AcDbCircle
 10
123.3038651574345
 20
72.34132844736084
 40
0.6100000000000059
100
AcDbArc
 50
134.2170568154166
 51
199.9999999999984
  0
ARC
  5
3D0
100
AcDbEntity
  8
hidden
  6
ByLayer
 62
  256
370
   -1
100
AcDbCircle
 10
123.658671552639
 20
72.69613484256556
 40
0.6099999999999947
100
AcDbArc
 50
69.99999999999145
 51
135.7829289398304
  0
LINE
  5
3D1
100
AcDbEntity
  8
hidden
  6
ByLayer
 62
  256
370
   -1
100
AcDbLine
 10
123.8673038400678
 20
73.26934734124492
 11
124.5142480511048
 21
73.03387890519663
  0
LINE
  5
3D2
100
AcDbEntity
  8
hidden
  6
ByLayer
 62
  256
370
   -1
100
AcDbLine
 10
106.5915960126883
 20
67.80824896501848
 11
106.7111464707996
 21
67.13024462540501
  0
LINE
  5
3D3
100
AcDbEntity
  8
hidden
  6
ByLayer
 62
  256
370
   -1
100
AcDbLine
 10
105.0389016237735
 20
102.7757078273795
 11
104.5963657202084
 21
103.3031015803052
  0
ARC
  5
3D4
100
AcDbEntity
  8
hidden
  6
ByLayer
 62
  256
370
   -1
100
AcDbCircle
 10
102.6934847451353
 20
68.68364131045119
 40
0.6100000000000319
100
AcDbArc
 50
175.0000000000026
 51
245.0982701450485
  0
ARC
  5
3D5
100
AcDbEntity
  8
hidden
  6
ByLayer
 62
  256
370
   -1
100
AcDbCircle
 10
99.83986380313189
 20
70.33118012948202
 40
0.6100000000000376
100
AcDbArc
 50
234.9017419760949
 51
304.9999999999972
  0
ARC
  5
3D6
100
AcDbEntity
  8
hidden
  6
ByLayer
 62
  256
370
   -1
100
AcDbCircle
 10
105.9908632833509
 20
103.2976764233583
 40
0.6099999999999406
100
AcDbArc
 50
284.2170210609135
 51
350.0000000000039
  0
LINE
  5
3D7
100
AcDbEntity
  8
hidden
  6
ByLayer
 62
  256
370
   -1
100
AcDbLine
 10
102.145809540019
 20
69.42265015090589
 11
102.0858059792993
 21
68.73680631352724
  0
ARC
  5
3D8
100
AcDbEntity
  8
hidden
  6
ByLayer
 62
  256
370
   -1
100
AcDbCircle
 10
102.6934847451353
 20
102.3163586895488
 40
0.6099999999999899
100
AcDbArc
 50
114.9017419760904
 51
185.0000000000017
  0
ARC
  5
3D9
100
AcDbEntity
  8
hidden
  6
ByLayer
 62
  256
370
   -1
100
AcDbCircle
 10
101.538130774183
 20
101.524184846018
 40
0.610000000000024
100
AcDbArc
 50
299.2170577194425
 51
4.999999999999994
  0
ARC
  5
3DA
100
AcDbEntity
  8
hidden
  6
ByLayer
 62
  256
370
   -1
100
AcDbCircle
 10
101.1035834613192
 20
101.2732988379605
 40
0.6099999999999796
100
AcDbArc
 50
235.0000000000019
 51
300.7829606098225
  0
LINE
  5
3DB
100
AcDbEntity
  8
hidden
  6
ByLayer
 62
  256
370
   -1
100
AcDbLine
 10
100.7537018351451
 20
100.7736160909442
 11
100.189745429306
 21
101.1685026175343
  0
ARC
  5
3DC
100
AcDbEntity
  8
hidden
  6
ByLayer
 62
  256
370
   -1
100
AcDbCircle
 10
98.60709140387604
 20
71.27711966146656
 40
0.6100000000000055
100
AcDbArc
 50
160.0000000000003
 51
230.0982701450513
  0
ARC
  5
3DD
100
AcDbEntity
  8
hidden
  6
ByLayer
 62
  256
370
   -1
100
AcDbCircle
 10
104.1290786099058
 20
102.9110011383963
 40
0.6100000000000527
100
AcDbArc
 50
40.00000000000355
 51
110.0982491442566
  0
ARC
  5
3DE
100
AcDbEntity
  8
hidden
  6
ByLayer
 62
  256
370
   -1
100
AcDbCircle
 10
97.69613484256557
 20
72.34132844736085
 40
0.6099999999999473
100
AcDbArc
 50
339.9999999999998
 51
45.78296060982517
  0
LINE
  5
3DF
100
AcDbEntity
  8
hidden
  6
ByLayer
 62
  256
370
   -1
100
AcDbLine
 10
96.48575194889521
 20
73.03387890519664
 11
97.13269615993219
 21
73.26934734124494
  0
ARC
  5
3E0
100
AcDbEntity
  8
hidden
  6
ByLayer
 62
  256
370
   -1
100
AcDbCircle
 10
107.3118792001371
 20
67.23617001378184
 40
0.6100000000000054
100
AcDbArc
 50
190.0000000000004
 51
260.0982701450517
  0
ARC
  5
3E1
100
AcDbEntity
  8
hidden
  6
ByLayer
 62
  256
370
   -1
100
AcDbCircle
 10
104.1290786099058
 20
68.08899886160357
 40
0.6099999999999605
100
AcDbArc
 50
249.9017419760872
 51
320.000000000001
  0
ARC
  5
3E2
100
AcDbEntity
  8
hidden
  6
ByLayer
 62
  256
370
   -1
100
AcDbCircle
 10
110.4999999999866
 20
85.49999999997678
 40
17.7499999999732
100
AcDbArc
 50
239.2170388241081
 51
240.7829606098229
  0
ARC
  5
3E3
100
AcDbEntity
  8
hidden
  6
ByLayer
 62
  256
370
   -1
100
AcDbCircle
 10
101.5381307741831
 20
69.47581515398197
 40
0.6099999999999353
100
AcDbArc
 50
354.9999999999992
 51
60.78296060982546
  0
LINE
  5
3E4
100
AcDbEntity
  8
hidden
  6
ByLayer
 62
  256
370
   -1
100
AcDbLine
 10
100.189745429306
 20
69.83149738246568
 11
100.7537018351451
 21
70.22638390905583
  0
ARC
  5
3E5
100
AcDbEntity
  8
hidden
  6
ByLayer
 62
  256
370
   -1
100
AcDbCircle
 10
101.1035834613192
 20
69.72670116203948
 40
0.6100000000000557
100
AcDbArc
 50
59.21705586185667
 51
124.9999999999965
  0
ARC
  5
3E6
100
AcDbEntity
  8
hidden
  6
ByLayer
 62
  256
370
   -1
100
AcDbCircle
 10
105.9908632833508
 20
67.7023235766417
 40
0.6100000000000235
100
AcDbArc
 50
9.999999999994625
 51
75.78292893982962
  0
ARC
  5
3E7
100
AcDbEntity
  8
hidden
  6
ByLayer
 62
  256
370
   -1
100
AcDbCircle
 10
97.34132844736087
 20
72.69613484256557
 40
0.6099999999999657
100
AcDbArc
 50
44.2170568154165
 51
110.0000000000023
  0
ARC
  5
3E8
100
AcDbEntity
  8
hidden
  6
ByLayer
 62
  256
370
   -1
100
AcDbCircle
 10
110.5000000000093
 20
85.50000000003567
 40
17.75000000003687
100
AcDbArc
 50
254.2170388241117
 51
255.7829616981979
  0
ARC
  5
3E9
100
AcDbEntity
  8
hidden
  6
ByLayer
 62
  256
370
   -1
100
AcDbCircle
 10
110.5000000000031
 20
85.50000000000315
 40
17.75000000000442
100
AcDbArc
 50
224.2170387913393
 51
225.7829606098217
  0
LINE
  5
3EA
100
AcDbEntity
  8
hidden
  6
ByLayer
 62
  256
370
   -1
100
AcDbLine
 10
98.26934734124492
 20
72.13269615993221
 11
98.03387890519663
 21
71.48575194889521
  0
LINE
  5
3EB
100
AcDbEntity
  8
hidden
  6
ByLayer
 62
  256
370
   -1
100
AcDbLine
 10
94.83149738246568
 20
95.81025457069396
 11
95.22638390905581
 21
95.24629816485493
  0
ARC
  5
3EC
100
AcDbEntity
  8
hidden
  6
ByLayer
 62
  256
370
   -1
100
AcDbCircle
 10
93.68364131045105
 20
77.69348474513528
 40
0.6100000000000342
100
AcDbArc
 50
204.901703188442
 51
275.0000000000121
  0
LINE
  5
3ED
100
AcDbEntity
  8
hidden
  6
ByLayer
 62
  256
370
   -1
100
AcDbLine
 10
92.13024462540503
 20
81.7111464707996
 11
92.80824896501846
 21
81.59159601268833
  0
ARC
  5
3EE
100
AcDbEntity
  8
hidden
  6
ByLayer
 62
  256
370
   -1
100
AcDbCircle
 10
95.33118012948196
 20
74.83986380313191
 40
0.6100000000000075
100
AcDbArc
 50
145.0000000000005
 51
215.0982686140243
  0
ARC
  5
3EF
100
AcDbEntity
  8
hidden
  6
ByLayer
 62
  256
370
   -1
100
AcDbCircle
 10
92.83219173071166
 20
90.49381126592385
 40
0.6100000000000799
100
AcDbArc
 50
344.2170219649448
 51
49.99999999999714
  0
ARC
  5
3F0
100
AcDbEntity
  8
hidden
  6
ByLayer
 62
  256
370
   -1
100
AcDbCircle
 10
92.70232357664166
 20
80.9908632833509
 40
0.6099999999999782
100
AcDbArc
 50
14.21705681541707
 51
80.00000000000182
  0
ARC
  5
3F1
100
AcDbEntity
  8
hidden
  6
ByLayer
 62
  256
370
   -1
100
AcDbCircle
 10
93.08899886160353
 20
91.8709213900943
 40
0.610000000000025
100
AcDbArc
 50
159.9017031884407
 51
230.0000000000128
  0
ARC
  5
3F2
100
AcDbEntity
  8
hidden
  6
ByLayer
 62
  256
370
   -1
100
AcDbCircle
 10
93.68364131045121
 20
93.30651525486469
 40
0.6100000000000602
100
AcDbArc
 50
85.00000000000291
 51
155.0982686140204
  0
ARC
  5
3F3
100
AcDbEntity
  8
hidden
  6
ByLayer
 62
  256
370
   -1
100
AcDbCircle
 10
95.33118012948187
 20
96.16013619686821
 40
0.6099999999999856
100
AcDbArc
 50
144.9017031884389
 51
215.0000000000144
  0
LINE
  5
3F4
100
AcDbEntity
  8
hidden
  6
ByLayer
 62
  256
370
   -1
100
AcDbLine
 10
92.69689841969483
 20
91.40363427979162
 11
93.22429217262052
 21
90.96109837622647
  0
ARC
  5
3F5
100
AcDbEntity
  8
hidden
  6
ByLayer
 62
  256
370
   -1
100
AcDbCircle
 10
92.033348548267
 20
87.14753881903083
 40
0.6099999999999659
100
AcDbArc
 50
174.9017031884385
 51
245.0000000000144
  0
LINE
  5
3F6
100
AcDbEntity
  8
hidden
  6
ByLayer
 62
  256
370
   -1
100
AcDbLine
 10
94.42265015090588
 20
93.85419045998097
 11
93.73680631352725
 21
93.91419402070072
  0
ARC
  5
3F7
100
AcDbEntity
  8
hidden
  6
ByLayer
 62
  256
370
   -1
100
AcDbCircle
 10
94.47581515398204
 20
94.46186922581691
 40
0.6099999999999851
100
AcDbArc
 50
264.9999999999915
 51
330.7829289398319
  0
ARC
  5
3F8
100
AcDbEntity
  8
hidden
  6
ByLayer
 62
  256
370
   -1
100
AcDbCircle
 10
110.4999999999286
 20
85.50000000004151
 40
17.74999999991746
100
AcDbArc
 50
149.2170399890147
 51
150.7829616982033
  0
ARC
  5
3F9
100
AcDbEntity
  8
hidden
  6
ByLayer
 62
  256
370
   -1
100
AcDbCircle
 10
94.72670116203959
 20
94.8964165386808
 40
0.6099999999999542
100
AcDbArc
 50
329.2170219649366
 51
35.00000000000334
  0
ARC
  5
3FA
100
AcDbEntity
  8
hidden
  6
ByLayer
 62
  256
370
   -1
100
AcDbCircle
 10
96.27711966146657
 20
73.6070914038761
 40
0.6100000000000383
100
AcDbArc
 50
219.9017419760918
 51
289.9999999999971
  0
ARC
  5
3FB
100
AcDbEntity
  8
hidden
  6
ByLayer
 62
  256
370
   -1
100
AcDbCircle
 10
92.23617001378184
 20
88.68812079986293
 40
0.6100000000000194
100
AcDbArc
 50
100.0000000000001
 51
170.0982686140222
  0
ARC
  5
3FC
100
AcDbEntity
  8
hidden
  6
ByLayer
 62
  256
370
   -1
100
AcDbCircle
 10
92.7023235766416
 20
90.00913671664914
 40
0.6100000000000267
100
AcDbArc
 50
280.000000000004
 51
345.7829606098198
  0
LINE
  5
3FD
100
AcDbEntity
  8
hidden
  6
ByLayer
 62
  256
370
   -1
100
AcDbLine
 10
92.80824896501848
 20
89.40840398731167
 11
92.13024462540501
 21
89.2888535292004
  0
ARC
  5
3FE
100
AcDbEntity
  8
hidden
  6
ByLayer
 62
  256
370
   -1
100
AcDbCircle
 10
110.5000000000057
 20
85.49999999999829
 40
17.75000000000598
100
AcDbArc
 50
164.2170399890172
 51
165.782960609821
  0
ARC
  5
3FF
100
AcDbEntity
  8
hidden
  6
ByLayer
 62
  256
370
   -1
100
AcDbCircle
 10
96.27711966146656
 20
97.3929085961239
 40
0.6100000000000456
100
AcDbArc
 50
70.00000000000171
 51
140.0982686140206
  0
ARC
  5
400
100
AcDbEntity
  8
hidden
  6
ByLayer
 62
  256
370
   -1
100
AcDbCircle
 10
110.4999999999741
 20
85.49999999999329
 40
17.74999999997326
100
AcDbArc
 50
194.2170387913385
 51
195.7829606098237
  0
LINE
  5
401
100
AcDbEntity
  8
hidden
  6
ByLayer
 62
  256
370
   -1
100
AcDbLine
 10
93.73680631352725
 20
77.08580597929929
 11
94.42265015090588
 21
77.14580954001903
  0
LINE
  5
402
100
AcDbEntity
  8
hidden
  6
ByLayer
 62
  256
370
   -1
100
AcDbLine
 10
91.77555140860532
 20
86.59469106893843
 11
92.3995113751641
 21
86.30373375814995
  0
ARC
  5
403
100
AcDbEntity
  8
hidden
  6
ByLayer
 62
  256
370
   -1
100
AcDbCircle
 10
93.08899886160367
 20
79.12907860990579
 40
0.6100000000000527
100
AcDbArc
 50
130.0000000000036
 51
200.0982686140218
  0
ARC
  5
404
100
AcDbEntity
  8
hidden
  6
ByLayer
 62
  256
370
   -1
100
AcDbCircle
 10
92.03334854826714
 20
83.85246118096921
 40
0.6099999999999944
100
AcDbArc
 50
114.9999999999993
 51
185.0982686140236
  0
ARC
  5
405
100
AcDbEntity
  8
hidden
  6
ByLayer
 62
  256
370
   -1
100
AcDbCircle
 10
94.47581515398198
 20
76.53813077418312
 40
0.6099999999999483
100
AcDbArc
 50
29.21705681541563
 51
95.00000000000335
  0
ARC
  5
406
100
AcDbEntity
  8
hidden
  6
ByLayer
 62
  256
370
   -1
100
AcDbCircle
 10
110.4999999999239
 20
85.49999999995599
 40
17.74999999991207
100
AcDbArc
 50
209.217038791335
 51
210.7829606098255
  0
ARC
  5
407
100
AcDbEntity
  8
hidden
  6
ByLayer
 62
  256
370
   -1
100
AcDbCircle
 10
94.72670116203953
 20
76.10358346131919
 40
0.6099999999999796
100
AcDbArc
 50
325.0000000000019
 51
30.78296060982243
  0
LINE
  5
408
100
AcDbEntity
  8
hidden
  6
ByLayer
 62
  256
370
   -1
100
AcDbLine
 10
95.22638390905581
 20
75.75370183514508
 11
94.83149738246567
 21
75.18974542930604
  0
ARC
  5
409
100
AcDbEntity
  8
hidden
  6
ByLayer
 62
  256
370
   -1
100
AcDbCircle
 10
110.5000000000024
 20
85.50000000000026
 40
17.75000000000243
100
AcDbArc
 50
179.2170399890184
 51
180.7829606098225
  0
ARC
  5
40A
100
AcDbEntity
  8
hidden
  6
ByLayer
 62
  256
370
   -1
100
AcDbCircle
 10
92.14171423550228
 20
85.75088600805759
 40
0.6099999999999927
100
AcDbArc
 50
359.2170219649387
 51
65.00000000000064
  0
LINE
  5
40B
100
AcDbEntity
  8
hidden
  6
ByLayer
 62
  256
370
   -1
100
AcDbLine
 10
93.22429217262052
 20
80.03890162377354
 11
92.69689841969482
 21
79.59636572020838
  0
ARC
  5
40C
100
AcDbEntity
  8
hidden
  6
ByLayer
 62
  256
370
   -1
100
AcDbCircle
 10
92.23617001378175
 20
82.31187920013713
 40
0.6100000000000457
100
AcDbArc
 50
189.9017031884439
 51
260.0000000000113
  0
ARC
  5
40D
100
AcDbEntity
  8
hidden
  6
ByLayer
 62
  256
370
   -1
100
AcDbCircle
 10
92.83219173071171
 20
80.5061887340761
 40
0.6100000000000035
100
AcDbArc
 50
310.0000000000022
 51
15.7829606098225
  0
ARC
  5
40E
100
AcDbEntity
  8
hidden
  6
ByLayer
 62
  256
370
   -1
100
AcDbCircle
 10
92.14171423550223
 20
85.24911399194242
 40
0.6100000000000184
100
AcDbArc
 50
295.0000000000042
 51
0.7829606098217434
  0
LINE
  5
40F
100
AcDbEntity
  8
hidden
  6
ByLayer
 62
  256
370
   -1
100
AcDbLine
 10
92.39951137516411
 20
84.69626624185007
 11
91.77555140860532
 21
84.40530893106157
  0
LINE
  5
410
100
AcDbEntity
  8
AM_5
  6
DASHED
 62
  256
370
   -1
100
AcDbLine
 10
113.8301270189222
 20
81.26794919243112
 11
115.8301270189222
 21
84.73205080756888
  0
CIRCLE
  5
411
100
AcDbEntity
  8
hidden
  6
ByLayer
 62
  256
370
   -1
100
AcDbCircle
 10
110.4999999999994
 20
85.49999999999996
 40
19.14999999999953
  0
LINE
  5
412
100
AcDbEntity
  8
center
  6
ByLayer
 62
  256
370
   -1
100
AcDbLine
 10
86.87499999999999
 20
85.5
 11
134.125
 21
85.5
  0
LINE
  5
413
100
AcDbEntity
  8
center
  6
ByLayer
 62
  256
370
   -1
100
AcDbLine
 10
110.5
 20
61.87499999999999
 11
110.5
 21
109.125
  0
LINE
  5
414
100
AcDbEntity
  8
center
  6
ByLayer
 62
  256
370
   -1
100
AcDbLine
 10
109.0021181758764
 20
86.36480247437201
 11
128.5822683065956
 21
75.060197525628
  0
CIRCLE
  5
415
100
AcDbEntity
  8
vis
  6
ByLayer
 62
  256
370
   -1
100
AcDbCircle
 10
110.5
 20
85.5
 40
18.93935600386025
  0
CIRCLE
  5
416
100
AcDbEntity
  8
vis
  6
ByLayer
 62
  256
370
   -1
100
AcDbCircle
 10
110.5
 20
85.5
 40
22.08588952783607
  0
CIRCLE
  5
417
100
AcDbEntity
  8
vis
  6
ByLayer
 62
  256
370
   -1
100
AcDbCircle
 10
110.5
 20
85.5
 40
22.50000000000019
  0
ARC
  5
418
100
AcDbEntity
  8
vis
  6
ByLayer
 62
  256
370
   -1
100
AcDbCircle
 10
110.5
 20
85.5
 40
4.999999999999996
100
AcDbArc
 50
113.5781784782018
 51
66.42182152179815
  0
LINE
  5
419
100
AcDbEntity
  8
vis
  6
ByLayer
 62
  256
370
   -1
100
AcDbLine
 10
112.5
 20
92
 11
108.5
 21
92
  0
LINE
  5
41A
100
AcDbEntity
  8
vis
  6
ByLayer
 62
  256
370
   -1
100
AcDbLine
 10
112.5
 20
90.08257569495584
 11
112.5
 21
92
  0
LINE
  5
41B
100
AcDbEntity
  8
vis
  6
ByLayer
 62
  256
370
   -1
100
AcDbLine
 10
108.5
 20
92
 11
108.5
 21
90.08257569495584
  0
CIRCLE
  5
41C
100
AcDbEntity
  8
vis
  6
ByLayer
 62
  256
370
   -1
100
AcDbCircle
 10
110.5
 20
85.5
 40
15.00000000000012
  0
ENDBLK
  5
77
330
75
100
AcDbEntity
  8
0
100
AcDbBlockEnd
  0
BLOCK
  5
79
330
78
100
AcDbEntity
  8
0
100
AcDbBlockBegin
  2
13_SET_SCREW4_3_1_0_in_MTP24XL037_A_C10_900
 70
    0
 10
0
 20
0
  3
13_SET_SCREW4_3_1_0_in_MTP24XL037_A_C10_900
  1

  0
ELLIPSE
  5
41D
100
AcDbEntity
  8
hidden
  6
ByLayer
 62
  256
370
   -1
100
AcDbEllipse
 10
154.5
 20
83
 30
0
 11
-1.25000000000001
 21
1.530808498934204e-16
 31
0
 40
0.8660254037844387
 41
0
 42
6.283185307179586
  0
LINE
  5
41E
100
AcDbEntity
  8
hidden
  6
ByLayer
 62
  256
370
   -1
100
AcDbLine
 10
153.9226497308104
 20
83.11602540378443
 11
153.3452994616208
 21
82.25
  0
LINE
  5
41F
100
AcDbEntity
  8
hidden
  6
ByLayer
 62
  256
370
   -1
100
AcDbLine
 10
155.6547005383792
 20
82.25
 11
155.0773502691896
 21
83.11602540378443
  0
ELLIPSE
  5
420
100
AcDbEntity
  8
hidden
  6
ByLayer
 62
  256
370
   -1
100
AcDbEllipse
 10
154.5
 20
82.25
 30
0
 11
1.000000000000013
 21
1.421085471520219e-14
 31
0
 40
0.8660254037844398
 41
1.570796326794884
 42
4.712388980384677
  0
ELLIPSE
  5
421
100
AcDbEntity
  8
hidden
  6
ByLayer
 62
  256
370
   -1
100
AcDbEllipse
 10
154.5
 20
82.25
 30
0
 11
1.00000000000001
 21
0
 31
0
 40
0.8660254037844385
 41
4.71238898038469
 42
7.853981633974483
  0
LINE
  5
422
100
AcDbEntity
  8
hidden
  6
ByLayer
 62
  256
370
   -1
100
AcDbLine
 10
155.0773502691896
 20
83.11602540378443
 11
153.9226497308104
 21
83.11602540378443
  0
LINE
  5
423
100
AcDbEntity
  8
hidden
  6
ByLayer
 62
  256
370
   -1
100
AcDbLine
 10
153.9226497308104
 20
81.38397459621557
 11
155.0773502691896
 21
81.38397459621557
  0
LINE
  5
424
100
AcDbEntity
  8
hidden
  6
ByLayer
 62
  256
370
   -1
100
AcDbLine
 10
153.3452994616208
 20
82.25
 11
153.3452994616208
 21
81.5
  0
LINE
  5
425
100
AcDbEntity
  8
hidden
  6
ByLayer
 62
  256
370
   -1
100
AcDbLine
 10
153.9226497308104
 20
81.38397459621557
 11
153.9226497308104
 21
80.63397459621557
  0
LINE
  5
426
100
AcDbEntity
  8
hidden
  6
ByLayer
 62
  256
370
   -1
100
AcDbLine
 10
153.3452994616208
 20
82.25
 11
153.9226497308104
 21
81.38397459621557
  0
LINE
  5
427
100
AcDbEntity
  8
hidden
  6
ByLayer
 62
  256
370
   -1
100
AcDbLine
 10
155.6547005383792
 20
82.25
 11
155.6547005383792
 21
81.5
  0
LINE
  5
428
100
AcDbEntity
  8
hidden
  6
ByLayer
 62
  256
370
   -1
100
AcDbLine
 10
155.0773502691896
 20
81.38397459621557
 11
155.6547005383792
 21
82.25
  0
LINE
  5
429
100
AcDbEntity
  8
hidden
  6
ByLayer
 62
  256
370
   -1
100
AcDbLine
 10
155.0773502691896
 20
81.38397459621557
 11
155.0773502691896
 21
80.63397459621557
  0
LINE
  5
42A
100
AcDbEntity
  8
hidden
  6
ByLayer
 62
  256
370
   -1
100
AcDbLine
 10
155.0773502691896
 20
83.11602540378443
 11
155.0773502691896
 21
82.36602540378443
  0
LINE
  5
42B
100
AcDbEntity
  8
hidden
  6
ByLayer
 62
  256
370
   -1
100
AcDbLine
 10
153.9226497308104
 20
83.11602540378443
 11
153.9226497308104
 21
82.36602540378443
  0
LINE
  5
42C
100
AcDbEntity
  8
hidden
  6
ByLayer
 62
  256
370
   -1
100
AcDbLine
 10
156.5
 20
81.71475
 11
156.5
 21
82.625
  0
LINE
  5
42D
100
AcDbEntity
  8
hidden
  6
ByLayer
 62
  256
370
   -1
100
AcDbLine
 10
152.5
 20
82.625
 11
152.5
 21
81.71475
  0
LINE
  5
42E
100
AcDbEntity
  8
hidden
  6
ByLayer
 62
  256
370
   -1
100
AcDbLine
 10
155.6547005383792
 20
81.5
 11
155.0773502691896
 21
82.36602540378443
  0
LINE
  5
42F
100
AcDbEntity
  8
hidden
  6
ByLayer
 62
  256
370
   -1
100
AcDbLine
 10
155.0773502691896
 20
80.63397459621557
 11
155.6547005383792
 21
81.5
  0
LINE
  5
430
100
AcDbEntity
  8
hidden
  6
ByLayer
 62
  256
370
   -1
100
AcDbLine
 10
153.9226497308104
 20
80.63397459621557
 11
155.0773502691896
 21
80.63397459621557
  0
LINE
  5
431
100
AcDbEntity
  8
hidden
  6
ByLayer
 62
  256
370
   -1
100
AcDbLine
 10
153.3452994616208
 20
81.5
 11
153.9226497308104
 21
80.63397459621557
  0
LINE
  5
432
100
AcDbEntity
  8
hidden
  6
ByLayer
 62
  256
370
   -1
100
AcDbLine
 10
153.9226497308104
 20
82.36602540378443
 11
153.3452994616208
 21
81.5
  0
LINE
  5
433
100
AcDbEntity
  8
hidden
  6
ByLayer
 62
  256
370
   -1
100
AcDbLine
 10
153.9226497308104
 20
82.36602540378443
 11
155.0773502691896
 21
82.36602540378443
  0
ELLIPSE
  5
434
100
AcDbEntity
  8
hidden
  6
ByLayer
 62
  256
370
   -1
100
AcDbEllipse
 10
154.5
 20
81.5
 30
0
 11
-1.570500000000012
 21
1.923307798060933e-16
 31
0
 40
0.8660254037844388
 41
0
 42
6.283185307179586
  0
ELLIPSE
  5
435
100
AcDbEntity
  8
hidden
  6
ByLayer
 62
  256
370
   -1
100
AcDbEllipse
 10
154.5
 20
82.625
 30
0
 11
2.000000000000015
 21
0
 31
0
 40
0.8660254037844388
 41
0
 42
6.283185307179586
  0
ELLIPSE
  5
436
100
AcDbEntity
  8
hidden
  6
ByLayer
 62
  256
370
   -1
100
AcDbEllipse
 10
154.5
 20
81.71475000000001
 30
0
 11
2.000000000000017
 21
-1.470071343486107e-14
 31
0
 40
0.8660254037844388
 41
0
 42
6.283185307179586
  0
ENDBLK
  5
7A
330
78
100
AcDbEntity
  8
0
100
AcDbBlockEnd
  0
BLOCK
  5
7C
330
7B
100
AcDbEntity
  8
0
100
AcDbBlockBegin
  2
14_SET_SCREW4_3_2_0_in_MTP24XL037_A_C10_900
 70
    0
 10
0
 20
0
  3
14_SET_SCREW4_3_2_0_in_MTP24XL037_A_C10_900
  1

  0
LINE
  5
437
100
AcDbEntity
  8
hidden
  6
ByLayer
 62
  256
370
   -1
100
AcDbLine
 10
153.3452994616208
 20
93.5
 11
153.3452994616208
 21
95
  0
LINE
  5
438
100
AcDbEntity
  8
hidden
  6
ByLayer
 62
  256
370
   -1
100
AcDbLine
 10
155.6547005383792
 20
93.5
 11
155.6547005383792
 21
95
  0
LINE
  5
439
100
AcDbEntity
  8
hidden
  6
ByLayer
 62
  256
370
   -1
100
AcDbLine
 10
153.3452994616208
 20
93.5
 11
155.6547005383792
 21
93.5
  0
LINE
  5
43A
100
AcDbEntity
  8
hidden
  6
ByLayer
 62
  256
370
   -1
100
AcDbLine
 10
155.0773502691896
 20
93.5
 11
155.0773502691896
 21
95
  0
LINE
  5
43B
100
AcDbEntity
  8
hidden
  6
ByLayer
 62
  256
370
   -1
100
AcDbLine
 10
153.9226497308104
 20
93.5
 11
153.9226497308104
 21
95
  0
LINE
  5
43C
100
AcDbEntity
  8
hidden
  6
ByLayer
 62
  256
370
   -1
100
AcDbLine
 10
154.5
 20
92.92264973081038
 11
155.5
 21
93.5
  0
LINE
  5
43D
100
AcDbEntity
  8
hidden
  6
ByLayer
 62
  256
370
   -1
100
AcDbLine
 10
153.5
 20
93.5
 11
154.5
 21
92.92264973081038
  0
LINE
  5
43E
100
AcDbEntity
  8
hidden
  6
ByLayer
 62
  256
370
   -1
100
AcDbLine
 10
152.9295
 20
95
 11
152.5
 21
94.5705
  0
LINE
  5
43F
100
AcDbEntity
  8
hidden
  6
ByLayer
 62
  256
370
   -1
100
AcDbLine
 10
156.5
 20
94.5705
 11
156.0705
 21
95
  0
LINE
  5
440
100
AcDbEntity
  8
hidden
  6
ByLayer
 62
  256
370
   -1
100
AcDbLine
 10
156.0705
 20
95
 11
152.9295
 21
95
  0
LINE
  5
441
100
AcDbEntity
  8
hidden
  6
ByLayer
 62
  256
370
   -1
100
AcDbLine
 10
155.75
 20
92
 11
156.5
 21
92.75
  0
LINE
  5
442
100
AcDbEntity
  8
hidden
  6
ByLayer
 62
  256
370
   -1
100
AcDbLine
 10
152.5
 20
92.75
 11
153.25
 21
92
  0
LINE
  5
443
100
AcDbEntity
  8
hidden
  6
ByLayer
 62
  256
370
   -1
100
AcDbLine
 10
152.5
 20
94.5705
 11
152.5
 21
92.75
  0
LINE
  5
444
100
AcDbEntity
  8
hidden
  6
ByLayer
 62
  256
370
   -1
100
AcDbLine
 10
156.5
 20
92.75
 11
156.5
 21
94.5705
  0
LINE
  5
445
100
AcDbEntity
  8
hidden
  6
ByLayer
 62
  256
370
   -1
100
AcDbLine
 10
156.5
 20
92.75
 11
152.5
 21
92.75
  0
LINE
  5
446
100
AcDbEntity
  8
hidden
  6
ByLayer
 62
  256
370
   -1
100
AcDbLine
 10
156.5
 20
94.5705
 11
152.5
 21
94.5705
  0
LINE
  5
447
100
AcDbEntity
  8
AM_5
  6
DASHED
 62
  256
370
   -1
100
AcDbLine
 10
156.0705
 20
95
 11
156.0705
 21
92.3205
  0
LINE
  5
448
100
AcDbEntity
  8
AM_5
  6
DASHED
 62
  256
370
   -1
100
AcDbLine
 10
152.9295
 20
95
 11
152.9295
 21
92.3205
  0
LINE
  5
449
100
AcDbEntity
  8
AM_5
  6
DASHED
 62
  256
370
   -1
100
AcDbLine
 10
152.5
 20
92
 11
156.5
 21
92
  0
ENDBLK
  5
7D
330
7B
100
AcDbEntity
  8
0
100
AcDbBlockEnd
  0
BLOCK
  5
7F
330
7E
100
AcDbEntity
  8
0
100
AcDbBlockBegin
  2
15_MTP24XL037_A_C10_b_0_in_MTP24XL037_A_C10_900
 70
    0
 10
0
 20
0
  3
15_MTP24XL037_A_C10_b_0_in_MTP24XL037_A_C10_900
  1

  0
LINE
  5
44A
100
AcDbEntity
  8
hidden
  6
ByLayer
 62
  256
370
   -1
100
AcDbLine
 10
153.330780489313
 20
77.08348474513525
 11
155.6707108228898
 21
77.08348474513525
  0
LINE
  5
44B
100
AcDbEntity
  8
hidden
  6
ByLayer
 62
  256
370
   -1
100
AcDbLine
 10
153.3044697981287
 20
75.18974542930604
 11
155.6955302018713
 21
75.18974542930604
  0
LINE
  5
44C
100
AcDbEntity
  8
hidden
  6
ByLayer
 62
  256
370
   -1
100
AcDbLine
 10
152.8972491556272
 20
76.835883671815
 11
156.1027508443728
 21
76.835883671815
  0
LINE
  5
44D
100
AcDbEntity
  8
hidden
  6
ByLayer
 62
  256
370
   -1
100
AcDbLine
 10
153.0922880102769
 20
75.75370183514508
 11
155.9077119897231
 21
75.75370183514508
  0
LINE
  5
44E
100
AcDbEntity
  8
hidden
  6
ByLayer
 62
  256
370
   -1
100
AcDbLine
 10
152.8972491821636
 20
76.41577377115553
 11
156.1027508178364
 21
76.41577377115553
  0
LINE
  5
44F
100
AcDbEntity
  8
hidden
  6
ByLayer
 62
  256
370
   -1
100
AcDbLine
 10
156.1014658515
 20
103.2482857645576
 11
156.1027508443728
 21
103.2483427189453
  0
LINE
  5
450
100
AcDbEntity
  8
hidden
  6
ByLayer
 62
  256
370
   -1
100
AcDbLine
 10
152.879
 20
103.25
 11
149
 21
103.25
  0
LINE
  5
451
100
AcDbEntity
  8
hidden
  6
ByLayer
 62
  256
370
   -1
100
AcDbLine
 10
160
 20
103.25
 11
156.121
 21
103.25
  0
LINE
  5
452
100
AcDbEntity
  8
hidden
  6
ByLayer
 62
  256
370
   -1
100
AcDbLine
 10
149
 20
67.75
 11
160
 21
67.75
  0
LINE
  5
453
100
AcDbEntity
  8
hidden
  6
ByLayer
 62
  256
370
   -1
100
AcDbLine
 10
149
 20
67.39951137516411
 11
160
 21
67.39951137516411
  0
LINE
  5
454
100
AcDbEntity
  8
hidden
  6
ByLayer
 62
  256
370
   -1
100
AcDbLine
 10
160
 20
67.75171423550225
 11
149
 21
67.75171423550225
  0
LINE
  5
455
100
AcDbEntity
  8
hidden
  6
ByLayer
 62
  256
370
   -1
100
AcDbLine
 10
149
 20
103.6004886248359
 11
153.0922880102769
 21
103.6004886248359
  0
LINE
  5
456
100
AcDbEntity
  8
hidden
  6
ByLayer
 62
  256
370
   -1
100
AcDbLine
 10
149
 20
103.2483427216119
 11
152.8972491260983
 21
103.2483427216119
  0
LINE
  5
457
100
AcDbEntity
  8
hidden
  6
ByLayer
 62
  256
370
   -1
100
AcDbLine
 10
149
 20
103.2482857644977
 11
152.8986675130535
 21
103.2482857644977
  0
LINE
  5
458
100
AcDbEntity
  8
hidden
  6
ByLayer
 62
  256
370
   -1
100
AcDbLine
 10
155.9077119897231
 20
103.6004886248359
 11
160
 21
103.6004886248359
  0
LINE
  5
459
100
AcDbEntity
  8
hidden
  6
ByLayer
 62
  256
370
   -1
100
AcDbLine
 10
156.1027508739017
 20
103.2483427216119
 11
160
 21
103.2483427216119
  0
LINE
  5
45A
100
AcDbEntity
  8
hidden
  6
ByLayer
 62
  256
370
   -1
100
AcDbLine
 10
156.1012201194014
 20
103.2482857644977
 11
160
 21
103.2482857644977
  0
LWPOLYLINE
  5
45B
100
AcDbEntity
  8
hidden
  6
ByLayer
 62
  256
370
   -1
100
AcDbPolyline
 90
    8
 70
    0
 43
0
 10
156.1014682869075
 20
103.2482857645368
 10
156.0839275501569
 20
103.2555752792239
 10
156.0593780002046
 20
103.279227671286
 10
156.030406964921
 20
103.3181328031218
 10
155.9987206739413
 20
103.3708510561349
 10
155.9641167071581
 20
103.4408786225901
 10
155.9313175725587
 20
103.5236452771558
 10
155.9077119897231
 20
103.6004886248359
  0
LWPOLYLINE
  5
45C
100
AcDbEntity
  8
hidden
  6
ByLayer
 62
  256
370
   -1
100
AcDbPolyline
 90
    4
 70
    0
 43
0
 10
155.6955302018713
 20
104.2244485913947
 10
155.7863894617053
 20
103.9920634893278
 10
155.8674585209925
 20
103.7435805334207
 10
155.9077119897231
 20
103.6004886248359
  0
LINE
  5
45D
100
AcDbEntity
  8
hidden
  6
ByLayer
 62
  256
370
   -1
100
AcDbLine
 10
156.1027508739017
 20
103.2483427216119
 11
156.1209999999259
 21
103.2499999999932
  0
LINE
  5
45E
100
AcDbEntity
  8
hidden
  6
ByLayer
 62
  256
370
   -1
100
AcDbLine
 10
156.0886439647367
 20
103.2524757386256
 11
156.0926257332605
 21
103.2504282995931
  0
LINE
  5
45F
100
AcDbEntity
  8
hidden
  6
ByLayer
 62
  256
370
   -1
100
AcDbLine
 10
152.8972491556272
 20
103.2483427189453
 11
152.8985317130826
 21
103.2482857645368
  0
LWPOLYLINE
  5
460
100
AcDbEntity
  8
hidden
  6
ByLayer
 62
  256
370
   -1
100
AcDbPolyline
 90
    8
 70
    0
 43
0
 10
153.0922880102769
 20
103.6004886248359
 10
153.0632573262169
 20
103.5085054569224
 10
153.0300002014797
 20
103.427916530389
 10
152.9955432634396
 20
103.3605489342239
 10
152.9623510296884
 20
103.3075215229227
 10
152.9319638717954
 20
103.2696915633095
 10
152.9073742667396
 20
103.2504282995931
 10
152.8985341485404
 20
103.2482857645575
  0
LWPOLYLINE
  5
461
100
AcDbEntity
  8
hidden
  6
ByLayer
 62
  256
370
   -1
100
AcDbPolyline
 90
    4
 70
    0
 43
0
 10
153.0922880102769
 20
103.6004886248359
 10
153.1676947920606
 20
103.8570397072453
 10
153.2532412209446
 20
104.0985205483259
 10
153.3044697981287
 20
104.2244485913947
  0
LINE
  5
462
100
AcDbEntity
  8
hidden
  6
ByLayer
 62
  256
370
   -1
100
AcDbLine
 10
152.879
 20
103.2499810817131
 11
152.879
 21
92
  0
LINE
  5
463
100
AcDbEntity
  8
hidden
  6
ByLayer
 62
  256
370
   -1
100
AcDbLine
 10
156.121
 20
92
 11
156.121
 21
103.2499810830394
  0
LINE
  5
464
100
AcDbEntity
  8
hidden
  6
ByLayer
 62
  256
370
   -1
100
AcDbLine
 10
152.8790000000741
 20
103.2499999999932
 11
152.8972491260983
 21
103.2483427216119
  0
LWPOLYLINE
  5
465
100
AcDbEntity
  8
hidden
  6
ByLayer
 62
  256
370
   -1
100
AcDbPolyline
 90
    9
 70
    0
 43
0
 10
154.7903737900382
 20
104.574365639433
 10
154.955284220714
 20
104.5700054212315
 10
155.1271245028361
 20
104.5575066746812
 10
155.288939345887
 20
104.531023568777
 10
155.398959526291
 20
104.4985222989997
 10
155.4993762278131
 20
104.4506619546903
 10
155.5720359289728
 20
104.397569985412
 10
155.6343485539054
 20
104.3305502050537
 10
155.6955302018713
 20
104.2244485913947
  0
LWPOLYLINE
  5
466
100
AcDbEntity
  8
hidden
  6
ByLayer
 62
  256
370
   -1
100
AcDbPolyline
 90
    9
 70
    0
 43
0
 10
153.3044697981287
 20
104.2244485913947
 10
153.3472346022373
 20
104.3043313434136
 10
153.4012870874176
 20
104.3721562383666
 10
153.4645836621671
 20
104.4268664086227
 10
153.5358754099723
 20
104.4701106800666
 10
153.6661252153027
 20
104.5196506246709
 10
153.8088315699552
 20
104.5490937917376
 10
154.036468367116
 20
104.5695780425771
 10
154.2344325207831
 20
104.5747250510688
  0
LINE
  5
467
100
AcDbEntity
  8
hidden
  6
ByLayer
 62
  256
370
   -1
100
AcDbLine
 10
149
 20
104.2244485913947
 11
153.3044697981287
 21
104.2244485913947
  0
LINE
  5
468
100
AcDbEntity
  8
hidden
  6
ByLayer
 62
  256
370
   -1
100
AcDbLine
 10
155.6955302018713
 20
104.2244485913947
 11
160
 21
104.2244485913947
  0
LINE
  5
469
100
AcDbEntity
  8
hidden
  6
ByLayer
 62
  256
370
   -1
100
AcDbLine
 10
149
 20
66.77555140860531
 11
160
 21
66.77555140860531
  0
LINE
  5
46A
100
AcDbEntity
  8
hidden
  6
ByLayer
 62
  256
370
   -1
100
AcDbLine
 10
146.5
 20
92
 11
162.5
 21
92
  0
LINE
  5
46B
100
AcDbEntity
  8
hidden
  6
ByLayer
 62
  256
370
   -1
100
AcDbLine
 10
149
 20
67.80824896501848
 11
160
 21
67.80824896501848
  0
LINE
  5
46C
100
AcDbEntity
  8
hidden
  6
ByLayer
 62
  256
370
   -1
100
AcDbLine
 10
149
 20
103.1917510349815
 11
160
 21
103.1917510349815
  0
LINE
  5
46D
100
AcDbEntity
  8
hidden
  6
ByLayer
 62
  256
370
   -1
100
AcDbLine
 10
149
 20
102.7063592872882
 11
160
 21
102.7063592872882
  0
LINE
  5
46E
100
AcDbEntity
  8
hidden
  6
ByLayer
 62
  256
370
   -1
100
AcDbLine
 10
149
 20
68.29364066964271
 11
160
 21
68.29364066964271
  0
LINE
  5
46F
100
AcDbEntity
  8
hidden
  6
ByLayer
 62
  256
370
   -1
100
AcDbLine
 10
146.5
 20
90.08257569495584
 11
162.5
 21
90.08257569495584
  0
LINE
  5
470
100
AcDbEntity
  8
hidden
  6
ByLayer
 62
  256
370
   -1
100
AcDbLine
 10
146.5
 20
80.5
 11
162.5
 21
80.5
  0
LINE
  5
471
100
AcDbEntity
  8
hidden
  6
ByLayer
 62
  256
370
   -1
100
AcDbLine
 10
149
 20
68.22429217262052
 11
160
 21
68.22429217262052
  0
LINE
  5
472
100
AcDbEntity
  8
hidden
  6
ByLayer
 62
  256
370
   -1
100
AcDbLine
 10
149
 20
68.41919416688019
 11
160
 21
68.41919416688019
  0
LINE
  5
473
100
AcDbEntity
  8
hidden
  6
ByLayer
 62
  256
370
   -1
100
AcDbLine
 10
160
 20
68.4421917307118
 11
149
 21
68.4421917307118
  0
LINE
  5
474
100
AcDbEntity
  8
hidden
  6
ByLayer
 62
  256
370
   -1
100
AcDbLine
 10
149
 20
102.7757078273795
 11
160
 21
102.7757078273795
  0
LINE
  5
475
100
AcDbEntity
  8
hidden
  6
ByLayer
 62
  256
370
   -1
100
AcDbLine
 10
149
 20
102.5808058771309
 11
160
 21
102.5808058771309
  0
LINE
  5
476
100
AcDbEntity
  8
hidden
  6
ByLayer
 62
  256
370
   -1
100
AcDbLine
 10
149
 20
102.5578082692883
 11
160
 21
102.5578082692883
  0
LINE
  5
477
100
AcDbEntity
  8
hidden
  6
ByLayer
 62
  256
370
   -1
100
AcDbLine
 10
149
 20
103.3031015803052
 11
160
 21
103.3031015803052
  0
LINE
  5
478
100
AcDbEntity
  8
hidden
  6
ByLayer
 62
  256
370
   -1
100
AcDbLine
 10
149
 20
67.6968984196948
 11
160
 21
67.6968984196948
  0
LINE
  5
479
100
AcDbEntity
  8
hidden
  6
ByLayer
 62
  256
370
   -1
100
AcDbLine
 10
149
 20
100.9917909050556
 11
160
 21
100.9917909050556
  0
LINE
  5
47A
100
AcDbEntity
  8
hidden
  6
ByLayer
 62
  256
370
   -1
100
AcDbLine
 10
149
 20
70.00820900934497
 11
160
 21
70.00820900934497
  0
LINE
  5
47B
100
AcDbEntity
  8
hidden
  6
ByLayer
 62
  256
370
   -1
100
AcDbLine
 10
149
 20
70.22638390905581
 11
160
 21
70.22638390905581
  0
LINE
  5
47C
100
AcDbEntity
  8
hidden
  6
ByLayer
 62
  256
370
   -1
100
AcDbLine
 10
149
 20
70.25075973825905
 11
160
 21
70.25075973825905
  0
LINE
  5
47D
100
AcDbEntity
  8
hidden
  6
ByLayer
 62
  256
370
   -1
100
AcDbLine
 10
160
 20
70.33670116203957
 11
149
 21
70.33670116203957
  0
LINE
  5
47E
100
AcDbEntity
  8
hidden
  6
ByLayer
 62
  256
370
   -1
100
AcDbLine
 10
149
 20
100.7736160909442
 11
160
 21
100.7736160909442
  0
LINE
  5
47F
100
AcDbEntity
  8
hidden
  6
ByLayer
 62
  256
370
   -1
100
AcDbLine
 10
149
 20
100.7492403445527
 11
160
 21
100.7492403445527
  0
LINE
  5
480
100
AcDbEntity
  8
hidden
  6
ByLayer
 62
  256
370
   -1
100
AcDbLine
 10
149
 20
100.6632988379605
 11
160
 21
100.6632988379605
  0
LINE
  5
481
100
AcDbEntity
  8
hidden
  6
ByLayer
 62
  256
370
   -1
100
AcDbLine
 10
149
 20
101.1685026175343
 11
160
 21
101.1685026175343
  0
LINE
  5
482
100
AcDbEntity
  8
hidden
  6
ByLayer
 62
  256
370
   -1
100
AcDbLine
 10
149
 20
69.83149738246567
 11
160
 21
69.83149738246567
  0
LINE
  5
483
100
AcDbEntity
  8
hidden
  6
ByLayer
 62
  256
370
   -1
100
AcDbLine
 10
149
 20
73.26934734124492
 11
160
 21
73.26934734124492
  0
LINE
  5
484
100
AcDbEntity
  8
hidden
  6
ByLayer
 62
  256
370
   -1
100
AcDbLine
 10
149
 20
73.1215358329145
 11
160
 21
73.1215358329145
  0
LINE
  5
485
100
AcDbEntity
  8
hidden
  6
ByLayer
 62
  256
370
   -1
100
AcDbLine
 10
160
 20
73.30613484256556
 11
149
 21
73.30613484256556
  0
LINE
  5
486
100
AcDbEntity
  8
hidden
  6
ByLayer
 62
  256
370
   -1
100
AcDbLine
 10
149
 20
97.73065265875505
 11
160
 21
97.73065265875505
  0
LINE
  5
487
100
AcDbEntity
  8
hidden
  6
ByLayer
 62
  256
370
   -1
100
AcDbLine
 10
149
 20
97.87846427577844
 11
160
 21
97.87846427577844
  0
LINE
  5
488
100
AcDbEntity
  8
hidden
  6
ByLayer
 62
  256
370
   -1
100
AcDbLine
 10
149
 20
97.69386515743446
 11
160
 21
97.69386515743446
  0
LINE
  5
489
100
AcDbEntity
  8
hidden
  6
ByLayer
 62
  256
370
   -1
100
AcDbLine
 10
149
 20
97.96612109480336
 11
160
 21
97.96612109480336
  0
LINE
  5
48A
100
AcDbEntity
  8
hidden
  6
ByLayer
 62
  256
370
   -1
100
AcDbLine
 10
149
 20
73.03387890519663
 11
160
 21
73.03387890519663
  0
LINE
  5
48B
100
AcDbEntity
  8
hidden
  6
ByLayer
 62
  256
370
   -1
100
AcDbLine
 10
147.4
 20
100.5
 11
146.5568888832933
 21
100.5
  0
LINE
  5
48C
100
AcDbEntity
  8
hidden
  6
ByLayer
 62
  256
370
   -1
100
AcDbLine
 10
146.5568888832932
 20
70.5
 11
147.4
 21
70.5
  0
LINE
  5
48D
100
AcDbEntity
  8
hidden
  6
ByLayer
 62
  256
370
   -1
100
AcDbLine
 10
162.4431111167068
 20
100.5
 11
161.6
 21
100.5
  0
LINE
  5
48E
100
AcDbEntity
  8
hidden
  6
ByLayer
 62
  256
370
   -1
100
AcDbLine
 10
161.6
 20
70.5
 11
162.4431111167067
 21
70.5
  0
LINE
  5
48F
100
AcDbEntity
  8
hidden
  6
ByLayer
 62
  256
370
   -1
100
AcDbLine
 10
149
 20
77.14580954001902
 11
160
 21
77.14580954001902
  0
LINE
  5
490
100
AcDbEntity
  8
hidden
  6
ByLayer
 62
  256
370
   -1
100
AcDbLine
 10
160
 20
77.14813077418306
 11
149
 21
77.14813077418306
  0
LINE
  5
491
100
AcDbEntity
  8
hidden
  6
ByLayer
 62
  256
370
   -1
100
AcDbLine
 10
153.0784974099081
 20
77.14813075433617
 11
153.0922880102769
 21
77.14580954001902
  0
LWPOLYLINE
  5
492
100
AcDbEntity
  8
hidden
  6
ByLayer
 62
  256
370
   -1
100
AcDbPolyline
 90
    5
 70
    0
 43
0
 10
155.921513717588
 20
77.14813074263242
 10
155.9362687217965
 20
77.14595121011105
 10
155.9699997985203
 20
77.12769720402953
 10
156.0040112263266
 20
77.09296583730604
 10
156.0102560648641
 20
77.0847363249439
  0
LINE
  5
493
100
AcDbEntity
  8
hidden
  6
ByLayer
 62
  256
370
   -1
100
AcDbLine
 10
149
 20
93.85419045998096
 11
160
 21
93.85419045998096
  0
LINE
  5
494
100
AcDbEntity
  8
hidden
  6
ByLayer
 62
  256
370
   -1
100
AcDbLine
 10
149
 20
93.85186922581693
 11
160
 21
93.85186922581693
  0
LINE
  5
495
100
AcDbEntity
  8
hidden
  6
ByLayer
 62
  256
370
   -1
100
AcDbLine
 10
149
 20
93.91419402070071
 11
160
 21
93.91419402070071
  0
LINE
  5
496
100
AcDbEntity
  8
hidden
  6
ByLayer
 62
  256
370
   -1
100
AcDbLine
 10
149
 20
77.08580597929928
 11
160
 21
77.08580597929928
  0
LINE
  5
497
100
AcDbEntity
  8
hidden
  6
ByLayer
 62
  256
370
   -1
100
AcDbLine
 10
153.3280510617723
 20
77.08348607064937
 11
153.3044697981287
 21
77.08580597929928
  0
LWPOLYLINE
  5
498
100
AcDbEntity
  8
hidden
  6
ByLayer
 62
  256
370
   -1
100
AcDbPolyline
 90
    9
 70
    0
 43
0
 10
155.3787578759237
 20
81.91491167056725
 10
155.4816615913161
 20
81.96749857657943
 10
155.6795346398463
 20
82.09966029001701
 10
155.8498128682721
 20
82.26328685292135
 10
155.9814472400752
 20
82.45190345699304
 10
156.0331801595799
 20
82.55812791927079
 10
156.0733262601169
 20
82.66967012457332
 10
156.1159932913662
 20
82.89056069589414
 10
156.1209999995791
 20
82.9999680110263
  0
LWPOLYLINE
  5
499
100
AcDbEntity
  8
hidden
  6
ByLayer
 62
  256
370
   -1
100
AcDbPolyline
 90
    5
 70
    0
 43
0
 10
154.5
 20
81.73120141471863
 10
154.7601693551879
 20
81.74582575720392
 10
155.0203387103759
 20
81.79122489297023
 10
155.2582860801754
 20
81.86407122166462
 10
155.3787578759237
 20
81.91491167056725
  0
LINE
  5
49A
100
AcDbEntity
  8
hidden
  6
ByLayer
 62
  256
370
   -1
100
AcDbLine
 10
155.9077119897231
 20
77.14580954001902
 11
155.921513717588
 21
77.14813074263242
  0
LWPOLYLINE
  5
49B
100
AcDbEntity
  8
hidden
  6
ByLayer
 62
  256
370
   -1
100
AcDbPolyline
 90
    4
 70
    0
 43
0
 10
155.9077119897231
 20
77.14580954001902
 10
155.8323052079394
 20
77.12113811993422
 10
155.7467587790554
 20
77.09791594048841
 10
155.6955302018713
 20
77.08580597929928
  0
LINE
  5
49C
100
AcDbEntity
  8
hidden
  6
ByLayer
 62
  256
370
   -1
100
AcDbLine
 10
155.6955302018713
 20
77.08580597929928
 11
155.6722051850026
 21
77.08348519005501
  0
LWPOLYLINE
  5
49D
100
AcDbEntity
  8
hidden
  6
ByLayer
 62
  256
370
   -1
100
AcDbPolyline
 90
    4
 70
    0
 43
0
 10
153.3044697981287
 20
77.08580597929928
 10
153.2136105382947
 20
77.10815346043519
 10
153.1325414790075
 20
77.13204900330922
 10
153.0922880102769
 20
77.14580954001902
  0
LWPOLYLINE
  5
49E
100
AcDbEntity
  8
hidden
  6
ByLayer
 62
  256
370
   -1
100
AcDbPolyline
 90
    5
 70
    0
 43
0
 10
152.9916846607483
 20
77.08736005799163
 10
153.0012793978288
 20
77.09946520599084
 10
153.0354063765899
 20
77.13172675457818
 10
153.0686824966064
 20
77.14713735466488
 10
153.0784974099081
 20
77.14813075433617
  0
LINE
  5
49F
100
AcDbEntity
  8
hidden
  6
ByLayer
 62
  256
370
   -1
100
AcDbLine
 10
156.121
 20
76.62500945913889
 11
156.121
 21
83.00094062928341
  0
LINE
  5
4A0
100
AcDbEntity
  8
hidden
  6
ByLayer
 62
  256
370
   -1
100
AcDbLine
 10
152.879
 20
83.00083616266966
 11
152.879
 21
76.62500945854299
  0
LWPOLYLINE
  5
4A1
100
AcDbEntity
  8
hidden
  6
ByLayer
 62
  256
370
   -1
100
AcDbPolyline
 90
   23
 70
    0
 43
0
 10
156.1209999995791
 20
82.9999680110263
 10
156.1142521967909
 20
83.12904932778223
 10
156.0706650573955
 20
83.35516111448305
 10
155.9851163782498
 20
83.58382356239009
 10
155.8630537316489
 20
83.79858591702572
 10
155.7023432092045
 20
84.0013621777923
 10
155.5063570222974
 20
84.1826215275929
 10
155.275651062068
 20
84.33612226387018
 10
155.0256916219409
 20
84.44842286568966
 10
154.8899670958825
 20
84.4895870832538
 10
154.750995064415
 20
84.51859764748107
 10
154.4884081781142
 20
84.53881277729684
 10
154.2181031979252
 20
84.5132689308048
 10
153.9716538632563
 20
84.44748554210314
 10
153.7330441380214
 20
84.34089576142782
 10
153.5143121080986
 20
84.1986925313501
 10
153.3166130777976
 20
84.02152296638462
 10
153.1483450021754
 20
83.81528011324285
 10
153.0143847599511
 20
83.58276020114494
 10
152.9270345713352
 20
83.34689600654649
 10
152.8990397749321
 20
83.22321564854734
 10
152.8830314541048
 20
83.09959867161692
 10
152.8790000008173
 20
83.00004461013133
  0
LWPOLYLINE
  5
4A2
100
AcDbEntity
  8
hidden
  6
ByLayer
 62
  256
370
   -1
100
AcDbPolyline
 90
    6
 70
    0
 43
0
 10
153.6212262362335
 20
81.91491909615353
 10
153.7264992686001
 20
81.86991911181079
 10
153.8531660242612
 20
81.8258051939804
 10
153.9850272936034
 20
81.78995076353699
 10
154.2350401299996
 20
81.74637398656246
 10
154.5
 20
81.73120141471863
  0
LWPOLYLINE
  5
4A3
100
AcDbEntity
  8
hidden
  6
ByLayer
 62
  256
370
   -1
100
AcDbPolyline
 90
    8
 70
    0
 43
0
 10
152.8790000008173
 20
83.00004461013133
 10
152.8856208445322
 20
82.87432070744197
 10
152.9318040057229
 20
82.65304477917481
 10
153.0159485468977
 20
82.45661904821925
 10
153.1402769454159
 20
82.27498627495231
 10
153.3010076298175
 20
82.11548308568015
 10
153.4987260853425
 20
81.97861857799992
 10
153.6212262362335
 20
81.91491909615353
  0
LINE
  5
4A4
100
AcDbEntity
  8
hidden
  6
ByLayer
 62
  256
370
   -1
100
AcDbLine
 10
147.4
 20
66.5606439961399
 11
147.4
 21
104.4393560038601
  0
LINE
  5
4A5
100
AcDbEntity
  8
hidden
  6
ByLayer
 62
  256
370
   -1
100
AcDbLine
 10
147.4
 20
104.4393560038601
 11
146.5568888832932
 21
107.5858895278359
  0
LINE
  5
4A6
100
AcDbEntity
  8
hidden
  6
ByLayer
 62
  256
370
   -1
100
AcDbLine
 10
146.5568888832932
 20
63.41411047216411
 11
147.4
 21
66.5606439961399
  0
LINE
  5
4A7
100
AcDbEntity
  8
hidden
  6
ByLayer
 62
  256
370
   -1
100
AcDbLine
 10
161.6
 20
66.5606439961399
 11
161.6
 21
104.4393560038601
  0
LINE
  5
4A8
100
AcDbEntity
  8
hidden
  6
ByLayer
 62
  256
370
   -1
100
AcDbLine
 10
161.6
 20
66.5606439961399
 11
162.4431111167068
 21
63.41411047216411
  0
LINE
  5
4A9
100
AcDbEntity
  8
hidden
  6
ByLayer
 62
  256
370
   -1
100
AcDbLine
 10
162.4431111167068
 20
107.5858895278359
 11
161.6
 21
104.4393560038601
  0
LINE
  5
4AA
100
AcDbEntity
  8
AM_5
  6
DASHED
 62
  256
370
   -1
100
AcDbLine
 10
156.5
 20
92
 11
152.5
 21
92
  0
LINE
  5
4AB
100
AcDbEntity
  8
center
  6
ByLayer
 62
  256
370
   -1
100
AcDbLine
 10
163.3
 20
85.5
 11
145.7
 21
85.5
  0
LINE
  5
4AC
100
AcDbEntity
  8
center
  6
ByLayer
 62
  256
370
   -1
100
AcDbLine
 10
154.5
 20
105.6075
 11
154.5
 21
84.5425
  0
LINE
  5
4AD
100
AcDbEntity
  8
vis
  6
ByLayer
 62
  256
370
   -1
100
AcDbLine
 10
160
 20
104.5766514517328
 11
149
 21
104.5766514517328
  0
LINE
  5
4AE
100
AcDbEntity
  8
vis
  6
ByLayer
 62
  256
370
   -1
100
AcDbLine
 10
149
 20
66.42334854826714
 11
160
 21
66.42334854826714
  0
LINE
  5
4AF
100
AcDbEntity
  8
AM_4
  6
ByLayer
 62
  256
370
   -1
100
AcDbLine
 10
149
 20
104.5742381499829
 11
160
 21
104.5742381499829
  0
LINE
  5
4B0
100
AcDbEntity
  8
AM_4
  6
ByLayer
 62
  256
370
   -1
100
AcDbLine
 10
148.9999999999999
 20
66.42576186330838
 11
160
 21
66.42576186330838
  0
LINE
  5
4B1
100
AcDbEntity
  8
AM_4
  6
ByLayer
 62
  256
370
   -1
100
AcDbLine
 10
149
 20
66.63525651369592
 11
160
 21
66.63525651369592
  0
LINE
  5
4B2
100
AcDbEntity
  8
AM_4
  6
ByLayer
 62
  256
370
   -1
100
AcDbLine
 10
148.9999999999999
 20
104.3647435206104
 11
160
 21
104.3647435206104
  0
LINE
  5
4B3
100
AcDbEntity
  8
AM_4
  6
ByLayer
 62
  256
370
   -1
100
AcDbLine
 10
149
 20
67.13024462540501
 11
160
 21
67.13024462540501
  0
LINE
  5
4B4
100
AcDbEntity
  8
AM_4
  6
ByLayer
 62
  256
370
   -1
100
AcDbLine
 10
149
 20
103.869755374595
 11
160
 21
103.869755374595
  0
LINE
  5
4B5
100
AcDbEntity
  8
vis
  6
ByLayer
 62
  256
370
   -1
100
AcDbLine
 10
160
 20
103.5210011383965
 11
149
 21
103.5210011383965
  0
LINE
  5
4B6
100
AcDbEntity
  8
vis
  6
ByLayer
 62
  256
370
   -1
100
AcDbLine
 10
149
 20
67.4789988616036
 11
160
 21
67.4789988616036
  0
LINE
  5
4B7
100
AcDbEntity
  8
AM_4
  6
ByLayer
 62
  256
370
   -1
100
AcDbLine
 10
149
 20
103.483855147313
 11
160
 21
103.483855147313
  0
LINE
  5
4B8
100
AcDbEntity
  8
AM_4
  6
ByLayer
 62
  256
370
   -1
100
AcDbLine
 10
148.9999999999999
 20
67.51614504598726
 11
160
 21
67.51614504598726
  0
LINE
  5
4B9
100
AcDbEntity
  8
AM_4
  6
ByLayer
 62
  256
370
   -1
100
AcDbLine
 10
149
 20
68.73680631352724
 11
160
 21
68.73680631352724
  0
LINE
  5
4BA
100
AcDbEntity
  8
AM_4
  6
ByLayer
 62
  256
370
   -1
100
AcDbLine
 10
149
 20
68.13035244438321
 11
160
 21
68.13035244438321
  0
LINE
  5
4BB
100
AcDbEntity
  8
AM_4
  6
ByLayer
 62
  256
370
   -1
100
AcDbLine
 10
148.9999999999999
 20
102.8696478134997
 11
160
 21
102.8696478134997
  0
LINE
  5
4BC
100
AcDbEntity
  8
AM_4
  6
ByLayer
 62
  256
370
   -1
100
AcDbLine
 10
149
 20
102.2631936864728
 11
160
 21
102.2631936864728
  0
LINE
  5
4BD
100
AcDbEntity
  8
AM_4
  6
ByLayer
 62
  256
370
   -1
100
AcDbLine
 10
149
 20
69.42265015090588
 11
160
 21
69.42265015090588
  0
LINE
  5
4BE
100
AcDbEntity
  8
AM_4
  6
ByLayer
 62
  256
370
   -1
100
AcDbLine
 10
149
 20
101.5773498490941
 11
160
 21
101.5773498490941
  0
LINE
  5
4BF
100
AcDbEntity
  8
vis
  6
ByLayer
 62
  256
370
   -1
100
AcDbLine
 10
160
 20
101.2788198705181
 11
149
 21
101.2788198705181
  0
LINE
  5
4C0
100
AcDbEntity
  8
vis
  6
ByLayer
 62
  256
370
   -1
100
AcDbLine
 10
149
 20
69.72118012948195
 11
160
 21
69.72118012948195
  0
LINE
  5
4C1
100
AcDbEntity
  8
AM_4
  6
ByLayer
 62
  256
370
   -1
100
AcDbLine
 10
149
 20
101.1679020993828
 11
160
 21
101.1679020993828
  0
LINE
  5
4C2
100
AcDbEntity
  8
AM_4
  6
ByLayer
 62
  256
370
   -1
100
AcDbLine
 10
148.9999999999999
 20
69.83209823122664
 11
160
 21
69.83209823122664
  0
LINE
  5
4C3
100
AcDbEntity
  8
AM_4
  6
ByLayer
 62
  256
370
   -1
100
AcDbLine
 10
149
 20
72.13269615993219
 11
160
 21
72.13269615993219
  0
LINE
  5
4C4
100
AcDbEntity
  8
AM_4
  6
ByLayer
 62
  256
370
   -1
100
AcDbLine
 10
149
 20
98.86730384006779
 11
160
 21
98.86730384006779
  0
LINE
  5
4C5
100
AcDbEntity
  8
AM_4
  6
ByLayer
 62
  256
370
   -1
100
AcDbLine
 10
148.9999999999999
 20
100.1908393061916
 11
160
 21
100.1908393061916
  0
LINE
  5
4C6
100
AcDbEntity
  8
AM_4
  6
ByLayer
 62
  256
370
   -1
100
AcDbLine
 10
149
 20
99.5142480511048
 11
160
 21
99.5142480511048
  0
LINE
  5
4C7
100
AcDbEntity
  8
AM_4
  6
ByLayer
 62
  256
370
   -1
100
AcDbLine
 10
149
 20
71.4857519488952
 11
160
 21
71.4857519488952
  0
LINE
  5
4C8
100
AcDbEntity
  8
AM_4
  6
ByLayer
 62
  256
370
   -1
100
AcDbLine
 10
149
 20
70.80916108027498
 11
160
 21
70.80916108027498
  0
LINE
  5
4C9
100
AcDbEntity
  8
AM_4
  6
ByLayer
 62
  256
370
   -1
100
AcDbLine
 10
149
 20
98.22148280917678
 11
160
 21
98.22148280917678
  0
LINE
  5
4CA
100
AcDbEntity
  8
AM_4
  6
ByLayer
 62
  256
370
   -1
100
AcDbLine
 10
149
 20
72.77851729658539
 11
160
 21
72.77851729658539
  0
LINE
  5
4CB
100
AcDbEntity
  8
vis
  6
ByLayer
 62
  256
370
   -1
100
AcDbLine
 10
160
 20
98.00290859612399
 11
149
 21
98.00290859612399
  0
LINE
  5
4CC
100
AcDbEntity
  8
vis
  6
ByLayer
 62
  256
370
   -1
100
AcDbLine
 10
149
 20
72.99709140387604
 11
160
 21
72.99709140387604
  0
LINE
  5
4CD
100
AcDbEntity
  8
vis
  6
ByLayer
 62
  256
370
   -1
100
AcDbLine
 10
146.5
 20
70.5
 11
146.5
 21
100.5
  0
LINE
  5
4CE
100
AcDbEntity
  8
vis
  6
ByLayer
 62
  256
370
   -1
100
AcDbLine
 10
146.5568888832933
 20
100.5
 11
146.5
 21
100.5
  0
LINE
  5
4CF
100
AcDbEntity
  8
vis
  6
ByLayer
 62
  256
370
   -1
100
AcDbLine
 10
146.5
 20
70.5
 11
146.5568888832932
 21
70.5
  0
LINE
  5
4D0
100
AcDbEntity
  8
vis
  6
ByLayer
 62
  256
370
   -1
100
AcDbLine
 10
162.5
 20
70.5
 11
162.5
 21
100.5
  0
LINE
  5
4D1
100
AcDbEntity
  8
vis
  6
ByLayer
 62
  256
370
   -1
100
AcDbLine
 10
162.5
 20
100.5
 11
162.4431111167068
 21
100.5
  0
LINE
  5
4D2
100
AcDbEntity
  8
vis
  6
ByLayer
 62
  256
370
   -1
100
AcDbLine
 10
162.4431111167067
 20
70.5
 11
162.5
 21
70.5
  0
LINE
  5
4D3
100
AcDbEntity
  8
AM_4
  6
ByLayer
 62
  256
370
   -1
100
AcDbLine
 10
149
 20
76.41577362049661
 11
152.8972491821636
 21
76.41577362049661
  0
LINE
  5
4D4
100
AcDbEntity
  8
AM_4
  6
ByLayer
 62
  256
370
   -1
100
AcDbLine
 10
156.1027508178364
 20
76.41577362049661
 11
160
 21
76.41577362049661
  0
LINE
  5
4D5
100
AcDbEntity
  8
AM_4
  6
ByLayer
 62
  256
370
   -1
100
AcDbLine
 10
149
 20
94.58422651851541
 11
160
 21
94.58422651851541
  0
LINE
  5
4D6
100
AcDbEntity
  8
AM_4
  6
ByLayer
 62
  256
370
   -1
100
AcDbLine
 10
149
 20
97.78420741581208
 11
160
 21
97.78420741581208
  0
LINE
  5
4D7
100
AcDbEntity
  8
AM_4
  6
ByLayer
 62
  256
370
   -1
100
AcDbLine
 10
148.9999999999999
 20
73.21579301572456
 11
160
 21
73.21579301572456
  0
LINE
  5
4D8
100
AcDbEntity
  8
AM_4
  6
ByLayer
 62
  256
370
   -1
100
AcDbLine
 10
149
 20
75.75370183514505
 11
153.0922880102769
 21
75.75370183514505
  0
LINE
  5
4D9
100
AcDbEntity
  8
AM_4
  6
ByLayer
 62
  256
370
   -1
100
AcDbLine
 10
155.9077119897231
 20
75.75370183514505
 11
160
 21
75.75370183514505
  0
LINE
  5
4DA
100
AcDbEntity
  8
AM_4
  6
ByLayer
 62
  256
370
   -1
100
AcDbLine
 10
149
 20
95.24629816485492
 11
160
 21
95.24629816485492
  0
LINE
  5
4DB
100
AcDbEntity
  8
AM_4
  6
ByLayer
 62
  256
370
   -1
100
AcDbLine
 10
148.9999999999999
 20
96.51087438213236
 11
160
 21
96.51087438213236
  0
LINE
  5
4DC
100
AcDbEntity
  8
AM_4
  6
ByLayer
 62
  256
370
   -1
100
AcDbLine
 10
149
 20
95.81025457069396
 11
160
 21
95.81025457069396
  0
LINE
  5
4DD
100
AcDbEntity
  8
AM_4
  6
ByLayer
 62
  256
370
   -1
100
AcDbLine
 10
149
 20
75.18974542930603
 11
153.3044697981287
 21
75.18974542930603
  0
LINE
  5
4DE
100
AcDbEntity
  8
AM_4
  6
ByLayer
 62
  256
370
   -1
100
AcDbLine
 10
149
 20
74.4891261107868
 11
160
 21
74.4891261107868
  0
LINE
  5
4DF
100
AcDbEntity
  8
AM_4
  6
ByLayer
 62
  256
370
   -1
100
AcDbLine
 10
155.6955302018713
 20
75.18974542930603
 11
160
 21
75.18974542930603
  0
LINE
  5
4E0
100
AcDbEntity
  8
AM_4
  6
ByLayer
 62
  256
370
   -1
100
AcDbLine
 10
149
 20
76.83588350989919
 11
152.8972491556272
 21
76.83588350989919
  0
LINE
  5
4E1
100
AcDbEntity
  8
AM_4
  6
ByLayer
 62
  256
370
   -1
100
AcDbLine
 10
156.1027508443728
 20
76.83588350989919
 11
160
 21
76.83588350989919
  0
LWPOLYLINE
  5
4E2
100
AcDbEntity
  8
vis
  6
ByLayer
 62
  256
370
   -1
100
AcDbPolyline
 90
    5
 70
    0
 43
0
 10
156.0102560648641
 20
77.0847363249439
 10
156.0376489703116
 20
77.04060112155153
 10
156.0676144483609
 20
76.97225485209577
 10
156.0926257332605
 20
76.88629723679581
 10
156.1027508443744
 20
76.83588350990237
  0
LINE
  5
4E3
100
AcDbEntity
  8
AM_4
  6
ByLayer
 62
  256
370
   -1
100
AcDbLine
 10
149
 20
94.16411633704554
 11
160
 21
94.16411633704554
  0
LINE
  5
4E4
100
AcDbEntity
  8
AM_4
  6
ByLayer
 62
  256
370
   -1
100
AcDbLine
 10
149
 20
80.67210495269721
 11
160
 21
80.67210495269721
  0
LINE
  5
4E5
100
AcDbEntity
  8
AM_4
  6
ByLayer
 62
  256
370
   -1
100
AcDbLine
 10
149
 20
90.32789520301137
 11
160
 21
90.32789520301137
  0
LINE
  5
4E6
100
AcDbEntity
  8
vis
  6
ByLayer
 62
  256
370
   -1
100
AcDbLine
 10
160
 20
93.91651525486475
 11
149
 21
93.91651525486475
  0
LINE
  5
4E7
100
AcDbEntity
  8
vis
  6
ByLayer
 62
  256
370
   -1
100
AcDbLine
 10
149
 20
77.08348474513524
 11
153.330780489313
 21
77.08348474513524
  0
LINE
  5
4E8
100
AcDbEntity
  8
vis
  6
ByLayer
 62
  256
370
   -1
100
AcDbLine
 10
155.6707108228898
 20
77.08348474513524
 11
160
 21
77.08348474513524
  0
LWPOLYLINE
  5
4E9
100
AcDbEntity
  8
vis
  6
ByLayer
 62
  256
370
   -1
100
AcDbPolyline
 90
   19
 70
    0
 43
0
 10
155.6722051850026
 20
77.08348519005501
 10
155.6527653977627
 20
77.08476405383877
 10
155.5987129125824
 20
77.09608136548634
 10
155.5354163378329
 20
77.11665724912697
 10
155.4641245900277
 20
77.14347404867483
 10
155.3338747846973
 20
77.19389837178892
 10
155.1911684300448
 20
77.24527411552694
 10
154.963531632884
 20
77.31027617553708
 10
154.7244783803067
 20
77.35270486485308
 10
154.472935880187
 20
77.36534209441005
 10
154.2220503825224
 20
77.34575924599825
 10
154.044715779286
 20
77.31209671206108
 10
153.8728754971639
 20
77.26553207664962
 10
153.711060654113
 20
77.21082902524944
 10
153.601040473709
 20
77.16885179723177
 10
153.5006237721869
 20
77.12995908253124
 10
153.4279640710272
 20
77.10415757321694
 10
153.3656514460946
 20
77.08755627347288
 10
153.3280510617723
 20
77.08348607064937
  0
LWPOLYLINE
  5
4EA
100
AcDbEntity
  8
vis
  6
ByLayer
 62
  256
370
   -1
100
AcDbPolyline
 90
   19
 70
    0
 43
0
 10
153.3044697981287
 20
75.18974542930603
 10
153.3472346022373
 20
75.11090460274765
 10
153.4012870874176
 20
75.03176239614703
 10
153.4645836621671
 20
74.95647634225033
 10
153.5358754099722
 20
74.8864152712586
 10
153.6661252153027
 20
74.78645100354021
 10
153.8088315699551
 20
74.7056320927355
 10
154.0364683671158
 20
74.62014578188578
 10
154.275521619693
 20
74.57210216573824
 10
154.5270641198128
 20
74.55828660019198
 10
154.7779496174773
 20
74.57968711562408
 10
154.9552842207137
 20
74.61789786670731
 10
155.1271245028359
 20
74.67696124866897
 10
155.2889393458868
 20
74.75814740597332
 10
155.3989595262908
 20
74.83262590376837
 10
155.4993762278129
 20
74.91937896277828
 10
155.5720359289726
 20
74.99827244137089
 10
155.6343485539053
 20
75.08189352147326
 10
155.6955302018713
 20
75.18974542930603
  0
LWPOLYLINE
  5
4EB
100
AcDbEntity
  8
vis
  6
ByLayer
 62
  256
370
   -1
100
AcDbPolyline
 90
    4
 70
    0
 43
0
 10
155.6955302018713
 20
75.18974542930603
 10
155.7863894617053
 20
75.39978305023702
 10
155.8674585209925
 20
75.62437046327001
 10
155.9077119897231
 20
75.75370183514505
  0
LWPOLYLINE
  5
4EC
100
AcDbEntity
  8
vis
  6
ByLayer
 62
  256
370
   -1
100
AcDbPolyline
 90
    8
 70
    0
 43
0
 10
156.1027508178364
 20
76.41577362049661
 10
156.0842960343833
 20
76.32531554089162
 10
156.0593778947327
 20
76.22699832776617
 10
156.0308113974577
 20
76.1295092616926
 10
155.9987205376746
 20
76.02968341242621
 10
155.9645935572991
 20
75.92847282330126
 10
155.9313174412381
 20
75.82921697953793
 10
155.9077119897231
 20
75.75370183514505
  0
LWPOLYLINE
  5
4ED
100
AcDbEntity
  8
vis
  6
ByLayer
 62
  256
370
   -1
100
AcDbPolyline
 90
    3
 70
    0
 43
0
 10
156.1027508178364
 20
76.41577362049661
 10
156.1209976091405
 20
76.6225890159338
 10
156.1209999999259
 20
76.62498658117525
  0
LWPOLYLINE
  5
4EE
100
AcDbEntity
  8
vis
  6
ByLayer
 62
  256
370
   -1
100
AcDbPolyline
 90
    5
 70
    0
 43
0
 10
152.8972491556272
 20
76.83588350989919
 10
152.9157039270071
 20
76.9194039678022
 10
152.9406220553462
 20
76.99377375472157
 10
152.9691885438518
 20
77.05296592442134
 10
152.9916846607483
 20
77.08736005799163
  0
LWPOLYLINE
  5
4EF
100
AcDbEntity
  8
vis
  6
ByLayer
 62
  256
370
   -1
100
AcDbPolyline
 90
    3
 70
    0
 43
0
 10
152.8972491556272
 20
76.83588350989919
 10
152.8790023905549
 20
76.62741104879539
 10
152.8790000000741
 20
76.62501341800606
  0
LWPOLYLINE
  5
4F0
100
AcDbEntity
  8
vis
  6
ByLayer
 62
  256
370
   -1
100
AcDbPolyline
 90
    8
 70
    0
 43
0
 10
153.0922880102769
 20
75.75370183514505
 10
153.0637312782035
 20
75.84429093324636
 10
153.0300002014797
 20
75.9443862655814
 10
152.9959887736734
 20
76.04569619998703
 10
152.9623510296884
 20
76.15187735552574
 10
152.9323855516391
 20
76.25763759518784
 10
152.9073742667396
 20
76.36327446361108
 10
152.8972491821636
 20
76.41577362049661
  0
LWPOLYLINE
  5
4F1
100
AcDbEntity
  8
vis
  6
ByLayer
 62
  256
370
   -1
100
AcDbPolyline
 90
    4
 70
    0
 43
0
 10
153.0922880102769
 20
75.75370183514505
 10
153.1676947920606
 20
75.52182217282041
 10
153.2532412209446
 20
75.30356351118566
 10
153.3044697981287
 20
75.18974542930603
  0
LINE
  5
4F2
100
AcDbEntity
  8
vis
  6
ByLayer
 62
  256
370
   -1
100
AcDbLine
 10
156.1209999999259
 20
76.62498658117525
 11
156.1027508443728
 21
76.8358835098992
  0
LINE
  5
4F3
100
AcDbEntity
  8
vis
  6
ByLayer
 62
  256
370
   -1
100
AcDbLine
 10
152.8790000000741
 20
76.62501341800606
 11
152.8972491821636
 21
76.41577362049659
  0
LINE
  5
4F4
100
AcDbEntity
  8
AM_4
  6
ByLayer
 62
  256
370
   -1
100
AcDbLine
 10
149
 20
81.14067697605695
 11
160
 21
81.14067697605695
  0
LINE
  5
4F5
100
AcDbEntity
  8
AM_4
  6
ByLayer
 62
  256
370
   -1
100
AcDbLine
 10
149
 20
89.85932318079615
 11
160
 21
89.85932318079615
  0
LINE
  5
4F6
100
AcDbEntity
  8
AM_4
  6
ByLayer
 62
  256
370
   -1
100
AcDbLine
 10
149
 20
80.03890162377353
 11
160
 21
80.03890162377353
  0
LINE
  5
4F7
100
AcDbEntity
  8
AM_4
  6
ByLayer
 62
  256
370
   -1
100
AcDbLine
 10
149
 20
90.96109837622646
 11
160
 21
90.96109837622646
  0
LINE
  5
4F8
100
AcDbEntity
  8
AM_4
  6
ByLayer
 62
  256
370
   -1
100
AcDbLine
 10
148.9999999999999
 20
77.43663622406973
 11
160
 21
77.43663622406973
  0
LINE
  5
4F9
100
AcDbEntity
  8
AM_4
  6
ByLayer
 62
  256
370
   -1
100
AcDbLine
 10
149
 20
93.56336429746641
 11
160
 21
93.56336429746641
  0
LINE
  5
4FA
100
AcDbEntity
  8
AM_4
  6
ByLayer
 62
  256
370
   -1
100
AcDbLine
 10
148.9999999999999
 20
92.08053656526103
 11
160
 21
92.08053656526103
  0
LINE
  5
4FB
100
AcDbEntity
  8
AM_4
  6
ByLayer
 62
  256
370
   -1
100
AcDbLine
 10
149
 20
91.40363427979162
 11
160
 21
91.40363427979162
  0
LINE
  5
4FC
100
AcDbEntity
  8
AM_4
  6
ByLayer
 62
  256
370
   -1
100
AcDbLine
 10
149
 20
79.59636572020837
 11
160
 21
79.59636572020837
  0
LINE
  5
4FD
100
AcDbEntity
  8
AM_4
  6
ByLayer
 62
  256
370
   -1
100
AcDbLine
 10
149
 20
78.91946322490664
 11
160
 21
78.91946322490664
  0
LINE
  5
4FE
100
AcDbEntity
  8
AM_4
  6
ByLayer
 62
  256
370
   -1
100
AcDbLine
 10
149
 20
85.2574493538977
 11
160
 21
85.2574493538977
  0
LINE
  5
4FF
100
AcDbEntity
  8
AM_4
  6
ByLayer
 62
  256
370
   -1
100
AcDbLine
 10
149
 20
85.74255080789615
 11
160
 21
85.74255080789615
  0
LINE
  5
500
100
AcDbEntity
  8
AM_4
  6
ByLayer
 62
  256
370
   -1
100
AcDbLine
 10
149
 20
81.59159601268831
 11
160
 21
81.59159601268831
  0
LINE
  5
501
100
AcDbEntity
  8
AM_4
  6
ByLayer
 62
  256
370
   -1
100
AcDbLine
 10
149
 20
89.40840398731166
 11
160
 21
89.40840398731166
  0
LINE
  5
502
100
AcDbEntity
  8
AM_4
  6
ByLayer
 62
  256
370
   -1
100
AcDbLine
 10
149
 20
84.69626624185005
 11
160
 21
84.69626624185005
  0
LINE
  5
503
100
AcDbEntity
  8
AM_4
  6
ByLayer
 62
  256
370
   -1
100
AcDbLine
 10
149
 20
86.30373375814992
 11
160
 21
86.30373375814992
  0
LINE
  5
504
100
AcDbEntity
  8
AM_4
  6
ByLayer
 62
  256
370
   -1
100
AcDbLine
 10
149
 20
89.28885352920038
 11
160
 21
89.28885352920038
  0
LINE
  5
505
100
AcDbEntity
  8
AM_4
  6
ByLayer
 62
  256
370
   -1
100
AcDbLine
 10
149
 20
81.7111464707996
 11
160
 21
81.7111464707996
  0
LINE
  5
506
100
AcDbEntity
  8
AM_4
  6
ByLayer
 62
  256
370
   -1
100
AcDbLine
 10
149
 20
88.79301582078615
 11
160
 21
88.79301582078615
  0
LINE
  5
507
100
AcDbEntity
  8
AM_4
  6
ByLayer
 62
  256
370
   -1
100
AcDbLine
 10
148.9999999999999
 20
82.20698433883952
 11
160
 21
82.20698433883952
  0
LINE
  5
508
100
AcDbEntity
  8
AM_4
  6
ByLayer
 62
  256
370
   -1
100
AcDbLine
 10
149
 20
84.40530893106155
 11
160
 21
84.40530893106155
  0
LINE
  5
509
100
AcDbEntity
  8
AM_4
  6
ByLayer
 62
  256
370
   -1
100
AcDbLine
 10
149
 20
83.79825413244662
 11
160
 21
83.79825413244662
  0
LINE
  5
50A
100
AcDbEntity
  8
AM_4
  6
ByLayer
 62
  256
370
   -1
100
AcDbLine
 10
148.9999999999999
 20
87.20174586755337
 11
160
 21
87.20174602895172
  0
LINE
  5
50B
100
AcDbEntity
  8
AM_4
  6
ByLayer
 62
  256
370
   -1
100
AcDbLine
 10
149
 20
86.59469106893843
 11
160
 21
86.59469106893843
  0
LINE
  5
50C
100
AcDbEntity
  8
vis
  6
ByLayer
 62
  256
370
   -1
100
AcDbLine
 10
146.5568888832932
 20
63.41411047216411
 11
146.5568888832932
 21
107.5858895278359
  0
LINE
  5
50D
100
AcDbEntity
  8
vis
  6
ByLayer
 62
  256
370
   -1
100
AcDbLine
 10
146.5568888832932
 20
63.41411047216411
 11
148.1023702053557
 21
62.99999999999999
  0
LINE
  5
50E
100
AcDbEntity
  8
vis
  6
ByLayer
 62
  256
370
   -1
100
AcDbLine
 10
148.1023702053557
 20
108
 11
146.5568888832932
 21
107.5858895278359
  0
LINE
  5
50F
100
AcDbEntity
  8
vis
  6
ByLayer
 62
  256
370
   -1
100
AcDbLine
 10
148.1023702053557
 20
62.99999999999999
 11
148.1023702053557
 21
108
  0
LINE
  5
510
100
AcDbEntity
  8
vis
  6
ByLayer
 62
  256
370
   -1
100
AcDbLine
 10
148.9999999999999
 20
66.34999999999999
 11
148.9999999999999
 21
104.65
  0
LINE
  5
511
100
AcDbEntity
  8
vis
  6
ByLayer
 62
  256
370
   -1
100
AcDbLine
 10
148.9999999999999
 20
104.65
 11
148.1023702053557
 21
108
  0
LINE
  5
512
100
AcDbEntity
  8
vis
  6
ByLayer
 62
  256
370
   -1
100
AcDbLine
 10
148.1023702053557
 20
62.99999999999999
 11
148.9999999999999
 21
66.34999999999999
  0
LINE
  5
513
100
AcDbEntity
  8
vis
  6
ByLayer
 62
  256
370
   -1
100
AcDbLine
 10
162.4431111167068
 20
63.41411047216411
 11
162.4431111167068
 21
107.5858895278359
  0
LINE
  5
514
100
AcDbEntity
  8
vis
  6
ByLayer
 62
  256
370
   -1
100
AcDbLine
 10
162.4431111167068
 20
107.5858895278359
 11
160.8976297946443
 21
108
  0
LINE
  5
515
100
AcDbEntity
  8
vis
  6
ByLayer
 62
  256
370
   -1
100
AcDbLine
 10
160.8976297946443
 20
62.99999999999999
 11
162.4431111167068
 21
63.41411047216411
  0
LINE
  5
516
100
AcDbEntity
  8
vis
  6
ByLayer
 62
  256
370
   -1
100
AcDbLine
 10
160.0000000000001
 20
66.34999999999999
 11
160.0000000000001
 21
104.65
  0
LINE
  5
517
100
AcDbEntity
  8
vis
  6
ByLayer
 62
  256
370
   -1
100
AcDbLine
 10
160.8976297946443
 20
62.99999999999999
 11
160.8976297946443
 21
108
  0
LINE
  5
518
100
AcDbEntity
  8
vis
  6
ByLayer
 62
  256
370
   -1
100
AcDbLine
 10
160.0000000000001
 20
66.34999999999999
 11
160.8976297946443
 21
62.99999999999999
  0
LINE
  5
519
100
AcDbEntity
  8
vis
  6
ByLayer
 62
  256
370
   -1
100
AcDbLine
 10
160.8976297946443
 20
108
 11
160.0000000000001
 21
104.65
  0
ENDBLK
  5
80
330
7E
100
AcDbEntity
  8
0
100
AcDbBlockEnd
  0
BLOCK
  5
82
330
81
100
AcDbEntity
  8
0
100
AcDbBlockBegin
  2
16_SET_SCREW4_3_1_0_in_MTP24XL037_A_C10_900
 70
    0
 10
0
 20
0
  3
16_SET_SCREW4_3_1_0_in_MTP24XL037_A_C10_900
  1

  0
LINE
  5
51A
100
AcDbEntity
  8
hidden
  6
ByLayer
 62
  256
370
   -1
100
AcDbLine
 10
67.07735026918962
 20
154.9282032302755
 11
65.92264973081038
 21
154.9282032302755
  0
LINE
  5
51B
100
AcDbEntity
  8
hidden
  6
ByLayer
 62
  256
370
   -1
100
AcDbLine
 10
67.07735026918962
 20
153.6291651245988
 11
65.92264973081038
 21
153.6291651245988
  0
LINE
  5
51C
100
AcDbEntity
  8
hidden
  6
ByLayer
 62
  256
370
   -1
100
AcDbLine
 10
67.65470053837925
 20
154.1291651245988
 11
67.65470053837925
 21
155.4282032302755
  0
LINE
  5
51D
100
AcDbEntity
  8
hidden
  6
ByLayer
 62
  256
370
   -1
100
AcDbLine
 10
67.65470053837925
 20
155.4282032302755
 11
67.07735026918962
 21
154.9282032302755
  0
LINE
  5
51E
100
AcDbEntity
  8
hidden
  6
ByLayer
 62
  256
370
   -1
100
AcDbLine
 10
67.65470053837925
 20
154.1291651245988
 11
67.07735026918962
 21
153.6291651245988
  0
LINE
  5
51F
100
AcDbEntity
  8
hidden
  6
ByLayer
 62
  256
370
   -1
100
AcDbLine
 10
67.07735026918962
 20
153.6291651245988
 11
67.07735026918962
 21
155.9282032302755
  0
LINE
  5
520
100
AcDbEntity
  8
hidden
  6
ByLayer
 62
  256
370
   -1
100
AcDbLine
 10
65.34529946162075
 20
154.1291651245988
 11
65.34529946162075
 21
155.4282032302755
  0
LINE
  5
521
100
AcDbEntity
  8
hidden
  6
ByLayer
 62
  256
370
   -1
100
AcDbLine
 10
65.92264973081038
 20
154.9282032302755
 11
65.34529946162075
 21
155.4282032302755
  0
LINE
  5
522
100
AcDbEntity
  8
hidden
  6
ByLayer
 62
  256
370
   -1
100
AcDbLine
 10
65.92264973081038
 20
153.6291651245988
 11
65.34529946162075
 21
154.1291651245988
  0
LINE
  5
523
100
AcDbEntity
  8
hidden
  6
ByLayer
 62
  256
370
   -1
100
AcDbLine
 10
65.92264973081038
 20
153.6291651245988
 11
65.92264973081038
 21
155.9282032302755
  0
LINE
  5
524
100
AcDbEntity
  8
hidden
  6
ByLayer
 62
  256
370
   -1
100
AcDbLine
 10
65.34529946162075
 20
154.1291651245988
 11
65.92264973081038
 21
154.6291651245988
  0
LINE
  5
525
100
AcDbEntity
  8
hidden
  6
ByLayer
 62
  256
370
   -1
100
AcDbLine
 10
67.07735026918962
 20
154.6291651245988
 11
67.65470053837925
 21
154.1291651245988
  0
LINE
  5
526
100
AcDbEntity
  8
hidden
  6
ByLayer
 62
  256
370
   -1
100
AcDbLine
 10
65.34529946162075
 20
155.4282032302755
 11
65.92264973081038
 21
155.9282032302755
  0
LINE
  5
527
100
AcDbEntity
  8
hidden
  6
ByLayer
 62
  256
370
   -1
100
AcDbLine
 10
67.07735026918962
 20
155.9282032302755
 11
67.65470053837925
 21
155.4282032302755
  0
LINE
  5
528
100
AcDbEntity
  8
hidden
  6
ByLayer
 62
  256
370
   -1
100
AcDbLine
 10
67.07735026918962
 20
155.9282032302755
 11
65.92264973081038
 21
155.9282032302755
  0
LINE
  5
529
100
AcDbEntity
  8
hidden
  6
ByLayer
 62
  256
370
   -1
100
AcDbLine
 10
65.92264973081038
 20
154.6291651245988
 11
67.07735026918962
 21
154.6291651245988
  0
LINE
  5
52A
100
AcDbEntity
  8
hidden
  6
ByLayer
 62
  256
370
   -1
100
AcDbLine
 10
65.21769211965301
 20
155.8815675291567
 11
64.86700683814455
 21
155.6335955885397
  0
LINE
  5
52B
100
AcDbEntity
  8
hidden
  6
ByLayer
 62
  256
370
   -1
100
AcDbLine
 10
68.13299316185545
 20
155.6335955885397
 11
67.78230788034699
 21
155.8815675291567
  0
LINE
  5
52C
100
AcDbEntity
  8
hidden
  6
ByLayer
 62
  256
370
   -1
100
AcDbLine
 10
64.5
 20
155.0562453193501
 11
64.5
 21
153.4796460717605
  0
LINE
  5
52D
100
AcDbEntity
  8
hidden
  6
ByLayer
 62
  256
370
   -1
100
AcDbLine
 10
68.5
 20
153.4796460717605
 11
68.5
 21
155.0562453193501
  0
LINE
  5
52E
100
AcDbEntity
  8
hidden
  6
ByLayer
 62
  256
370
   -1
100
AcDbLine
 10
67.52062072615966
 20
152.4692831006787
 11
68.13299316185545
 21
152.9022958025709
  0
LINE
  5
52F
100
AcDbEntity
  8
hidden
  6
ByLayer
 62
  256
370
   -1
100
AcDbLine
 10
64.86700683814455
 20
152.9022958025709
 11
65.47937927384034
 21
152.4692831006787
  0
ELLIPSE
  5
530
100
AcDbEntity
  8
hidden
  6
ByLayer
 62
  256
370
   -1
100
AcDbEllipse
 10
66.5
 20
154.1291651245988
 30
0
 11
-1.000000000000007
 21
1.224646799147361e-16
 31
0
 40
0.5000000000000018
 41
0
 42
6.283185307179586
  0
ELLIPSE
  5
531
100
AcDbEntity
  8
hidden
  6
ByLayer
 62
  256
370
   -1
100
AcDbEllipse
 10
66.49999999999999
 20
155.4282032302755
 30
0
 11
-1.570500000000024
 21
1.923307798060948e-16
 31
0
 40
0.5000000000000003
 41
0
 42
6.283185307179586
  0
ELLIPSE
  5
532
100
AcDbEntity
  8
hidden
  6
ByLayer
 62
  256
370
   -1
100
AcDbEllipse
 10
66.5
 20
155.0562453193501
 30
0
 11
-2.000000000000006
 21
2.449293598294714e-16
 31
0
 40
0.5
 41
0
 42
6.283185307179586
  0
ELLIPSE
  5
533
100
AcDbEntity
  8
hidden
  6
ByLayer
 62
  256
370
   -1
100
AcDbEllipse
 10
66.5
 20
153.4796460717605
 30
0
 11
-2.000000000000009
 21
2.449293598294717e-16
 31
0
 40
0.4999999999999998
 41
0
 42
6.283185307179586
  0
ELLIPSE
  5
534
100
AcDbEntity
  8
hidden
  6
ByLayer
 62
  256
370
   -1
100
AcDbEllipse
 10
66.49999999999999
 20
152.8301270189222
 30
0
 11
-1.250000000000017
 21
1.530808498934213e-16
 31
0
 40
0.4999999999999982
 41
0
 42
6.283185307179586
  0
ENDBLK
  5
83
330
81
100
AcDbEntity
  8
0
100
AcDbBlockEnd
  0
BLOCK
  5
85
330
84
100
AcDbEntity
  8
0
100
AcDbBlockBegin
  2
17_SET_SCREW4_3_2_0_in_MTP24XL037_A_C10_900
 70
    0
 10
0
 20
0
  3
17_SET_SCREW4_3_2_0_in_MTP24XL037_A_C10_900
  1

  0
CIRCLE
  5
535
100
AcDbEntity
  8
hidden
  6
ByLayer
 62
  256
370
   -1
100
AcDbCircle
 10
66.5
 20
148.5
 40
1.250000000000004
  0
LINE
  5
536
100
AcDbEntity
  8
center
  6
ByLayer
 62
  256
370
   -1
100
AcDbLine
 10
66.5
 20
146.4
 11
66.5
 21
150.6
  0
LINE
  5
537
100
AcDbEntity
  8
vis
  6
ByLayer
 62
  256
370
   -1
100
AcDbLine
 10
67.07735026918962
 20
149.5
 11
65.92264973081038
 21
149.5
  0
LINE
  5
538
100
AcDbEntity
  8
vis
  6
ByLayer
 62
  256
370
   -1
100
AcDbLine
 10
67.07735026918962
 20
147.5
 11
67.65470053837925
 21
148.5
  0
LINE
  5
539
100
AcDbEntity
  8
vis
  6
ByLayer
 62
  256
370
   -1
100
AcDbLine
 10
67.65470053837925
 20
148.5
 11
67.07735026918962
 21
149.5
  0
LINE
  5
53A
100
AcDbEntity
  8
vis
  6
ByLayer
 62
  256
370
   -1
100
AcDbLine
 10
65.34529946162075
 20
148.5
 11
65.92264973081038
 21
147.5
  0
LINE
  5
53B
100
AcDbEntity
  8
vis
  6
ByLayer
 62
  256
370
   -1
100
AcDbLine
 10
65.92264973081038
 20
149.5
 11
65.34529946162075
 21
148.5
  0
LINE
  5
53C
100
AcDbEntity
  8
vis
  6
ByLayer
 62
  256
370
   -1
100
AcDbLine
 10
67.07735026918962
 20
147.5
 11
65.92264973081038
 21
147.5
  0
ARC
  5
53D
100
AcDbEntity
  8
AM_5
  6
ByLayer
 62
  256
370
   -1
100
AcDbCircle
 10
66.5
 20
148.5
 40
1.570500000000013
100
AcDbArc
 50
75.00000000000027
 51
15.00000000000037
  0
CIRCLE
  5
53E
100
AcDbEntity
  8
vis
  6
ByLayer
 62
  256
370
   -1
100
AcDbCircle
 10
66.5
 20
148.5
 40
0.9999999999999999
  0
ENDBLK
  5
86
330
84
100
AcDbEntity
  8
0
100
AcDbBlockEnd
  0
BLOCK
  5
88
330
87
100
AcDbEntity
  8
0
100
AcDbBlockBegin
  2
18_MTP24XL037_A_C10_b_0_in_MTP24XL037_A_C10_900
 70
    0
 10
0
 20
0
  3
18_MTP24XL037_A_C10_b_0_in_MTP24XL037_A_C10_900
  1

  0
LINE
  5
53F
100
AcDbEntity
  8
hidden
  6
ByLayer
 62
  256
370
   -1
100
AcDbLine
 10
67.69553020187131
 20
149.5946910689384
 11
65.30446979812869
 21
149.5946910689384
  0
LINE
  5
540
100
AcDbEntity
  8
hidden
  6
ByLayer
 62
  256
370
   -1
100
AcDbLine
 10
67.69553020187131
 20
147.4053089310616
 11
65.30446979812869
 21
147.4053089310616
  0
LINE
  5
541
100
AcDbEntity
  8
hidden
  6
ByLayer
 62
  256
370
   -1
100
AcDbLine
 10
67.9077119897231
 20
147.6962662418501
 11
65.09228801027689
 21
147.6962662418501
  0
LINE
  5
542
100
AcDbEntity
  8
hidden
  6
ByLayer
 62
  256
370
   -1
100
AcDbLine
 10
67.9077119897231
 20
149.3037337581499
 11
65.09228801027689
 21
149.3037337581499
  0
LINE
  5
543
100
AcDbEntity
  8
hidden
  6
ByLayer
 62
  256
370
   -1
100
AcDbLine
 10
68.10275084437275
 20
148.2574493538977
 11
64.89724915562725
 21
148.2574493538977
  0
LINE
  5
544
100
AcDbEntity
  8
hidden
  6
ByLayer
 62
  256
370
   -1
100
AcDbLine
 10
68.10275087390167
 20
148.7425504707528
 11
64.89724912609833
 21
148.7425504707528
  0
LWPOLYLINE
  5
545
100
AcDbEntity
  8
hidden
  6
ByLayer
 62
  256
370
   -1
100
AcDbPolyline
 90
   12
 70
    0
 43
0
 10
67.40534387883035
 20
164.2788151635338
 10
67.33387478469734
 20
164.2765304190105
 10
67.19116843004491
 20
164.2638676399653
 10
66.96353163288417
 20
164.2381652708569
 10
66.72447838030696
 20
164.2169108351767
 10
66.47293588018721
 20
164.2102950398907
 10
66.2220503825227
 20
164.2205517721493
 10
66.04471577928629
 20
164.2373609307859
 10
65.87287549716415
 20
164.2570288808901
 10
65.71106065411321
 20
164.2733216740187
 10
65.60104047370918
 20
164.2787926210596
 10
65.59228519469637
 20
164.2788196206841
  0
LWPOLYLINE
  5
546
100
AcDbEntity
  8
hidden
  6
ByLayer
 62
  256
370
   -1
100
AcDbPolyline
 90
    5
 70
    0
 43
0
 10
65.59228519469637
 20
164.2788196206841
 10
65.50062377218707
 20
164.2736151576909
 10
65.42796407102736
 20
164.2578590032844
 10
65.36565144609469
 20
164.2287498799296
 10
65.30446979812871
 20
164.1685026175343
  0
LWPOLYLINE
  5
547
100
AcDbEntity
  8
hidden
  6
ByLayer
 62
  256
370
   -1
100
AcDbPolyline
 90
    5
 70
    0
 43
0
 10
68.02267871367224
 20
163.6632988438017
 10
68.03764897031158
 20
163.6652135645141
 10
68.06761444836087
 20
163.6830723358124
 10
68.09262573326045
 20
163.7213381660565
 10
68.10275081783644
 20
163.7492403445527
  0
LWPOLYLINE
  5
548
100
AcDbEntity
  8
hidden
  6
ByLayer
 62
  256
370
   -1
100
AcDbPolyline
 90
    5
 70
    0
 43
0
 10
64.97729568766773
 20
163.6632988379702
 10
65.00127946232541
 20
163.6677917919456
 10
65.03540644270088
 20
163.6889733597782
 10
65.06868255876185
 20
163.7284841596753
 10
65.0922880102769
 20
163.7736160909442
  0
LWPOLYLINE
  5
549
100
AcDbEntity
  8
hidden
  6
ByLayer
 62
  256
370
   -1
100
AcDbPolyline
 90
    6
 70
    0
 43
0
 10
67.69553020187129
 20
164.1685026175343
 10
67.65276539776266
 20
164.2152245018611
 10
67.5987129125824
 20
164.2478491702938
 10
67.53541633783293
 20
164.2675566098599
 10
67.46412459002775
 20
164.2770410151812
 10
67.40534387883035
 20
164.2788151635338
  0
LWPOLYLINE
  5
54A
100
AcDbEntity
  8
hidden
  6
ByLayer
 62
  256
370
   -1
100
AcDbPolyline
 90
    4
 70
    0
 43
0
 10
65.30446979812871
 20
164.1685026175343
 10
65.21361053829472
 20
164.0214326920508
 10
65.13254147900749
 20
163.8641748924581
 10
65.0922880102769
 20
163.7736160909442
  0
LWPOLYLINE
  5
54B
100
AcDbEntity
  8
hidden
  6
ByLayer
 62
  256
370
   -1
100
AcDbPolyline
 90
    5
 70
    0
 43
0
 10
64.89724918216356
 20
163.7492403445527
 10
64.91570396561673
 20
163.7050252375808
 10
64.94062210526729
 20
163.6759138944442
 10
64.96918860254235
 20
163.6638500272511
 10
64.97729568766773
 20
163.6632988379702
  0
LWPOLYLINE
  5
54C
100
AcDbEntity
  8
hidden
  6
ByLayer
 62
  256
370
   -1
100
AcDbPolyline
 90
    3
 70
    0
 43
0
 10
64.89724918216356
 20
163.7492403445527
 10
64.87900239085947
 20
163.8705586827539
 10
64.87900000007406
 20
163.8719431698039
  0
LWPOLYLINE
  5
54D
100
AcDbEntity
  8
hidden
  6
ByLayer
 62
  256
370
   -1
100
AcDbPolyline
 90
    8
 70
    0
 43
0
 10
65.09228801027689
 20
164.5773498490941
 10
65.06373127820353
 20
164.4726647754795
 10
65.03000020147971
 20
164.3676235966679
 10
64.99598877367335
 20
164.2706931247937
 10
64.96235102968839
 20
164.1783184700643
 10
64.93238555163911
 20
164.0956568014557
 10
64.90737426673955
 20
164.0233055049471
 10
64.89724915562725
 20
163.9917909050556
  0
LWPOLYLINE
  5
54E
100
AcDbEntity
  8
hidden
  6
ByLayer
 62
  256
370
   -1
100
AcDbPolyline
 90
    4
 70
    0
 43
0
 10
65.09228801027689
 20
164.5773498490941
 10
65.16769479206057
 20
164.8593454710468
 10
65.25324122094456
 20
165.1247761966966
 10
65.30446979812869
 20
165.2631936864728
  0
LWPOLYLINE
  5
54F
100
AcDbEntity
  8
hidden
  6
ByLayer
 62
  256
370
   -1
100
AcDbPolyline
 90
   19
 70
    0
 43
0
 10
65.30446979812869
 20
165.2631936864728
 10
65.34723460223734
 20
165.3548327872911
 10
65.40128708741761
 20
165.4396842829351
 10
65.4645836621671
 20
165.5147376379434
 10
65.53587540997229
 20
165.5801545078992
 10
65.66612521530273
 20
165.6664708051287
 10
65.8088315699552
 20
165.7301306454692
 10
66.03646836711599
 20
165.7913127777866
 10
66.27552161969324
 20
165.8222925520199
 10
66.52706411981302
 20
165.8309492851076
 10
66.77794961747757
 20
165.8175442612186
 10
66.95528422071396
 20
165.7928573594011
 10
67.12712450283611
 20
165.7515409452409
 10
67.28893934588703
 20
165.689378067144
 10
67.39895952629102
 20
165.6276132695382
 10
67.49937622781309
 20
165.5498941848953
 10
67.57203592897277
 20
165.473692351038
 10
67.63434855390541
 20
165.3867198097
 10
67.69553020187131
 20
165.2631936864728
  0
LWPOLYLINE
  5
550
100
AcDbEntity
  8
hidden
  6
ByLayer
 62
  256
370
   -1
100
AcDbPolyline
 90
    4
 70
    0
 43
0
 10
67.69553020187131
 20
165.2631936864728
 10
67.78638946170531
 20
165.0077608082543
 10
67.86745852099253
 20
164.7346335034011
 10
67.90771198972311
 20
164.5773498490941
  0
LWPOLYLINE
  5
551
100
AcDbEntity
  8
hidden
  6
ByLayer
 62
  256
370
   -1
100
AcDbPolyline
 90
    8
 70
    0
 43
0
 10
68.10275084437275
 20
163.9917909050556
 10
68.08429607299287
 20
164.0480223193242
 10
68.05937794465378
 20
164.1186118263459
 10
68.03081145614817
 20
164.1970078784925
 10
67.99872060217116
 20
164.2854304624624
 10
67.96459362341012
 20
164.3836721702243
 10
67.93131750339363
 20
164.4893856372651
 10
67.90771198972311
 20
164.5773498490941
  0
LWPOLYLINE
  5
552
100
AcDbEntity
  8
hidden
  6
ByLayer
 62
  256
370
   -1
100
AcDbPolyline
 90
    3
 70
    0
 43
0
 10
68.10275084437275
 20
163.9917909050556
 10
68.12099760944514
 20
163.8733426847567
 10
68.12099999992596
 20
163.8719586640554
  0
LWPOLYLINE
  5
553
100
AcDbEntity
  8
hidden
  6
ByLayer
 62
  256
370
   -1
100
AcDbPolyline
 90
    5
 70
    0
 43
0
 10
67.9077119897231
 20
163.7736160909442
 10
67.93626872179645
 20
163.7211508642382
 10
67.96999979852028
 20
163.6844387078199
 10
68.00401122632664
 20
163.6660517177734
 10
68.02267871367224
 20
163.6632988438017
  0
LWPOLYLINE
  5
554
100
AcDbEntity
  8
hidden
  6
ByLayer
 62
  256
370
   -1
100
AcDbPolyline
 90
    4
 70
    0
 43
0
 10
67.9077119897231
 20
163.7736160909442
 10
67.8323052079394
 20
163.9359799784614
 10
67.74675877905541
 20
164.0888063386176
 10
67.69553020187129
 20
164.1685026175343
  0
LINE
  5
555
100
AcDbEntity
  8
hidden
  6
ByLayer
 62
  256
370
   -1
100
AcDbLine
 10
64.879
 20
163.8719345334646
 11
64.879
 21
152.8285018092193
  0
LINE
  5
556
100
AcDbEntity
  8
hidden
  6
ByLayer
 62
  256
370
   -1
100
AcDbLine
 10
68.121
 20
152.8286049128337
 11
68.121
 21
163.8719345344968
  0
LWPOLYLINE
  5
557
100
AcDbEntity
  8
hidden
  6
ByLayer
 62
  256
370
   -1
100
AcDbPolyline
 90
    8
 70
    0
 43
0
 10
67.48384487366532
 20
153.3280702987877
 10
67.48834964763232
 20
153.3270885027901
 10
67.68338692220244
 20
153.2764113789614
 10
67.85374607526697
 20
153.2063889807035
 10
67.98561524004887
 20
153.1178124207991
 10
68.07382697285684
 20
153.0107252673301
 10
68.11696854589516
 20
152.8861228280449
 10
68.12099999875451
 20
152.8301588060634
  0
LWPOLYLINE
  5
558
100
AcDbEntity
  8
hidden
  6
ByLayer
 62
  256
370
   -1
100
AcDbPolyline
 90
   10
 70
    0
 43
0
 10
65.51864215874312
 20
153.3285799679117
 10
65.72434893793199
 20
153.3626524259237
 10
65.89139868525183
 20
153.3812148485479
 10
66.06744601037185
 20
153.394448418977
 10
66.24900493558495
 20
153.4027389714801
 10
66.51568478623464
 20
153.4067466381343
 10
66.78189680207484
 20
153.4016692867925
 10
67.03157001280137
 20
153.3877104389954
 10
67.26695586197856
 20
153.3637924877737
 10
67.48384487366532
 20
153.3280702987877
  0
LWPOLYLINE
  5
559
100
AcDbEntity
  8
hidden
  6
ByLayer
 62
  256
370
   -1
100
AcDbPolyline
 90
    8
 70
    0
 43
0
 10
64.87900000048941
 20
152.8301071021164
 10
64.88574780320913
 20
152.9021123236362
 10
64.93037958713711
 20
153.0180213495462
 10
65.01488362175014
 20
153.1182537673832
 10
65.13890372952272
 20
153.2025408771828
 10
65.29765679079547
 20
153.2701241784516
 10
65.49672397669715
 20
153.323931459981
 10
65.51864215874312
 20
153.3285799679117
  0
LINE
  5
55A
100
AcDbEntity
  8
hidden
  6
ByLayer
 62
  256
370
   -1
100
AcDbLine
 10
66.61201733444193
 20
151.7888367179155
 11
66.5
 21
151.785750633201
  0
LWPOLYLINE
  5
55B
100
AcDbEntity
  8
hidden
  6
ByLayer
 62
  256
370
   -1
100
AcDbPolyline
 90
   11
 70
    0
 43
0
 10
68.12099999875451
 20
152.8301588060634
 10
68.11385279194504
 20
152.7529774114656
 10
68.06819599427708
 20
152.6103340461106
 10
67.98254123031134
 20
152.4651363855409
 10
67.85972305458405
 20
152.3209012645257
 10
67.69650590774953
 20
152.1785679616282
 10
67.50127391465753
 20
152.0496299639248
 10
67.26977099469906
 20
151.9370083964047
 10
67.01497270639659
 20
151.8519449075157
 10
66.76119359713286
 20
151.8027522068185
 10
66.61201733444193
 20
151.7888367179155
  0
LINE
  5
55C
100
AcDbEntity
  8
hidden
  6
ByLayer
 62
  256
370
   -1
100
AcDbLine
 10
64.87900000007406
 20
163.8719431698039
 11
64.89724915562725
 21
163.9917909050556
  0
LINE
  5
55D
100
AcDbEntity
  8
hidden
  6
ByLayer
 62
  256
370
   -1
100
AcDbLine
 10
68.12099999992596
 20
163.8719586640554
 11
68.10275081783644
 21
163.7492403445527
  0
LINE
  5
55E
100
AcDbEntity
  8
hidden
  6
ByLayer
 62
  256
370
   -1
100
AcDbLine
 10
61
 20
130.75
 11
72
 21
130.75
  0
LINE
  5
55F
100
AcDbEntity
  8
hidden
  6
ByLayer
 62
  256
370
   -1
100
AcDbLine
 10
72
 20
166.25
 11
61
 21
166.25
  0
LINE
  5
560
100
AcDbEntity
  8
hidden
  6
ByLayer
 62
  256
370
   -1
100
AcDbLine
 10
72
 20
166.6004886248359
 11
61
 21
166.6004886248359
  0
LINE
  5
561
100
AcDbEntity
  8
hidden
  6
ByLayer
 62
  256
370
   -1
100
AcDbLine
 10
72
 20
166.2483427143378
 11
61
 21
166.2483427143378
  0
LINE
  5
562
100
AcDbEntity
  8
hidden
  6
ByLayer
 62
  256
370
   -1
100
AcDbLine
 10
72
 20
130.3995113751641
 11
61
 21
130.3995113751641
  0
LINE
  5
563
100
AcDbEntity
  8
hidden
  6
ByLayer
 62
  256
370
   -1
100
AcDbLine
 10
72
 20
130.7516572785197
 11
61
 21
130.7516572785197
  0
LINE
  5
564
100
AcDbEntity
  8
hidden
  6
ByLayer
 62
  256
370
   -1
100
AcDbLine
 10
72
 20
167.2244485913947
 11
61
 21
167.2244485913947
  0
LINE
  5
565
100
AcDbEntity
  8
hidden
  6
ByLayer
 62
  256
370
   -1
100
AcDbLine
 10
72
 20
129.7755514086053
 11
61
 21
129.7755514086053
  0
LINE
  5
566
100
AcDbEntity
  8
hidden
  6
ByLayer
 62
  256
370
   -1
100
AcDbLine
 10
72
 20
166.1917510349815
 11
61
 21
166.1917510349815
  0
LINE
  5
567
100
AcDbEntity
  8
hidden
  6
ByLayer
 62
  256
370
   -1
100
AcDbLine
 10
72
 20
130.8082489650185
 11
61
 21
130.8082489650185
  0
LWPOLYLINE
  5
568
100
AcDbEntity
  8
hidden
  6
ByLayer
 62
  256
370
   -1
100
AcDbPolyline
 90
   12
 70
    0
 43
0
 10
66.38919702181101
 20
151.7887701238349
 10
66.23600440077166
 20
151.8031239295225
 10
65.97966128962413
 20
151.8533546197019
 10
65.73868378084299
 20
151.9335442197658
 10
65.51833840868387
 20
152.0385637896655
 10
65.31803369527246
 20
152.1676535461685
 10
65.15018713172789
 20
152.3109956708882
 10
65.05688721697146
 20
152.4136560985241
 10
64.98183670717135
 20
152.518173119046
 10
64.92667373988309
 20
152.62179970356
 10
64.88387000039822
 20
152.7671706929045
 10
64.87900000048941
 20
152.8301071021164
  0
LINE
  5
569
100
AcDbEntity
  8
hidden
  6
ByLayer
 62
  256
370
   -1
100
AcDbLine
 10
66.5
 20
151.785750633201
 11
66.38919702181101
 21
151.7887701238349
  0
LINE
  5
56A
100
AcDbEntity
  8
hidden
  6
ByLayer
 62
  256
370
   -1
100
AcDbLine
 10
58.5
 20
143.5
 11
74.5
 21
143.5
  0
LINE
  5
56B
100
AcDbEntity
  8
hidden
  6
ByLayer
 62
  256
370
   -1
100
AcDbLine
 10
74.5
 20
153.5
 11
58.5
 21
153.5
  0
LINE
  5
56C
100
AcDbEntity
  8
hidden
  6
ByLayer
 62
  256
370
   -1
100
AcDbLine
 10
72
 20
131.2936407127118
 11
61
 21
131.2936407127118
  0
LINE
  5
56D
100
AcDbEntity
  8
hidden
  6
ByLayer
 62
  256
370
   -1
100
AcDbLine
 10
72
 20
165.7063593303573
 11
61
 21
165.7063593303573
  0
LINE
  5
56E
100
AcDbEntity
  8
hidden
  6
ByLayer
 62
  256
370
   -1
100
AcDbLine
 10
72
 20
165.7757078273795
 11
61
 21
165.7757078273795
  0
LINE
  5
56F
100
AcDbEntity
  8
hidden
  6
ByLayer
 62
  256
370
   -1
100
AcDbLine
 10
72
 20
165.5808058331198
 11
61
 21
165.5808058331198
  0
LINE
  5
570
100
AcDbEntity
  8
hidden
  6
ByLayer
 62
  256
370
   -1
100
AcDbLine
 10
61
 20
165.5578082692882
 11
72
 21
165.5578082692882
  0
LINE
  5
571
100
AcDbEntity
  8
hidden
  6
ByLayer
 62
  256
370
   -1
100
AcDbLine
 10
72
 20
131.2242921726205
 11
61
 21
131.2242921726205
  0
LINE
  5
572
100
AcDbEntity
  8
hidden
  6
ByLayer
 62
  256
370
   -1
100
AcDbLine
 10
72
 20
131.4191940247109
 11
61
 21
131.4191940247109
  0
LINE
  5
573
100
AcDbEntity
  8
hidden
  6
ByLayer
 62
  256
370
   -1
100
AcDbLine
 10
72
 20
131.4421917307118
 11
61
 21
131.4421917307118
  0
LINE
  5
574
100
AcDbEntity
  8
hidden
  6
ByLayer
 62
  256
370
   -1
100
AcDbLine
 10
74.5
 20
146.5
 11
58.5
 21
146.5
  0
LINE
  5
575
100
AcDbEntity
  8
hidden
  6
ByLayer
 62
  256
370
   -1
100
AcDbLine
 10
74.5
 20
150.5
 11
58.5
 21
150.5
  0
LINE
  5
576
100
AcDbEntity
  8
hidden
  6
ByLayer
 62
  256
370
   -1
100
AcDbLine
 10
72
 20
166.3031015803052
 11
61
 21
166.3031015803052
  0
LINE
  5
577
100
AcDbEntity
  8
hidden
  6
ByLayer
 62
  256
370
   -1
100
AcDbLine
 10
72
 20
130.6968984196948
 11
61
 21
130.6968984196948
  0
LINE
  5
578
100
AcDbEntity
  8
hidden
  6
ByLayer
 62
  256
370
   -1
100
AcDbLine
 10
72
 20
133.0082089303629
 11
61
 21
133.0082089303629
  0
LINE
  5
579
100
AcDbEntity
  8
hidden
  6
ByLayer
 62
  256
370
   -1
100
AcDbLine
 10
72
 20
163.991790990655
 11
61
 21
163.991790990655
  0
LINE
  5
57A
100
AcDbEntity
  8
hidden
  6
ByLayer
 62
  256
370
   -1
100
AcDbLine
 10
72
 20
163.7736160909442
 11
61
 21
163.7736160909442
  0
LINE
  5
57B
100
AcDbEntity
  8
hidden
  6
ByLayer
 62
  256
370
   -1
100
AcDbLine
 10
72
 20
163.749240261741
 11
61
 21
163.749240261741
  0
LINE
  5
57C
100
AcDbEntity
  8
hidden
  6
ByLayer
 62
  256
370
   -1
100
AcDbLine
 10
61
 20
163.6632988379604
 11
72
 21
163.6632988379604
  0
LINE
  5
57D
100
AcDbEntity
  8
hidden
  6
ByLayer
 62
  256
370
   -1
100
AcDbLine
 10
72
 20
133.2263839090558
 11
61
 21
133.2263839090558
  0
LINE
  5
57E
100
AcDbEntity
  8
hidden
  6
ByLayer
 62
  256
370
   -1
100
AcDbLine
 10
72
 20
133.2507594707515
 11
61
 21
133.2507594707515
  0
LINE
  5
57F
100
AcDbEntity
  8
hidden
  6
ByLayer
 62
  256
370
   -1
100
AcDbLine
 10
72
 20
133.3367011620395
 11
61
 21
133.3367011620395
  0
LINE
  5
580
100
AcDbEntity
  8
hidden
  6
ByLayer
 62
  256
370
   -1
100
AcDbLine
 10
72
 20
164.1685026175343
 11
61
 21
164.1685026175343
  0
LINE
  5
581
100
AcDbEntity
  8
hidden
  6
ByLayer
 62
  256
370
   -1
100
AcDbLine
 10
72
 20
132.8314973824657
 11
61
 21
132.8314973824657
  0
LINE
  5
582
100
AcDbEntity
  8
hidden
  6
ByLayer
 62
  256
370
   -1
100
AcDbLine
 10
72
 20
160.7306526587551
 11
61
 21
160.7306526587551
  0
LINE
  5
583
100
AcDbEntity
  8
hidden
  6
ByLayer
 62
  256
370
   -1
100
AcDbLine
 10
72
 20
160.8784641670855
 11
61
 21
160.8784641670855
  0
LINE
  5
584
100
AcDbEntity
  8
hidden
  6
ByLayer
 62
  256
370
   -1
100
AcDbLine
 10
61
 20
160.6938651574345
 11
72
 21
160.6938651574345
  0
LINE
  5
585
100
AcDbEntity
  8
hidden
  6
ByLayer
 62
  256
370
   -1
100
AcDbLine
 10
72
 20
136.269347341245
 11
61
 21
136.269347341245
  0
LINE
  5
586
100
AcDbEntity
  8
hidden
  6
ByLayer
 62
  256
370
   -1
100
AcDbLine
 10
72
 20
136.1215354582989
 11
61
 21
136.1215354582989
  0
LINE
  5
587
100
AcDbEntity
  8
hidden
  6
ByLayer
 62
  256
370
   -1
100
AcDbLine
 10
72
 20
136.3061348425655
 11
61
 21
136.3061348425655
  0
LINE
  5
588
100
AcDbEntity
  8
hidden
  6
ByLayer
 62
  256
370
   -1
100
AcDbLine
 10
72
 20
160.9661210948034
 11
61
 21
160.9661210948034
  0
LINE
  5
589
100
AcDbEntity
  8
hidden
  6
ByLayer
 62
  256
370
   -1
100
AcDbLine
 10
72
 20
136.0338789051966
 11
61
 21
136.0338789051966
  0
LINE
  5
58A
100
AcDbEntity
  8
hidden
  6
ByLayer
 62
  256
370
   -1
100
AcDbLine
 10
73.60000000000002
 20
133.5
 11
74.44311111670676
 21
133.5
  0
LINE
  5
58B
100
AcDbEntity
  8
hidden
  6
ByLayer
 62
  256
370
   -1
100
AcDbLine
 10
74.44311111670676
 20
163.5
 11
73.60000000000002
 21
163.5
  0
LINE
  5
58C
100
AcDbEntity
  8
hidden
  6
ByLayer
 62
  256
370
   -1
100
AcDbLine
 10
58.55688888329324
 20
133.5
 11
59.39999999999998
 21
133.5
  0
LINE
  5
58D
100
AcDbEntity
  8
hidden
  6
ByLayer
 62
  256
370
   -1
100
AcDbLine
 10
59.39999999999998
 20
163.5
 11
58.55688888329324
 21
163.5
  0
LINE
  5
58E
100
AcDbEntity
  8
hidden
  6
ByLayer
 62
  256
370
   -1
100
AcDbLine
 10
72
 20
140.145809540019
 11
61
 21
140.145809540019
  0
LINE
  5
58F
100
AcDbEntity
  8
hidden
  6
ByLayer
 62
  256
370
   -1
100
AcDbLine
 10
72
 20
140.1481307741831
 11
61
 21
140.1481307741831
  0
LINE
  5
590
100
AcDbEntity
  8
hidden
  6
ByLayer
 62
  256
370
   -1
100
AcDbLine
 10
72
 20
156.854190459981
 11
61
 21
156.854190459981
  0
LINE
  5
591
100
AcDbEntity
  8
hidden
  6
ByLayer
 62
  256
370
   -1
100
AcDbLine
 10
61
 20
156.851869225817
 11
72
 21
156.851869225817
  0
LINE
  5
592
100
AcDbEntity
  8
hidden
  6
ByLayer
 62
  256
370
   -1
100
AcDbLine
 10
72
 20
140.0858059792993
 11
61
 21
140.0858059792993
  0
LINE
  5
593
100
AcDbEntity
  8
hidden
  6
ByLayer
 62
  256
370
   -1
100
AcDbLine
 10
72
 20
156.9141940207007
 11
61
 21
156.9141940207007
  0
LINE
  5
594
100
AcDbEntity
  8
hidden
  6
ByLayer
 62
  256
370
   -1
100
AcDbLine
 10
73.59999999999999
 20
167.4393560038601
 11
73.59999999999999
 21
129.5606439961399
  0
LINE
  5
595
100
AcDbEntity
  8
hidden
  6
ByLayer
 62
  256
370
   -1
100
AcDbLine
 10
73.59999999999999
 20
129.5606439961399
 11
74.44311111670676
 21
126.4141104721641
  0
LINE
  5
596
100
AcDbEntity
  8
hidden
  6
ByLayer
 62
  256
370
   -1
100
AcDbLine
 10
74.44311111670676
 20
170.5858895278359
 11
73.59999999999999
 21
167.4393560038601
  0
LINE
  5
597
100
AcDbEntity
  8
hidden
  6
ByLayer
 62
  256
370
   -1
100
AcDbLine
 10
59.4
 20
167.4393560038601
 11
59.4
 21
129.5606439961399
  0
LINE
  5
598
100
AcDbEntity
  8
hidden
  6
ByLayer
 62
  256
370
   -1
100
AcDbLine
 10
59.4
 20
167.4393560038601
 11
58.55688888329324
 21
170.5858895278359
  0
LINE
  5
599
100
AcDbEntity
  8
hidden
  6
ByLayer
 62
  256
370
   -1
100
AcDbLine
 10
58.55688888329324
 20
126.4141104721641
 11
59.4
 21
129.5606439961399
  0
LINE
  5
59A
100
AcDbEntity
  8
center
  6
ByLayer
 62
  256
370
   -1
100
AcDbLine
 10
57.7
 20
148.5
 11
75.3
 21
148.5
  0
LINE
  5
59B
100
AcDbEntity
  8
vis
  6
ByLayer
 62
  256
370
   -1
100
AcDbLine
 10
72
 20
167.5766514517329
 11
61
 21
167.5766514517329
  0
LINE
  5
59C
100
AcDbEntity
  8
vis
  6
ByLayer
 62
  256
370
   -1
100
AcDbLine
 10
61
 20
129.423348548267
 11
72
 21
129.423348548267
  0
LINE
  5
59D
100
AcDbEntity
  8
AM_4
  6
ByLayer
 62
  256
370
   -1
100
AcDbLine
 10
72
 20
129.4257618867137
 11
61
 21
129.4257618867137
  0
LINE
  5
59E
100
AcDbEntity
  8
AM_4
  6
ByLayer
 62
  256
370
   -1
100
AcDbLine
 10
72.00000000000011
 20
167.574238149983
 11
61
 21
167.5742381355835
  0
LINE
  5
59F
100
AcDbEntity
  8
AM_4
  6
ByLayer
 62
  256
370
   -1
100
AcDbLine
 10
72
 20
167.3647434863041
 11
61
 21
167.3647434863041
  0
LINE
  5
5A0
100
AcDbEntity
  8
AM_4
  6
ByLayer
 62
  256
370
   -1
100
AcDbLine
 10
72.00000000000011
 20
129.6352564943079
 11
61
 21
129.6352564943079
  0
LINE
  5
5A1
100
AcDbEntity
  8
AM_4
  6
ByLayer
 62
  256
370
   -1
100
AcDbLine
 10
72
 20
166.869755374595
 11
61
 21
166.869755374595
  0
LINE
  5
5A2
100
AcDbEntity
  8
AM_4
  6
ByLayer
 62
  256
370
   -1
100
AcDbLine
 10
72
 20
130.130244625405
 11
61
 21
130.130244625405
  0
LINE
  5
5A3
100
AcDbEntity
  8
vis
  6
ByLayer
 62
  256
370
   -1
100
AcDbLine
 10
72
 20
166.5210011383964
 11
61
 21
166.5210011383964
  0
LINE
  5
5A4
100
AcDbEntity
  8
vis
  6
ByLayer
 62
  256
370
   -1
100
AcDbLine
 10
61
 20
130.4789988616035
 11
72
 21
130.4789988616035
  0
LINE
  5
5A5
100
AcDbEntity
  8
AM_4
  6
ByLayer
 62
  256
370
   -1
100
AcDbLine
 10
72
 20
130.5161451364941
 11
61
 21
130.5161451364941
  0
LINE
  5
5A6
100
AcDbEntity
  8
AM_4
  6
ByLayer
 62
  256
370
   -1
100
AcDbLine
 10
72.00000000000011
 20
166.4838549402864
 11
61
 21
166.4838549402864
  0
LINE
  5
5A7
100
AcDbEntity
  8
AM_4
  6
ByLayer
 62
  256
370
   -1
100
AcDbLine
 10
72
 20
165.2631936864728
 11
61
 21
165.2631936864728
  0
LINE
  5
5A8
100
AcDbEntity
  8
AM_4
  6
ByLayer
 62
  256
370
   -1
100
AcDbLine
 10
72
 20
165.8696475556168
 11
61
 21
165.8696475556168
  0
LINE
  5
5A9
100
AcDbEntity
  8
AM_4
  6
ByLayer
 62
  256
370
   -1
100
AcDbLine
 10
72.00000000000011
 20
131.1303522230298
 11
61
 21
131.1303522230298
  0
LINE
  5
5AA
100
AcDbEntity
  8
AM_4
  6
ByLayer
 62
  256
370
   -1
100
AcDbLine
 10
72
 20
131.7368063135272
 11
61
 21
131.7368063135272
  0
LINE
  5
5AB
100
AcDbEntity
  8
AM_4
  6
ByLayer
 62
  256
370
   -1
100
AcDbLine
 10
72
 20
132.4226501509059
 11
61
 21
132.4226501509059
  0
LINE
  5
5AC
100
AcDbEntity
  8
AM_4
  6
ByLayer
 62
  256
370
   -1
100
AcDbLine
 10
72
 20
164.5773498490941
 11
61
 21
164.5773498490941
  0
LINE
  5
5AD
100
AcDbEntity
  8
vis
  6
ByLayer
 62
  256
370
   -1
100
AcDbLine
 10
72
 20
164.278819870518
 11
61
 21
164.278819870518
  0
LINE
  5
5AE
100
AcDbEntity
  8
vis
  6
ByLayer
 62
  256
370
   -1
100
AcDbLine
 10
61
 20
132.7211801294819
 11
72
 21
132.7211801294819
  0
LINE
  5
5AF
100
AcDbEntity
  8
AM_4
  6
ByLayer
 62
  256
370
   -1
100
AcDbLine
 10
72
 20
132.8320983754971
 11
61
 21
132.8320983754971
  0
LINE
  5
5B0
100
AcDbEntity
  8
AM_4
  6
ByLayer
 62
  256
370
   -1
100
AcDbLine
 10
72.00000000000011
 20
164.1679017529758
 11
61
 21
164.1679017529758
  0
LINE
  5
5B1
100
AcDbEntity
  8
AM_4
  6
ByLayer
 62
  256
370
   -1
100
AcDbLine
 10
72
 20
161.8673038400678
 11
61
 21
161.8673038400678
  0
LINE
  5
5B2
100
AcDbEntity
  8
AM_4
  6
ByLayer
 62
  256
370
   -1
100
AcDbLine
 10
72
 20
135.1326961599322
 11
61
 21
135.1326961599322
  0
LINE
  5
5B3
100
AcDbEntity
  8
AM_4
  6
ByLayer
 62
  256
370
   -1
100
AcDbLine
 10
72.00000000000011
 20
133.8091607430521
 11
61
 21
133.8091607430521
  0
LINE
  5
5B4
100
AcDbEntity
  8
AM_4
  6
ByLayer
 62
  256
370
   -1
100
AcDbLine
 10
72
 20
134.4857519488952
 11
61
 21
134.4857519488952
  0
LINE
  5
5B5
100
AcDbEntity
  8
AM_4
  6
ByLayer
 62
  256
370
   -1
100
AcDbLine
 10
72
 20
162.5142480511048
 11
61
 21
162.5142480511048
  0
LINE
  5
5B6
100
AcDbEntity
  8
AM_4
  6
ByLayer
 62
  256
370
   -1
100
AcDbLine
 10
72
 20
163.190838919725
 11
61
 21
163.190838919725
  0
LINE
  5
5B7
100
AcDbEntity
  8
AM_4
  6
ByLayer
 62
  256
370
   -1
100
AcDbLine
 10
72
 20
135.7785174259616
 11
61
 21
135.7785174259616
  0
LINE
  5
5B8
100
AcDbEntity
  8
AM_4
  6
ByLayer
 62
  256
370
   -1
100
AcDbLine
 10
72
 20
161.2214827034146
 11
61
 21
161.2214827034146
  0
LINE
  5
5B9
100
AcDbEntity
  8
vis
  6
ByLayer
 62
  256
370
   -1
100
AcDbLine
 10
72
 20
161.002908596124
 11
61
 21
161.002908596124
  0
LINE
  5
5BA
100
AcDbEntity
  8
vis
  6
ByLayer
 62
  256
370
   -1
100
AcDbLine
 10
61
 20
135.997091403876
 11
72
 21
135.997091403876
  0
LINE
  5
5BB
100
AcDbEntity
  8
vis
  6
ByLayer
 62
  256
370
   -1
100
AcDbLine
 10
74.5
 20
163.5
 11
74.5
 21
133.5
  0
LINE
  5
5BC
100
AcDbEntity
  8
vis
  6
ByLayer
 62
  256
370
   -1
100
AcDbLine
 10
74.44311111670676
 20
133.5
 11
74.5
 21
133.5
  0
LINE
  5
5BD
100
AcDbEntity
  8
vis
  6
ByLayer
 62
  256
370
   -1
100
AcDbLine
 10
74.5
 20
163.5
 11
74.44311111670676
 21
163.5
  0
LINE
  5
5BE
100
AcDbEntity
  8
vis
  6
ByLayer
 62
  256
370
   -1
100
AcDbLine
 10
58.5
 20
163.5
 11
58.5
 21
133.5
  0
LINE
  5
5BF
100
AcDbEntity
  8
vis
  6
ByLayer
 62
  256
370
   -1
100
AcDbLine
 10
58.5
 20
133.5
 11
58.55688888329324
 21
133.5
  0
LINE
  5
5C0
100
AcDbEntity
  8
vis
  6
ByLayer
 62
  256
370
   -1
100
AcDbLine
 10
58.55688888329324
 20
163.5
 11
58.5
 21
163.5
  0
LINE
  5
5C1
100
AcDbEntity
  8
AM_4
  6
ByLayer
 62
  256
370
   -1
100
AcDbLine
 10
72
 20
157.5842263795034
 11
61
 21
157.5842263795034
  0
LINE
  5
5C2
100
AcDbEntity
  8
AM_4
  6
ByLayer
 62
  256
370
   -1
100
AcDbLine
 10
72
 20
139.4157737711555
 11
61
 21
139.4157737711555
  0
LINE
  5
5C3
100
AcDbEntity
  8
AM_4
  6
ByLayer
 62
  256
370
   -1
100
AcDbLine
 10
72
 20
136.2157932177782
 11
61
 21
136.2157932177782
  0
LINE
  5
5C4
100
AcDbEntity
  8
AM_4
  6
ByLayer
 62
  256
370
   -1
100
AcDbLine
 10
72.00000000000011
 20
160.7842069536318
 11
61
 21
160.7842069536318
  0
LINE
  5
5C5
100
AcDbEntity
  8
AM_4
  6
ByLayer
 62
  256
370
   -1
100
AcDbLine
 10
72
 20
158.2462981648549
 11
61
 21
158.2462981648549
  0
LINE
  5
5C6
100
AcDbEntity
  8
AM_4
  6
ByLayer
 62
  256
370
   -1
100
AcDbLine
 10
72
 20
138.7537018351451
 11
61
 21
138.7537018351451
  0
LINE
  5
5C7
100
AcDbEntity
  8
AM_4
  6
ByLayer
 62
  256
370
   -1
100
AcDbLine
 10
72.00000000000011
 20
137.4891256955748
 11
61
 21
137.4891256955748
  0
LINE
  5
5C8
100
AcDbEntity
  8
AM_4
  6
ByLayer
 62
  256
370
   -1
100
AcDbLine
 10
72
 20
138.189745429306
 11
61
 21
138.189745429306
  0
LINE
  5
5C9
100
AcDbEntity
  8
AM_4
  6
ByLayer
 62
  256
370
   -1
100
AcDbLine
 10
72
 20
158.810254570694
 11
61
 21
158.810254570694
  0
LINE
  5
5CA
100
AcDbEntity
  8
AM_4
  6
ByLayer
 62
  256
370
   -1
100
AcDbLine
 10
72
 20
159.5108738892132
 11
61
 21
159.5108738892132
  0
LINE
  5
5CB
100
AcDbEntity
  8
AM_4
  6
ByLayer
 62
  256
370
   -1
100
AcDbLine
 10
72
 20
139.8358836802152
 11
61
 21
139.8358836802152
  0
LINE
  5
5CC
100
AcDbEntity
  8
AM_4
  6
ByLayer
 62
  256
370
   -1
100
AcDbLine
 10
72
 20
157.1641164901008
 11
61
 21
157.1641164901008
  0
LINE
  5
5CD
100
AcDbEntity
  8
AM_4
  6
ByLayer
 62
  256
370
   -1
100
AcDbLine
 10
72
 20
153.3278950473028
 11
61
 21
153.3278950473028
  0
LINE
  5
5CE
100
AcDbEntity
  8
AM_4
  6
ByLayer
 62
  256
370
   -1
100
AcDbLine
 10
72
 20
143.6721051214516
 11
61
 21
143.6721051214516
  0
LINE
  5
5CF
100
AcDbEntity
  8
vis
  6
ByLayer
 62
  256
370
   -1
100
AcDbLine
 10
61
 20
140.0834847451353
 11
72
 21
140.0834847451353
  0
LINE
  5
5D0
100
AcDbEntity
  8
vis
  6
ByLayer
 62
  256
370
   -1
100
AcDbLine
 10
72
 20
156.9165152548648
 11
61
 21
156.9165152548648
  0
LINE
  5
5D1
100
AcDbEntity
  8
AM_4
  6
ByLayer
 62
  256
370
   -1
100
AcDbLine
 10
72
 20
144.1406764600432
 11
61
 21
144.1406764600432
  0
LINE
  5
5D2
100
AcDbEntity
  8
AM_4
  6
ByLayer
 62
  256
370
   -1
100
AcDbLine
 10
72
 20
152.859323350791
 11
61
 21
152.859323350791
  0
LWPOLYLINE
  5
5D3
100
AcDbEntity
  8
vis
  6
ByLayer
 62
  256
370
   -1
100
AcDbPolyline
 90
    3
 70
    0
 43
0
 10
68.10275084437275
 20
148.2574495292472
 10
68.12099760913443
 20
148.4972159057893
 10
68.10275087390167
 20
148.7425502756284
  0
LWPOLYLINE
  5
5D4
100
AcDbEntity
  8
vis
  6
ByLayer
 62
  256
370
   -1
100
AcDbPolyline
 90
    3
 70
    0
 43
0
 10
64.89724912609833
 20
148.7425502756284
 10
64.87900239052661
 20
148.5027838968475
 10
64.89724915562725
 20
148.2574495292472
  0
LINE
  5
5D5
100
AcDbEntity
  8
AM_4
  6
ByLayer
 62
  256
370
   -1
100
AcDbLine
 10
72
 20
143.0389016237735
 11
61
 21
143.0389016237735
  0
LINE
  5
5D6
100
AcDbEntity
  8
AM_4
  6
ByLayer
 62
  256
370
   -1
100
AcDbLine
 10
72
 20
153.9610983762265
 11
61
 21
153.9610983762265
  0
LINE
  5
5D7
100
AcDbEntity
  8
AM_4
  6
ByLayer
 62
  256
370
   -1
100
AcDbLine
 10
72
 20
140.4366360770949
 11
61
 21
140.4366360770949
  0
LINE
  5
5D8
100
AcDbEntity
  8
AM_4
  6
ByLayer
 62
  256
370
   -1
100
AcDbLine
 10
72.00000000000011
 20
156.5633637419495
 11
61
 21
156.5633637419495
  0
LINE
  5
5D9
100
AcDbEntity
  8
AM_4
  6
ByLayer
 62
  256
370
   -1
100
AcDbLine
 10
72.00000000000011
 20
141.9194637014932
 11
61
 21
141.9194637014932
  0
LINE
  5
5DA
100
AcDbEntity
  8
AM_4
  6
ByLayer
 62
  256
370
   -1
100
AcDbLine
 10
72
 20
142.5963657202084
 11
61
 21
142.5963657202084
  0
LINE
  5
5DB
100
AcDbEntity
  8
AM_4
  6
ByLayer
 62
  256
370
   -1
100
AcDbLine
 10
72
 20
154.4036342797916
 11
61
 21
154.4036342797916
  0
LINE
  5
5DC
100
AcDbEntity
  8
AM_4
  6
ByLayer
 62
  256
370
   -1
100
AcDbLine
 10
72
 20
155.080535999481
 11
61
 21
155.080535999481
  0
LWPOLYLINE
  5
5DD
100
AcDbEntity
  8
vis
  6
ByLayer
 62
  256
370
   -1
100
AcDbPolyline
 90
    8
 70
    0
 43
0
 10
67.90771198972311
 20
149.3037337581499
 10
67.93674267378309
 20
149.2505823938032
 10
67.96999979852028
 20
149.183184888848
 10
68.0044567365604
 20
149.1034605207647
 10
68.03764897031159
 20
149.0131049055502
 10
68.06803612820458
 20
148.9107683849998
 10
68.09262573326045
 20
148.8019673388905
 10
68.10275087390167
 20
148.7425502756284
  0
LINE
  5
5DE
100
AcDbEntity
  8
AM_4
  6
ByLayer
 62
  256
370
   -1
100
AcDbLine
 10
72
 20
148.7425502756284
 11
68.10275087390167
 21
148.7425502756284
  0
LWPOLYLINE
  5
5DF
100
AcDbEntity
  8
vis
  6
ByLayer
 62
  256
370
   -1
100
AcDbPolyline
 90
    8
 70
    0
 43
0
 10
65.09228801027689
 20
147.6962662418501
 10
65.06325732621691
 20
147.7494176061968
 10
65.03000020147971
 20
147.816815111152
 10
64.9955432634396
 20
147.8965394792353
 10
64.96235102968839
 20
147.9868950944498
 10
64.93196387179542
 20
148.0892316150002
 10
64.90737426673955
 20
148.1980326611095
 10
64.89724915562725
 20
148.2574495292472
  0
LINE
  5
5E0
100
AcDbEntity
  8
AM_4
  6
ByLayer
 62
  256
370
   -1
100
AcDbLine
 10
64.89724915562725
 20
148.2574495292472
 11
61
 21
148.2574495292472
  0
LWPOLYLINE
  5
5E1
100
AcDbEntity
  8
vis
  6
ByLayer
 62
  256
370
   -1
100
AcDbPolyline
 90
    8
 70
    0
 43
0
 10
68.10275084437275
 20
148.2574495292472
 10
68.08392750700291
 20
148.1555098459236
 10
68.05937794465378
 20
148.0573021055761
 10
68.03040689951888
 20
147.965762040649
 10
67.99872060217116
 20
147.8823613057558
 10
67.96411663349751
 20
147.804339959095
 10
67.93131750339361
 20
147.7390984265498
 10
67.90771198972311
 20
147.6962662418501
  0
LINE
  5
5E2
100
AcDbEntity
  8
AM_4
  6
ByLayer
 62
  256
370
   -1
100
AcDbLine
 10
72
 20
148.2574495292472
 11
68.10275084437275
 21
148.2574495292472
  0
LWPOLYLINE
  5
5E3
100
AcDbEntity
  8
vis
  6
ByLayer
 62
  256
370
   -1
100
AcDbPolyline
 90
    8
 70
    0
 43
0
 10
64.89724912609833
 20
148.7425502756284
 10
64.91607244984311
 20
148.8444899556507
 10
64.94062199979537
 20
148.9426976987492
 10
64.96959303507894
 20
149.0342377719736
 10
65.00127932605871
 20
149.1176385200916
 10
65.03588329284186
 20
149.195659885853
 10
65.06868242744132
 20
149.2609014433451
 10
65.09228801027689
 20
149.3037337581499
  0
LINE
  5
5E4
100
AcDbEntity
  8
AM_4
  6
ByLayer
 62
  256
370
   -1
100
AcDbLine
 10
64.89724912609833
 20
148.7425502756284
 11
61
 21
148.7425502756284
  0
LINE
  5
5E5
100
AcDbEntity
  8
AM_4
  6
ByLayer
 62
  256
370
   -1
100
AcDbLine
 10
72
 20
144.5915960126883
 11
61
 21
144.5915960126883
  0
LINE
  5
5E6
100
AcDbEntity
  8
AM_4
  6
ByLayer
 62
  256
370
   -1
100
AcDbLine
 10
72
 20
152.4084039873117
 11
61
 21
152.4084039873117
  0
LWPOLYLINE
  5
5E7
100
AcDbEntity
  8
vis
  6
ByLayer
 62
  256
370
   -1
100
AcDbPolyline
 90
    4
 70
    0
 43
0
 10
67.90771198972311
 20
149.3037337581499
 10
67.83230520793941
 20
149.4233654925854
 10
67.74675877905543
 20
149.535969858079
 10
67.69553020187131
 20
149.5946910689384
  0
LINE
  5
5E8
100
AcDbEntity
  8
AM_4
  6
ByLayer
 62
  256
370
   -1
100
AcDbLine
 10
72
 20
149.3037337581499
 11
67.90771198972311
 21
149.3037337581499
  0
LWPOLYLINE
  5
5E9
100
AcDbEntity
  8
vis
  6
ByLayer
 62
  256
370
   -1
100
AcDbPolyline
 90
    4
 70
    0
 43
0
 10
65.09228801027689
 20
147.6962662418501
 10
65.16769479206059
 20
147.5766345074146
 10
65.25324122094457
 20
147.464030141921
 10
65.30446979812869
 20
147.4053089310616
  0
LINE
  5
5EA
100
AcDbEntity
  8
AM_4
  6
ByLayer
 62
  256
370
   -1
100
AcDbLine
 10
65.09228801027689
 20
147.6962662418501
 11
61
 21
147.6962662418501
  0
LWPOLYLINE
  5
5EB
100
AcDbEntity
  8
vis
  6
ByLayer
 62
  256
370
   -1
100
AcDbPolyline
 90
    4
 70
    0
 43
0
 10
67.69553020187131
 20
147.4053089310616
 10
67.78638946170531
 20
147.5136718837965
 10
67.86745852099253
 20
147.629541389057
 10
67.90771198972311
 20
147.6962662418501
  0
LINE
  5
5EC
100
AcDbEntity
  8
AM_4
  6
ByLayer
 62
  256
370
   -1
100
AcDbLine
 10
72
 20
147.6962662418501
 11
67.90771198972311
 21
147.6962662418501
  0
LWPOLYLINE
  5
5ED
100
AcDbEntity
  8
vis
  6
ByLayer
 62
  256
370
   -1
100
AcDbPolyline
 90
    4
 70
    0
 43
0
 10
65.30446979812869
 20
149.5946910689384
 10
65.21361053829469
 20
149.4863281162035
 10
65.13254147900747
 20
149.370458610943
 10
65.09228801027689
 20
149.3037337581499
  0
LINE
  5
5EE
100
AcDbEntity
  8
AM_4
  6
ByLayer
 62
  256
370
   -1
100
AcDbLine
 10
65.09228801027689
 20
149.3037337581499
 11
61
 21
149.3037337581499
  0
LINE
  5
5EF
100
AcDbEntity
  8
AM_4
  6
ByLayer
 62
  256
370
   -1
100
AcDbLine
 10
72
 20
144.7111464707996
 11
61
 21
144.7111464707996
  0
LINE
  5
5F0
100
AcDbEntity
  8
AM_4
  6
ByLayer
 62
  256
370
   -1
100
AcDbLine
 10
72
 20
152.2888535292004
 11
61
 21
152.2888535292004
  0
LINE
  5
5F1
100
AcDbEntity
  8
AM_4
  6
ByLayer
 62
  256
370
   -1
100
AcDbLine
 10
72.00000000000011
 20
151.7930156242548
 11
61
 21
151.7930156242548
  0
LINE
  5
5F2
100
AcDbEntity
  8
AM_4
  6
ByLayer
 62
  256
370
   -1
100
AcDbLine
 10
72
 20
145.2069841792138
 11
61
 21
145.2069841792138
  0
LWPOLYLINE
  5
5F3
100
AcDbEntity
  8
vis
  6
ByLayer
 62
  256
370
   -1
100
AcDbPolyline
 90
   19
 70
    0
 43
0
 10
67.69553020187131
 20
149.5946910689384
 10
67.65276539776266
 20
149.6396082854299
 10
67.59871291258239
 20
149.6918351126413
 10
67.5354163378329
 20
149.7471810280835
 10
67.46412459002771
 20
149.8031134927181
 10
67.33387478469726
 20
149.8899403861183
 10
67.19116843004478
 20
149.9662630055039
 10
66.96353163288401
 20
150.0531475069298
 10
66.72447838030675
 20
150.1053817168433
 10
66.47293588018697
 20
150.120654245217
 10
66.22205038252241
 20
150.0969924890694
 10
66.04471577928602
 20
150.0554964286153
 10
65.87287549716388
 20
149.9945120643509
 10
65.71106065411296
 20
149.9160563931254
 10
65.60104047370896
 20
149.8488206484787
 10
65.5006237721869
 20
149.7762790272045
 10
65.42796407102722
 20
149.7158333477536
 10
65.36565144609457
 20
149.6579699297705
 10
65.30446979812869
 20
149.5946910689384
  0
LINE
  5
5F4
100
AcDbEntity
  8
AM_4
  6
ByLayer
 62
  256
370
   -1
100
AcDbLine
 10
72
 20
149.5946910689384
 11
67.69553020187131
 21
149.5946910689384
  0
LINE
  5
5F5
100
AcDbEntity
  8
AM_4
  6
ByLayer
 62
  256
370
   -1
100
AcDbLine
 10
72
 20
150.2017458675534
 11
61
 21
150.2017458675534
  0
LINE
  5
5F6
100
AcDbEntity
  8
AM_4
  6
ByLayer
 62
  256
370
   -1
100
AcDbLine
 10
65.30446979812869
 20
149.5946910689384
 11
61
 21
149.5946910689384
  0
LWPOLYLINE
  5
5F7
100
AcDbEntity
  8
vis
  6
ByLayer
 62
  256
370
   -1
100
AcDbPolyline
 90
   19
 70
    0
 43
0
 10
65.30446979812869
 20
147.4053089310616
 10
65.34723460223735
 20
147.3603917145701
 10
65.40128708741761
 20
147.3081648873587
 10
65.4645836621671
 20
147.2528189719165
 10
65.53587540997231
 20
147.1968865072819
 10
65.66612521530276
 20
147.1100596138817
 10
65.80883156995525
 20
147.0337369944961
 10
66.03646836711603
 20
146.9468524930702
 10
66.27552161969328
 20
146.8946182831567
 10
66.52706411981308
 20
146.879345754783
 10
66.77794961747763
 20
146.9030075109306
 10
66.95528422071402
 20
146.9445035713847
 10
67.12712450283617
 20
147.0054879356491
 10
67.28893934588707
 20
147.0839436068746
 10
67.39895952629107
 20
147.1511793515213
 10
67.49937622781313
 20
147.2237209727955
 10
67.5720359289728
 20
147.2841666522464
 10
67.63434855390544
 20
147.3420300702295
 10
67.69553020187131
 20
147.4053089310616
  0
LINE
  5
5F8
100
AcDbEntity
  8
AM_4
  6
ByLayer
 62
  256
370
   -1
100
AcDbLine
 10
65.30446979812869
 20
147.4053089310616
 11
61
 21
147.4053089310616
  0
LINE
  5
5F9
100
AcDbEntity
  8
AM_4
  6
ByLayer
 62
  256
370
   -1
100
AcDbLine
 10
72.00000000000011
 20
146.7982542028494
 11
61
 21
146.7982542028494
  0
LINE
  5
5FA
100
AcDbEntity
  8
AM_4
  6
ByLayer
 62
  256
370
   -1
100
AcDbLine
 10
72
 20
147.4053089310616
 11
67.69553020187131
 21
147.4053089310616
  0
LINE
  5
5FB
100
AcDbEntity
  8
vis
  6
ByLayer
 62
  256
370
   -1
100
AcDbLine
 10
72.00000000000011
 20
167.65
 11
72.00000000000011
 21
129.35
  0
LINE
  5
5FC
100
AcDbEntity
  8
vis
  6
ByLayer
 62
  256
370
   -1
100
AcDbLine
 10
72.00000000000011
 20
129.35
 11
72.89762979464429
 21
126
  0
LINE
  5
5FD
100
AcDbEntity
  8
vis
  6
ByLayer
 62
  256
370
   -1
100
AcDbLine
 10
72.89762979464429
 20
171
 11
72.00000000000011
 21
167.65
  0
LINE
  5
5FE
100
AcDbEntity
  8
vis
  6
ByLayer
 62
  256
370
   -1
100
AcDbLine
 10
74.44311111670676
 20
170.5858895278359
 11
74.44311111670676
 21
126.4141104721641
  0
LINE
  5
5FF
100
AcDbEntity
  8
vis
  6
ByLayer
 62
  256
370
   -1
100
AcDbLine
 10
72.89762979464429
 20
171
 11
72.89762979464429
 21
126
  0
LINE
  5
600
100
AcDbEntity
  8
vis
  6
ByLayer
 62
  256
370
   -1
100
AcDbLine
 10
74.44311111670676
 20
170.5858895278359
 11
72.89762979464429
 21
171
  0
LINE
  5
601
100
AcDbEntity
  8
vis
  6
ByLayer
 62
  256
370
   -1
100
AcDbLine
 10
72.89762979464429
 20
126
 11
74.44311111670676
 21
126.4141104721641
  0
LINE
  5
602
100
AcDbEntity
  8
vis
  6
ByLayer
 62
  256
370
   -1
100
AcDbLine
 10
58.55688888329324
 20
170.5858895278359
 11
58.55688888329324
 21
126.4141104721641
  0
LINE
  5
603
100
AcDbEntity
  8
vis
  6
ByLayer
 62
  256
370
   -1
100
AcDbLine
 10
58.55688888329324
 20
126.4141104721641
 11
60.10237020535573
 21
126
  0
LINE
  5
604
100
AcDbEntity
  8
vis
  6
ByLayer
 62
  256
370
   -1
100
AcDbLine
 10
60.10237020535573
 20
171
 11
58.55688888329324
 21
170.5858895278359
  0
LINE
  5
605
100
AcDbEntity
  8
vis
  6
ByLayer
 62
  256
370
   -1
100
AcDbLine
 10
60.99999999999987
 20
167.65
 11
60.99999999999987
 21
129.35
  0
LINE
  5
606
100
AcDbEntity
  8
vis
  6
ByLayer
 62
  256
370
   -1
100
AcDbLine
 10
60.10237020535573
 20
171
 11
60.10237020535573
 21
126
  0
LINE
  5
607
100
AcDbEntity
  8
vis
  6
ByLayer
 62
  256
370
   -1
100
AcDbLine
 10
60.99999999999987
 20
167.65
 11
60.10237020535573
 21
171
  0
LINE
  5
608
100
AcDbEntity
  8
vis
  6
ByLayer
 62
  256
370
   -1
100
AcDbLine
 10
60.10237020535573
 20
126
 11
60.99999999999987
 21
129.35
  0
ARC
  5
609
100
AcDbEntity
  8
AM_5
  6
ByLayer
 62
  256
370
   -1
100
AcDbCircle
 10
66.5
 20
148.5
 40
1.999999999999995
100
AcDbArc
 50
75.00000000000001
 51
15.00000000000038
  0
ENDBLK
  5
89
330
87
100
AcDbEntity
  8
0
100
AcDbBlockEnd
  0
ENDSEC
  0
SECTION
  2
ENTITIES
  0
INSERT
  5
60A
100
AcDbEntity
  8
0
  6
ByLayer
 62
  256
370
   -1
100
AcDbBlockReference
  2
1_SET_SCREW4_3_1_0_in_MTP24XL037_A_C10_900
 10
0
 20
0
 30
0
 41
1
 42
1
 43
0
 50
0
 70
    1
 71
    1
 44
0
 45
0
  0
INSERT
  5
60B
100
AcDbEntity
  8
0
  6
ByLayer
 62
  256
370
   -1
100
AcDbBlockReference
  2
2_SET_SCREW4_3_2_0_in_MTP24XL037_A_C10_900
 10
0
 20
0
 30
0
 41
1
 42
1
 43
0
 50
0
 70
    1
 71
    1
 44
0
 45
0
  0
INSERT
  5
60C
100
AcDbEntity
  8
0
  6
ByLayer
 62
  256
370
   -1
100
AcDbBlockReference
  2
3_MTP24XL037_A_C10_b_0_in_MTP24XL037_A_C10_900
 10
0
 20
0
 30
0
 41
1
 42
1
 43
0
 50
0
 70
    1
 71
    1
 44
0
 45
0
  0
INSERT
  5
60D
100
AcDbEntity
  8
0
  6
ByLayer
 62
  256
370
   -1
100
AcDbBlockReference
  2
4_SET_SCREW4_3_1_0_in_MTP24XL037_A_C10_900
 10
0
 20
0
 30
0
 41
1
 42
1
 43
0
 50
0
 70
    1
 71
    1
 44
0
 45
0
  0
INSERT
  5
60E
100
AcDbEntity
  8
0
  6
ByLayer
 62
  256
370
   -1
100
AcDbBlockReference
  2
5_SET_SCREW4_3_2_0_in_MTP24XL037_A_C10_900
 10
0
 20
0
 30
0
 41
1
 42
1
 43
0
 50
0
 70
    1
 71
    1
 44
0
 45
0
  0
INSERT
  5
60F
100
AcDbEntity
  8
0
  6
ByLayer
 62
  256
370
   -1
100
AcDbBlockReference
  2
6_MTP24XL037_A_C10_b_0_in_MTP24XL037_A_C10_900
 10
0
 20
0
 30
0
 41
1
 42
1
 43
0
 50
0
 70
    1
 71
    1
 44
0
 45
0
  0
INSERT
  5
610
100
AcDbEntity
  8
0
  6
ByLayer
 62
  256
370
   -1
100
AcDbBlockReference
  2
7_SET_SCREW4_3_1_0_in_MTP24XL037_A_C10_900
 10
0
 20
0
 30
0
 41
1
 42
1
 43
0
 50
0
 70
    1
 71
    1
 44
0
 45
0
  0
INSERT
  5
611
100
AcDbEntity
  8
0
  6
ByLayer
 62
  256
370
   -1
100
AcDbBlockReference
  2
8_SET_SCREW4_3_2_0_in_MTP24XL037_A_C10_900
 10
0
 20
0
 30
0
 41
1
 42
1
 43
0
 50
0
 70
    1
 71
    1
 44
0
 45
0
  0
INSERT
  5
612
100
AcDbEntity
  8
0
  6
ByLayer
 62
  256
370
   -1
100
AcDbBlockReference
  2
9_MTP24XL037_A_C10_b_0_in_MTP24XL037_A_C10_900
 10
0
 20
0
 30
0
 41
1
 42
1
 43
0
 50
0
 70
    1
 71
    1
 44
0
 45
0
  0
INSERT
  5
613
100
AcDbEntity
  8
0
  6
ByLayer
 62
  256
370
   -1
100
AcDbBlockReference
  2
10_SET_SCREW4_3_1_0_in_MTP24XL037_A_C10_900
 10
0
 20
0
 30
0
 41
1
 42
1
 43
0
 50
0
 70
    1
 71
    1
 44
0
 45
0
  0
INSERT
  5
614
100
AcDbEntity
  8
0
  6
ByLayer
 62
  256
370
   -1
100
AcDbBlockReference
  2
11_SET_SCREW4_3_2_0_in_MTP24XL037_A_C10_900
 10
0
 20
0
 30
0
 41
1
 42
1
 43
0
 50
0
 70
    1
 71
    1
 44
0
 45
0
  0
INSERT
  5
615
100
AcDbEntity
  8
0
  6
ByLayer
 62
  256
370
   -1
100
AcDbBlockReference
  2
12_MTP24XL037_A_C10_b_0_in_MTP24XL037_A_C10_900
 10
0
 20
0
 30
0
 41
1
 42
1
 43
0
 50
0
 70
    1
 71
    1
 44
0
 45
0
  0
INSERT
  5
616
100
AcDbEntity
  8
0
  6
ByLayer
 62
  256
370
   -1
100
AcDbBlockReference
  2
13_SET_SCREW4_3_1_0_in_MTP24XL037_A_C10_900
 10
0
 20
0
 30
0
 41
1
 42
1
 43
0
 50
0
 70
    1
 71
    1
 44
0
 45
0
  0
INSERT
  5
617
100
AcDbEntity
  8
0
  6
ByLayer
 62
  256
370
   -1
100
AcDbBlockReference
  2
14_SET_SCREW4_3_2_0_in_MTP24XL037_A_C10_900
 10
0
 20
0
 30
0
 41
1
 42
1
 43
0
 50
0
 70
    1
 71
    1
 44
0
 45
0
  0
INSERT
  5
618
100
AcDbEntity
  8
0
  6
ByLayer
 62
  256
370
   -1
100
AcDbBlockReference
  2
15_MTP24XL037_A_C10_b_0_in_MTP24XL037_A_C10_900
 10
0
 20
0
 30
0
 41
1
 42
1
 43
0
 50
0
 70
    1
 71
    1
 44
0
 45
0
  0
INSERT
  5
619
100
AcDbEntity
  8
0
  6
ByLayer
 62
  256
370
   -1
100
AcDbBlockReference
  2
16_SET_SCREW4_3_1_0_in_MTP24XL037_A_C10_900
 10
0
 20
0
 30
0
 41
1
 42
1
 43
0
 50
0
 70
    1
 71
    1
 44
0
 45
0
  0
INSERT
  5
61A
100
AcDbEntity
  8
0
  6
ByLayer
 62
  256
370
   -1
100
AcDbBlockReference
  2
17_SET_SCREW4_3_2_0_in_MTP24XL037_A_C10_900
 10
0
 20
0
 30
0
 41
1
 42
1
 43
0
 50
0
 70
    1
 71
    1
 44
0
 45
0
  0
INSERT
  5
61B
100
AcDbEntity
  8
0
  6
ByLayer
 62
  256
370
   -1
100
AcDbBlockReference
  2
18_MTP24XL037_A_C10_b_0_in_MTP24XL037_A_C10_900
 10
0
 20
0
 30
0
 41
1
 42
1
 43
0
 50
0
 70
    1
 71
    1
 44
0
 45
0
  0
POINT
  5
61C
100
AcDbEntity
  8
2d ConnectionPoints
  6
ByLayer
 62
  256
370
   -1
100
AcDbPoint
 10
66.5
 20
22.5
  0
POINT
  5
61D
100
AcDbEntity
  8
2d ConnectionPoints
  6
ByLayer
 62
  256
370
   -1
100
AcDbPoint
 10
66.5
 20
22.5
  0
POINT
  5
61E
100
AcDbEntity
  8
2d ConnectionPoints
  6
ByLayer
 62
  256
370
   -1
100
AcDbPoint
 10
66.5
 20
18.16987298107781
  0
POINT
  5
61F
100
AcDbEntity
  8
2d ConnectionPoints
  6
ByLayer
 62
  256
370
   -1
100
AcDbPoint
 10
22.5
 20
92
  0
POINT
  5
620
100
AcDbEntity
  8
2d ConnectionPoints
  6
ByLayer
 62
  256
370
   -1
100
AcDbPoint
 10
22.5
 20
92
  0
POINT
  5
621
100
AcDbEntity
  8
2d ConnectionPoints
  6
ByLayer
 62
  256
370
   -1
100
AcDbPoint
 10
18.16987298107781
 20
83
  0
POINT
  5
622
100
AcDbEntity
  8
2d ConnectionPoints
  6
ByLayer
 62
  256
370
   -1
100
AcDbPoint
 10
66.5
 20
92
  0
POINT
  5
623
100
AcDbEntity
  8
2d ConnectionPoints
  6
ByLayer
 62
  256
370
   -1
100
AcDbPoint
 10
66.5
 20
92
  0
POINT
  5
624
100
AcDbEntity
  8
2d ConnectionPoints
  6
ByLayer
 62
  256
370
   -1
100
AcDbPoint
 10
66.5
 20
83
  0
POINT
  5
625
100
AcDbEntity
  8
2d ConnectionPoints
  6
ByLayer
 62
  256
370
   -1
100
AcDbPoint
 10
110.5
 20
92
  0
POINT
  5
626
100
AcDbEntity
  8
2d ConnectionPoints
  6
ByLayer
 62
  256
370
   -1
100
AcDbPoint
 10
110.5
 20
92
  0
POINT
  5
627
100
AcDbEntity
  8
2d ConnectionPoints
  6
ByLayer
 62
  256
370
   -1
100
AcDbPoint
 10
114.8301270189222
 20
83
  0
POINT
  5
628
100
AcDbEntity
  8
2d ConnectionPoints
  6
ByLayer
 62
  256
370
   -1
100
AcDbPoint
 10
154.5
 20
92
  0
POINT
  5
629
100
AcDbEntity
  8
2d ConnectionPoints
  6
ByLayer
 62
  256
370
   -1
100
AcDbPoint
 10
154.5
 20
92
  0
POINT
  5
62A
100
AcDbEntity
  8
2d ConnectionPoints
  6
ByLayer
 62
  256
370
   -1
100
AcDbPoint
 10
154.5
 20
83
  0
POINT
  5
62B
100
AcDbEntity
  8
2d ConnectionPoints
  6
ByLayer
 62
  256
370
   -1
100
AcDbPoint
 10
66.5
 20
148.5
  0
POINT
  5
62C
100
AcDbEntity
  8
2d ConnectionPoints
  6
ByLayer
 62
  256
370
   -1
100
AcDbPoint
 10
66.5
 20
148.5
  0
POINT
  5
62D
100
AcDbEntity
  8
2d ConnectionPoints
  6
ByLayer
 62
  256
370
   -1
100
AcDbPoint
 10
66.5
 20
152.8301270189222
  0
ENDSEC
  0
SECTION
  2
OBJECTS
  0
DICTIONARY
  5
C
330
0
100
AcDbDictionary
281
    1
  3
ACAD_GROUP
350
D
  0
DICTIONARY
  5
D
330
C
100
AcDbDictionary
281
    1
  0
PLOTSETTINGS
  5
62E
100
AcDbPlotSettings
  6
1x1
 40
0
 41
0
 42
0
 43
0
  0
ENDSEC
  0
EOF
