  0
SECTION
  2
HEADER
  9
$ACADVER
  1
AC1027
  9
$ACADMAINTVER
 70
   105
  9
$DWGCODEPAGE
  3
ANSI_1252
  9
$COMMENTS
  1
File was created by Cadenas
  9
$LASTSAVEDBY
  1
psService
  9
$CUSTOMPROPERTYTAG
  1
NB
  9
$CUSTOMPROPERTY
  1
MTP24XL037-A-C10
  9
$CUSTOMPROPERTYTAG
  1
NN
  9
$CUSTOMPROPERTY
  1
0.00
  9
$CUSTOMPROPERTYTAG
  1
NT
  9
$CUSTOMPROPERTY
  1
24
  9
$CUSTOMPROPERTYTAG
  1
NBSYN
  9
$CUSTOMPROPERTY
  1
$PN.
  9
$CUSTOMPROPERTYTAG
  1
LINA
  9
$CUSTOMPROPERTY
  1
MTP24XL037-A-C10
  9
$CUSTOMPROPERTYTAG
  1
CATALOG
  9
$CUSTOMPROPERTY
  1
Misumi
  9
$CUSTOMPROPERTYTAG
  1
PN
  9
$CUSTOMPROPERTY
  1
MTP24XL037-A-C10
  9
$CUSTOMPROPERTYTAG
  1
MATP
  9
$CUSTOMPROPERTY
  1
1045 Carbon Steel Equivalent
  9
$CUSTOMPROPERTYTAG
  1
ST
  9
$CUSTOMPROPERTY
  1
-
  9
$CUSTOMPROPERTYTAG
  1
TNW
  9
$CUSTOMPROPERTY
  1
XL037
  9
$CUSTOMPROPERTYTAG
  1
BW
  9
$CUSTOMPROPERTY
  1
9.5mm (3/8inch)
  9
$CUSTOMPROPERTYTAG
  1
PS
  9
$CUSTOMPROPERTY
  1
A
  9
$CUSTOMPROPERTYTAG
  1
SBS
  9
$CUSTOMPROPERTY
  1
Old JIS Keywayed Bore + Tap
  9
$CUSTOMPROPERTYTAG
  1
DD
  9
$CUSTOMPROPERTY
  1
10.00
  9
$CUSTOMPROPERTYTAG
  1
Z
  9
$CUSTOMPROPERTY
  1
0
  9
$CUSTOMPROPERTYTAG
  1
J
  9
$CUSTOMPROPERTY
  1
0.0
  9
$CUSTOMPROPERTYTAG
  1
Q
  9
$CUSTOMPROPERTY
  1
0
  9
$CUSTOMPROPERTYTAG
  1
R
  9
$CUSTOMPROPERTY
  1
0
  9
$CUSTOMPROPERTYTAG
  1
S
  9
$CUSTOMPROPERTY
  1
0.0
  9
$CUSTOMPROPERTYTAG
  1
T
  9
$CUSTOMPROPERTY
  1
0.0
  9
$CUSTOMPROPERTYTAG
  1
A
  9
$CUSTOMPROPERTY
  1
11.0
  9
$CUSTOMPROPERTYTAG
  1
W
  9
$CUSTOMPROPERTY
  1
16.0
  9
$CUSTOMPROPERTYTAG
  1
L
  9
$CUSTOMPROPERTY
  1
0
  9
$CUSTOMPROPERTYTAG
  1
PD
  9
$CUSTOMPROPERTY
  1
38.81
  9
$CUSTOMPROPERTYTAG
  1
OD
  9
$CUSTOMPROPERTY
  1
38.30
  9
$CUSTOMPROPERTYTAG
  1
D
  9
$CUSTOMPROPERTY
  1
0
  9
$CUSTOMPROPERTYTAG
  1
F
  9
$CUSTOMPROPERTY
  1
45
  9
$CUSTOMPROPERTYTAG
  1
E
  9
$CUSTOMPROPERTY
  1
30
  9
$CUSTOMPROPERTYTAG
  1
TT
  9
$CUSTOMPROPERTY
  1
1.6
  9
$CUSTOMPROPERTYTAG
  1
ALT1
  9
$CUSTOMPROPERTY
  1
w/o KC90 (Set Screw Angle)
  9
$CUSTOMPROPERTYTAG
  1
ALT2
  9
$CUSTOMPROPERTY
  1
w/o Side Tapped Hole
  9
$CUSTOMPROPERTYTAG
  1
M
  9
$CUSTOMPROPERTY
  1
N/A
  9
$CUSTOMPROPERTYTAG
  1
QSC
  9
$CUSTOMPROPERTY
  1
0.0
  9
$CUSTOMPROPERTYTAG
  1
QFC
  9
$CUSTOMPROPERTY
  1
0.0
  9
$CUSTOMPROPERTYTAG
  1
QTC
  9
$CUSTOMPROPERTY
  1
0.0
  9
$CUSTOMPROPERTYTAG
  1
ALT3
  9
$CUSTOMPROPERTY
  1
w/o Side Through Hole
  9
$CUSTOMPROPERTYTAG
  1
K
  9
$CUSTOMPROPERTY
  1
0.0
  9
$CUSTOMPROPERTYTAG
  1
KSC
  9
$CUSTOMPROPERTY
  1
0.0
  9
$CUSTOMPROPERTYTAG
  1
KFC
  9
$CUSTOMPROPERTY
  1
0.0
  9
$CUSTOMPROPERTYTAG
  1
KTC
  9
$CUSTOMPROPERTY
  1
0.0
  9
$CUSTOMPROPERTYTAG
  1
ALT4
  9
$CUSTOMPROPERTY
  1
Not applicable
  9
$CUSTOMPROPERTYTAG
  1
ZM
  9
$CUSTOMPROPERTY
  1
N/A
  9
$CUSTOMPROPERTYTAG
  1
ZMDD1
  9
$CUSTOMPROPERTY
  1
0.0
  9
$CUSTOMPROPERTYTAG
  1
ZMDD2
  9
$CUSTOMPROPERTY
  1
0.0
  9
$CUSTOMPROPERTYTAG
  1
ZMHH
  9
$CUSTOMPROPERTY
  1
0.0
  9
$CUSTOMPROPERTYTAG
  1
ZSC
  9
$CUSTOMPROPERTY
  1
0.0
  9
$CUSTOMPROPERTYTAG
  1
ZFC
  9
$CUSTOMPROPERTY
  1
0.0
  9
$CUSTOMPROPERTYTAG
  1
ZTC
  9
$CUSTOMPROPERTY
  1
0.0
  9
$CUSTOMPROPERTYTAG
  1
ALT5
  9
$CUSTOMPROPERTY
  1
w/o Flange not Attached
  9
$CUSTOMPROPERTYTAG
  1
ALT6
  9
$CUSTOMPROPERTY
  1
w/o Flange Attached on One Side Only
  9
$CUSTOMPROPERTYTAG
  1
ALT7
  9
$CUSTOMPROPERTY
  1
w/o FC (Flange Cut)
  9
$CUSTOMPROPERTYTAG
  1
FC
  9
$CUSTOMPROPERTY
  1
0.0
  9
$CUSTOMPROPERTYTAG
  1
ALT8
  9
$CUSTOMPROPERTY
  1
Not applicable
  9
$CUSTOMPROPERTYTAG
  1
SRG
  9
$CUSTOMPROPERTY
  1
0.0
  9
$CUSTOMPROPERTYTAG
  1
DD2
  9
$CUSTOMPROPERTY
  1
0.0
  9
$CUSTOMPROPERTYTAG
  1
MM
  9
$CUSTOMPROPERTY
  1
0.00
  9
$CUSTOMPROPERTYTAG
  1
ALT9
  9
$CUSTOMPROPERTY
  1
Not applicable
  9
$CUSTOMPROPERTYTAG
  1
BTC
  9
$CUSTOMPROPERTY
  1
0
  9
$CUSTOMPROPERTYTAG
  1
TL
  9
$CUSTOMPROPERTY
  1
0.0
  9
$CUSTOMPROPERTYTAG
  1
BTCL
  9
$CUSTOMPROPERTY
  1
0
  9
$CUSTOMPROPERTYTAG
  1
BTCD
  9
$CUSTOMPROPERTY
  1
0
  9
$CUSTOMPROPERTYTAG
  1
ALT10
  9
$CUSTOMPROPERTY
  1
w/o TPC (Tapped Hole Dimension)
  9
$CUSTOMPROPERTYTAG
  1
TPC
  9
$CUSTOMPROPERTY
  1
N/A
  9
$CUSTOMPROPERTYTAG
  1
ALT11
  9
$CUSTOMPROPERTY
  1
Not applicable
  9
$CUSTOMPROPERTYTAG
  1
BC
  9
$CUSTOMPROPERTY
  1
0.0
  9
$CUSTOMPROPERTYTAG
  1
ALT12
  9
$CUSTOMPROPERTY
  1
w/o SLH (Set Screw Length)
  9
$CUSTOMPROPERTYTAG
  1
SLH
  9
$CUSTOMPROPERTY
  1
0
  9
$CUSTOMPROPERTYTAG
  1
ALT13
  9
$CUSTOMPROPERTY
  1
Not applicable
  9
$CUSTOMPROPERTYTAG
  1
BN
  9
$CUSTOMPROPERTY
  1
0.0
  9
$CUSTOMPROPERTYTAG
  1
AC
  9
$CUSTOMPROPERTY
  1
M4x3
  9
$CUSTOMPROPERTYTAG
  1
COMPANY
  9
$CUSTOMPROPERTY
  1
misumi
  9
$REQUIREDVERSIONS
160
                 0
  9
$INSBASE
 10
0.0
 20
0.0
 30
0.0
  9
$EXTMIN
 10
-1.125000000000021
 20
-0.0000000000000178
 30
0.0
  9
$EXTMAX
 10
171.752380952381
 20
171.5
 30
0.0
  9
$LIMMIN
 10
0.0
 20
0.0
  9
$LIMMAX
 10
420.0
 20
297.0
  9
$ORTHOMODE
 70
     0
  9
$REGENMODE
 70
     1
  9
$FILLMODE
 70
     1
  9
$QTEXTMODE
 70
     0
  9
$MIRRTEXT
 70
     1
  9
$LTSCALE
 40
1.0
  9
$ATTMODE
 70
     1
  9
$TEXTSIZE
 40
2.5
  9
$TRACEWID
 40
1.0
  9
$TEXTSTYLE
  7
Standard
  9
$CLAYER
  8
0
  9
$CELTYPE
  6
ByLayer
  9
$CECOLOR
 62
   256
  9
$CELTSCALE
 40
1.0
  9
$DISPSILH
 70
     0
  9
$DIMSCALE
 40
1.0
  9
$DIMASZ
 40
2.5
  9
$DIMEXO
 40
0.625
  9
$DIMDLI
 40
3.75
  9
$DIMRND
 40
0.0
  9
$DIMDLE
 40
0.0
  9
$DIMEXE
 40
1.25
  9
$DIMTP
 40
0.0
  9
$DIMTM
 40
0.0
  9
$DIMTXT
 40
2.5
  9
$DIMCEN
 40
2.5
  9
$DIMTSZ
 40
0.0
  9
$DIMTOL
 70
     0
  9
$DIMLIM
 70
     0
  9
$DIMTIH
 70
     0
  9
$DIMTOH
 70
     0
  9
$DIMSE1
 70
     0
  9
$DIMSE2
 70
     0
  9
$DIMTAD
 70
     1
  9
$DIMZIN
 70
     8
  9
$DIMBLK
  1

  9
$DIMASO
 70
     1
  9
$DIMSHO
 70
     1
  9
$DIMPOST
  1

  9
$DIMAPOST
  1

  9
$DIMALT
 70
     0
  9
$DIMALTD
 70
     3
  9
$DIMALTF
 40
0.03937007874016
  9
$DIMLFAC
 40
1.0
  9
$DIMTOFL
 70
     1
  9
$DIMTVP
 40
0.0
  9
$DIMTIX
 70
     0
  9
$DIMSOXD
 70
     0
  9
$DIMSAH
 70
     0
  9
$DIMBLK1
  1

  9
$DIMBLK2
  1

  9
$DIMSTYLE
  2
ISO-25
  9
$DIMCLRD
 70
     0
  9
$DIMCLRE
 70
     0
  9
$DIMCLRT
 70
     0
  9
$DIMTFAC
 40
1.0
  9
$DIMGAP
 40
0.625
  9
$DIMJUST
 70
     0
  9
$DIMSD1
 70
     0
  9
$DIMSD2
 70
     0
  9
$DIMTOLJ
 70
     0
  9
$DIMTZIN
 70
     8
  9
$DIMALTZ
 70
     0
  9
$DIMALTTZ
 70
     0
  9
$DIMUPT
 70
     0
  9
$DIMDEC
 70
     2
  9
$DIMTDEC
 70
     2
  9
$DIMALTU
 70
     2
  9
$DIMALTTD
 70
     3
  9
$DIMTXSTY
  7
Standard
  9
$DIMAUNIT
 70
     0
  9
$DIMADEC
 70
     0
  9
$DIMALTRND
 40
0.0
  9
$DIMAZIN
 70
     0
  9
$DIMDSEP
 70
    44
  9
$DIMATFIT
 70
     3
  9
$DIMFRAC
 70
     0
  9
$DIMLDRBLK
  1

  9
$DIMLUNIT
 70
     2
  9
$DIMLWD
 70
    -2
  9
$DIMLWE
 70
    -2
  9
$DIMTMOVE
 70
     0
  9
$DIMFXL
 40
1.0
  9
$DIMFXLON
 70
     0
  9
$DIMJOGANG
 40
0.7853981633974483
  9
$DIMTFILL
 70
     0
  9
$DIMTFILLCLR
 70
     0
  9
$DIMARCSYM
 70
     0
  9
$DIMLTYPE
  6

  9
$DIMLTEX1
  6

  9
$DIMLTEX2
  6

  9
$DIMTXTDIRECTION
 70
     0
  9
$LUNITS
 70
     2
  9
$LUPREC
 70
     4
  9
$SKETCHINC
 40
1.0
  9
$FILLETRAD
 40
0.0
  9
$AUNITS
 70
     0
  9
$AUPREC
 70
     0
  9
$MENU
  1
.
  9
$ELEVATION
 40
0.0
  9
$PELEVATION
 40
0.0
  9
$THICKNESS
 40
0.0
  9
$LIMCHECK
 70
     0
  9
$CHAMFERA
 40
0.0
  9
$CHAMFERB
 40
0.0
  9
$CHAMFERC
 40
0.0
  9
$CHAMFERD
 40
0.0
  9
$SKPOLY
 70
     0
  9
$TDCREATE
 40
2460795.776366852
  9
$TDUCREATE
 40
2460795.693033519
  9
$TDUPDATE
 40
2460795.776367929
  9
$TDUUPDATE
 40
2460795.693034595
  9
$TDINDWG
 40
0.0000000116
  9
$TDUSRTIMER
 40
0.0000000116
  9
$USRTIMER
 70
     1
  9
$ANGBASE
 50
0.0
  9
$ANGDIR
 70
     0
  9
$PDMODE
 70
     0
  9
$PDSIZE
 40
0.0
  9
$PLINEWID
 40
0.0
  9
$SPLFRAME
 70
     0
  9
$SPLINETYPE
 70
     6
  9
$SPLINESEGS
 70
     8
  9
$HANDSEED
  5
9A2
  9
$SURFTAB1
 70
     6
  9
$SURFTAB2
 70
     6
  9
$SURFTYPE
 70
     6
  9
$SURFU
 70
     6
  9
$SURFV
 70
     6
  9
$UCSBASE
  2

  9
$UCSNAME
  2

  9
$UCSORG
 10
0.0
 20
0.0
 30
0.0
  9
$UCSXDIR
 10
1.0
 20
0.0
 30
0.0
  9
$UCSYDIR
 10
0.0
 20
1.0
 30
0.0
  9
$UCSORTHOREF
  2

  9
$UCSORTHOVIEW
 70
     0
  9
$UCSORGTOP
 10
0.0
 20
0.0
 30
0.0
  9
$UCSORGBOTTOM
 10
0.0
 20
0.0
 30
0.0
  9
$UCSORGLEFT
 10
0.0
 20
0.0
 30
0.0
  9
$UCSORGRIGHT
 10
0.0
 20
0.0
 30
0.0
  9
$UCSORGFRONT
 10
0.0
 20
0.0
 30
0.0
  9
$UCSORGBACK
 10
0.0
 20
0.0
 30
0.0
  9
$PUCSBASE
  2

  9
$PUCSNAME
  2

  9
$PUCSORG
 10
0.0
 20
0.0
 30
0.0
  9
$PUCSXDIR
 10
1.0
 20
0.0
 30
0.0
  9
$PUCSYDIR
 10
0.0
 20
1.0
 30
0.0
  9
$PUCSORTHOREF
  2

  9
$PUCSORTHOVIEW
 70
     0
  9
$PUCSORGTOP
 10
0.0
 20
0.0
 30
0.0
  9
$PUCSORGBOTTOM
 10
0.0
 20
0.0
 30
0.0
  9
$PUCSORGLEFT
 10
0.0
 20
0.0
 30
0.0
  9
$PUCSORGRIGHT
 10
0.0
 20
0.0
 30
0.0
  9
$PUCSORGFRONT
 10
0.0
 20
0.0
 30
0.0
  9
$PUCSORGBACK
 10
0.0
 20
0.0
 30
0.0
  9
$USERI1
 70
     0
  9
$USERI2
 70
     0
  9
$USERI3
 70
     0
  9
$USERI4
 70
     0
  9
$USERI5
 70
     0
  9
$USERR1
 40
0.0
  9
$USERR2
 40
0.0
  9
$USERR3
 40
0.0
  9
$USERR4
 40
0.0
  9
$USERR5
 40
0.0
  9
$WORLDVIEW
 70
     1
  9
$SHADEDGE
 70
     3
  9
$SHADEDIF
 70
    70
  9
$TILEMODE
 70
     1
  9
$MAXACTVP
 70
    64
  9
$PINSBASE
 10
0.0
 20
0.0
 30
0.0
  9
$PLIMCHECK
 70
     0
  9
$PEXTMIN
 10
1.000000000000000E+20
 20
1.000000000000000E+20
 30
1.000000000000000E+20
  9
$PEXTMAX
 10
-1.000000000000000E+20
 20
-1.000000000000000E+20
 30
-1.000000000000000E+20
  9
$PLIMMIN
 10
0.0
 20
0.0
  9
$PLIMMAX
 10
420.0
 20
297.0
  9
$UNITMODE
 70
     0
  9
$VISRETAIN
 70
     1
  9
$PLINEGEN
 70
     0
  9
$PSLTSCALE
 70
     1
  9
$TREEDEPTH
 70
  3020
  9
$CMLSTYLE
  2
Standard
  9
$CMLJUST
 70
     0
  9
$CMLSCALE
 40
20.0
  9
$PROXYGRAPHICS
 70
     1
  9
$MEASUREMENT
 70
     1
  9
$CELWEIGHT
370
    -1
  9
$ENDCAPS
280
     0
  9
$JOINSTYLE
280
     0
  9
$LWDISPLAY
290
     0
  9
$INSUNITS
 70
     4
  9
$HYPERLINKBASE
  1

  9
$STYLESHEET
  1

  9
$XEDIT
290
     1
  9
$CEPSNTYPE
380
     0
  9
$PSTYLEMODE
290
     1
  9
$FINGERPRINTGUID
  2
{bfce7f1d-4143-42d4-83ef-08d118799751}
  9
$VERSIONGUID
  2
{FAEB1C32-E019-11D5-929B-00C0DF256EC4}
  9
$EXTNAMES
290
     1
  9
$PSVPSCALE
 40
0.0
  9
$OLESTARTUP
290
     0
  9
$SORTENTS
280
   127
  9
$INDEXCTL
280
     0
  9
$HIDETEXT
280
     1
  9
$XCLIPFRAME
280
     2
  9
$HALOGAP
280
     0
  9
$OBSCOLOR
 70
   257
  9
$OBSLTYPE
280
     0
  9
$INTERSECTIONDISPLAY
280
     0
  9
$INTERSECTIONCOLOR
 70
   257
  9
$DIMASSOC
280
     2
  9
$PROJECTNAME
  1

  9
$CAMERADISPLAY
290
     0
  9
$LENSLENGTH
 40
50.0
  9
$CAMERAHEIGHT
 40
0.0
  9
$STEPSPERSEC
 40
2.0
  9
$STEPSIZE
 40
6.0
  9
$3DDWFPREC
 40
2.0
  9
$PSOLWIDTH
 40
5.0
  9
$PSOLHEIGHT
 40
80.0
  9
$LOFTANG1
 40
1.570796326794897
  9
$LOFTANG2
 40
1.570796326794897
  9
$LOFTMAG1
 40
0.0
  9
$LOFTMAG2
 40
0.0
  9
$LOFTPARAM
 70
     7
  9
$LOFTNORMALS
280
     1
  9
$LATITUDE
 40
37.795
  9
$LONGITUDE
 40
-122.394
  9
$NORTHDIRECTION
 40
0.0
  9
$TIMEZONE
 70
 -8000
  9
$LIGHTGLYPHDISPLAY
280
     1
  9
$TILEMODELIGHTSYNCH
280
     1
  9
$CMATERIAL
347
44
  9
$SOLIDHIST
280
     0
  9
$SHOWHIST
280
     1
  9
$DWFFRAME
280
     2
  9
$DGNFRAME
280
     2
  9
$REALWORLDSCALE
290
     1
  9
$INTERFERECOLOR
 62
   256
  9
$CSHADOW
280
     0
  9
$SHADOWPLANELOCATION
 40
0.0
  0
ENDSEC
  0
SECTION
  2
CLASSES
  0
CLASS
  1
ACDBDICTIONARYWDFLT
  2
AcDbDictionaryWithDefault
  3
ObjectDBX Classes
 90
        0
 91
        3
280
     0
281
     0
  0
CLASS
  1
VISUALSTYLE
  2
AcDbVisualStyle
  3
ObjectDBX Classes
 90
     4095
 91
        3
280
     0
281
     0
  0
CLASS
  1
MATERIAL
  2
AcDbMaterial
  3
ObjectDBX Classes
 90
     1153
 91
        3
280
     0
281
     0
  0
CLASS
  1
SCALE
  2
AcDbScale
  3
ObjectDBX Classes
 90
     1153
 91
        3
280
     0
281
     0
  0
CLASS
  1
TABLESTYLE
  2
AcDbTableStyle
  3
ObjectDBX Classes
 90
     4095
 91
        3
280
     0
281
     0
  0
CLASS
  1
MLEADERSTYLE
  2
AcDbMLeaderStyle
  3
ACDB_MLEADERSTYLE_CLASS
 90
     4095
 91
        3
280
     0
281
     0
  0
CLASS
  1
SUN
  2
AcDbSun
  3
SCENEOE
 90
     1153
 91
        3
280
     0
281
     0
  0
CLASS
  1
DICTIONARYVAR
  2
AcDbDictionaryVar
  3
ObjectDBX Classes
 90
        0
 91
        3
280
     0
281
     0
  0
CLASS
  1
CELLSTYLEMAP
  2
AcDbCellStyleMap
  3
ObjectDBX Classes
 90
     1152
 91
        3
280
     0
281
     0
  0
ENDSEC
  0
SECTION
  2
TABLES
  0
TABLE
  2
VPORT
  5
8
330
0
100
AcDbSymbolTable
 70
     1
  0
VPORT
  5
29
330
8
100
AcDbSymbolTableRecord
100
AcDbViewportTableRecord
  2
*Active
 70
     0
 10
0.0
 20
0.0
 11
1.0
 21
1.0
 12
85.31369047619052
 22
85.75000000000003
 13
0.0
 23
0.0
 14
10.0
 24
10.0
 15
10.0
 25
10.0
 16
0.0
 26
0.0
 36
1.0
 17
0.0
 27
0.0
 37
0.0
 40
174.9300000000001
 41
1.008031375815632
 42
50.0
 43
0.0
 44
0.0
 50
0.0
 51
0.0
 71
     0
 72
   100
 73
     1
 74
     3
 75
     0
 76
     0
 77
     0
 78
     0
281
     0
 65
     1
110
0.0
120
0.0
130
0.0
111
1.0
121
0.0
131
0.0
112
0.0
122
1.0
132
0.0
 79
     0
146
0.0
348
2F
 60
     3
 61
     5
292
     1
282
     1
141
0.0
142
0.0
 63
   250
361
5D
  0
ENDTAB
  0
TABLE
  2
LTYPE
  5
5
330
0
100
AcDbSymbolTable
 70
     3
  0
LTYPE
  5
14
330
5
100
AcDbSymbolTableRecord
100
AcDbLinetypeTableRecord
  2
ByBlock
 70
     0
  3

 72
    65
 73
     0
 40
0.0
  0
LTYPE
  5
15
330
5
100
AcDbSymbolTableRecord
100
AcDbLinetypeTableRecord
  2
ByLayer
 70
     0
  3

 72
    65
 73
     0
 40
0.0
  0
LTYPE
  5
16
330
5
100
AcDbSymbolTableRecord
100
AcDbLinetypeTableRecord
  2
Continuous
 70
     0
  3
Solid line
 72
    65
 73
     0
 40
0.0
  0
LTYPE
  5
D0
330
5
100
AcDbSymbolTableRecord
100
AcDbLinetypeTableRecord
  2
Dashed
 70
     0
  3

 72
    65
 73
     2
 40
2.0
 49
1.0
 74
     0
 49
-1.0
 74
     0
  0
LTYPE
  5
111
330
5
100
AcDbSymbolTableRecord
100
AcDbLinetypeTableRecord
  2
Center
 70
     0
  3

 72
    65
 73
     4
 40
1.5
 49
0.45
 74
     0
 49
-0.5
 74
     0
 49
0.05
 74
     0
 49
-0.5
 74
     0
  0
ENDTAB
  0
TABLE
  2
LAYER
  5
2
330
0
100
AcDbSymbolTable
 70
     8
  0
LAYER
  5
10
330
2
100
AcDbSymbolTableRecord
100
AcDbLayerTableRecord
  2
0
 70
     0
 62
     7
  6
Continuous
370
    -3
390
F
347
46
348
0
  0
LAYER
  5
5E
330
2
100
AcDbSymbolTableRecord
100
AcDbLayerTableRecord
  2
attrib
 70
     0
 62
    -2
  6
Continuous
370
    35
390
F
347
46
348
0
  0
LAYER
  5
D1
330
2
100
AcDbSymbolTableRecord
100
AcDbLayerTableRecord
  2
hidden
 70
     0
 62
     3
  6
Dashed
370
    25
390
F
347
46
348
0
  0
LAYER
  5
10E
330
2
100
AcDbSymbolTableRecord
100
AcDbLayerTableRecord
  2
AM_5
 70
     0
 62
     3
  6
Continuous
370
    25
390
F
347
46
348
0
  0
LAYER
  5
112
330
2
100
AcDbSymbolTableRecord
100
AcDbLayerTableRecord
  2
center
 70
     0
 62
     4
  6
Center
370
    25
390
F
347
46
348
0
  0
LAYER
  5
1D0
330
2
100
AcDbSymbolTableRecord
100
AcDbLayerTableRecord
  2
vis
 70
     0
 62
     1
  6
Continuous
370
    50
390
F
347
46
348
0
  0
LAYER
  5
1D3
330
2
100
AcDbSymbolTableRecord
100
AcDbLayerTableRecord
  2
AM_4
 70
     0
 62
     3
  6
Continuous
370
    25
390
F
347
46
348
0
  0
LAYER
  5
984
330
2
100
AcDbSymbolTableRecord
100
AcDbLayerTableRecord
  2
2d ConnectionPoints
 70
     0
 62
     7
  6
Continuous
370
    50
390
F
347
46
348
0
  0
ENDTAB
  0
TABLE
  2
STYLE
  5
3
330
0
100
AcDbSymbolTable
 70
     1
  0
STYLE
  5
11
330
3
100
AcDbSymbolTableRecord
100
AcDbTextStyleTableRecord
  2
Standard
 70
     0
 40
0.0
 41
1.0
 50
0.0
 71
     0
 42
2.5
  3
txt
  4

  0
ENDTAB
  0
TABLE
  2
VIEW
  5
6
330
0
100
AcDbSymbolTable
 70
     0
  0
ENDTAB
  0
TABLE
  2
UCS
  5
7
330
0
100
AcDbSymbolTable
 70
     0
  0
ENDTAB
  0
TABLE
  2
APPID
  5
9
330
0
100
AcDbSymbolTable
 70
     1
  0
APPID
  5
12
330
9
100
AcDbSymbolTableRecord
100
AcDbRegAppTableRecord
  2
ACAD
 70
     0
  0
ENDTAB
  0
TABLE
  2
DIMSTYLE
  5
A
330
0
100
AcDbSymbolTable
 70
     1
100
AcDbDimStyleTable
  0
DIMSTYLE
105
27
330
A
100
AcDbSymbolTableRecord
100
AcDbDimStyleTableRecord
  2
ISO-25
 70
     0
 41
2.5
 42
0.625
 43
3.75
 44
1.25
 73
     0
 74
     0
 77
     1
 78
     8
140
2.5
141
2.5
143
0.03937007874016
147
0.625
171
     3
172
     1
178
     0
271
     2
272
     2
274
     3
278
    44
283
     0
284
     8
340
11
  0
ENDTAB
  0
TABLE
  2
BLOCK_RECORD
  5
1
330
0
100
AcDbSymbolTable
 70
    19
  0
BLOCK_RECORD
  5
1F
330
1
100
AcDbSymbolTableRecord
100
AcDbBlockTableRecord
  2
*Model_Space
340
22
 70
     0
280
     1
281
     0
  0
BLOCK_RECORD
  5
1B
330
1
100
AcDbSymbolTableRecord
100
AcDbBlockTableRecord
  2
*Paper_Space
340
1E
 70
     0
280
     1
281
     0
  0
BLOCK_RECORD
  5
23
330
1
100
AcDbSymbolTableRecord
100
AcDbBlockTableRecord
  2
*Paper_Space0
340
26
 70
     0
280
     1
281
     0
  0
BLOCK_RECORD
  5
BB
330
1
100
AcDbSymbolTableRecord
100
AcDbBlockTableRecord
  2
1_SET_SCREW4_3_1_0_in_MTP24XL037_A_C10_900
340
0
102
{BLKREFS
331
BC
102
}
 70
     0
280
     1
281
     0
  0
BLOCK_RECORD
  5
F2
330
1
100
AcDbSymbolTableRecord
100
AcDbBlockTableRecord
  2
2_SET_SCREW4_3_2_0_in_MTP24XL037_A_C10_900
340
0
102
{BLKREFS
331
F3
102
}
 70
     0
280
     1
281
     0
  0
BLOCK_RECORD
  5
114
330
1
100
AcDbSymbolTableRecord
100
AcDbBlockTableRecord
  2
3_MTP24XL037_A_C10_b_0_in_MTP24XL037_A_C10_900
340
0
102
{BLKREFS
331
115
102
}
 70
     0
280
     1
281
     0
  0
BLOCK_RECORD
  5
237
330
1
100
AcDbSymbolTableRecord
100
AcDbBlockTableRecord
  2
4_SET_SCREW4_3_1_0_in_MTP24XL037_A_C10_900
340
0
102
{BLKREFS
331
238
102
}
 70
     0
280
     1
281
     0
  0
BLOCK_RECORD
  5
25F
330
1
100
AcDbSymbolTableRecord
100
AcDbBlockTableRecord
  2
5_SET_SCREW4_3_2_0_in_MTP24XL037_A_C10_900
340
0
102
{BLKREFS
331
260
102
}
 70
     0
280
     1
281
     0
  0
BLOCK_RECORD
  5
286
330
1
100
AcDbSymbolTableRecord
100
AcDbBlockTableRecord
  2
6_MTP24XL037_A_C10_b_0_in_MTP24XL037_A_C10_900
340
0
102
{BLKREFS
331
287
102
}
 70
     0
280
     1
281
     0
  0
BLOCK_RECORD
  5
3A0
330
1
100
AcDbSymbolTableRecord
100
AcDbBlockTableRecord
  2
7_SET_SCREW4_3_1_0_in_MTP24XL037_A_C10_900
340
0
102
{BLKREFS
331
3A1
102
}
 70
     0
280
     1
281
     0
  0
BLOCK_RECORD
  5
3D0
330
1
100
AcDbSymbolTableRecord
100
AcDbBlockTableRecord
  2
8_SET_SCREW4_3_2_0_in_MTP24XL037_A_C10_900
340
0
102
{BLKREFS
331
3D1
102
}
 70
     0
280
     1
281
     0
  0
BLOCK_RECORD
  5
3F8
330
1
100
AcDbSymbolTableRecord
100
AcDbBlockTableRecord
  2
9_MTP24XL037_A_C10_b_0_in_MTP24XL037_A_C10_900
340
0
102
{BLKREFS
331
3F9
102
}
 70
     0
280
     1
281
     0
  0
BLOCK_RECORD
  5
518
330
1
100
AcDbSymbolTableRecord
100
AcDbBlockTableRecord
  2
10_SET_SCREW4_3_1_0_in_MTP24XL037_A_C10_900
340
0
102
{BLKREFS
331
519
102
}
 70
     0
280
     1
281
     0
  0
BLOCK_RECORD
  5
540
330
1
100
AcDbSymbolTableRecord
100
AcDbBlockTableRecord
  2
11_SET_SCREW4_3_2_0_in_MTP24XL037_A_C10_900
340
0
102
{BLKREFS
331
541
102
}
 70
     0
280
     1
281
     0
  0
BLOCK_RECORD
  5
567
330
1
100
AcDbSymbolTableRecord
100
AcDbBlockTableRecord
  2
12_MTP24XL037_A_C10_b_0_in_MTP24XL037_A_C10_900
340
0
102
{BLKREFS
331
568
102
}
 70
     0
280
     1
281
     0
  0
BLOCK_RECORD
  5
681
330
1
100
AcDbSymbolTableRecord
100
AcDbBlockTableRecord
  2
13_SET_SCREW4_3_1_0_in_MTP24XL037_A_C10_900
340
0
102
{BLKREFS
331
682
102
}
 70
     0
280
     1
281
     0
  0
BLOCK_RECORD
  5
6B0
330
1
100
AcDbSymbolTableRecord
100
AcDbBlockTableRecord
  2
14_SET_SCREW4_3_2_0_in_MTP24XL037_A_C10_900
340
0
102
{BLKREFS
331
6B1
102
}
 70
     0
280
     1
281
     0
  0
BLOCK_RECORD
  5
6D8
330
1
100
AcDbSymbolTableRecord
100
AcDbBlockTableRecord
  2
15_MTP24XL037_A_C10_b_0_in_MTP24XL037_A_C10_900
340
0
102
{BLKREFS
331
6D9
102
}
 70
     0
280
     1
281
     0
  0
BLOCK_RECORD
  5
809
330
1
100
AcDbSymbolTableRecord
100
AcDbBlockTableRecord
  2
16_SET_SCREW4_3_1_0_in_MTP24XL037_A_C10_900
340
0
102
{BLKREFS
331
80A
102
}
 70
     0
280
     1
281
     0
  0
BLOCK_RECORD
  5
839
330
1
100
AcDbSymbolTableRecord
100
AcDbBlockTableRecord
  2
17_SET_SCREW4_3_2_0_in_MTP24XL037_A_C10_900
340
0
102
{BLKREFS
331
83A
102
}
 70
     0
280
     1
281
     0
  0
BLOCK_RECORD
  5
858
330
1
100
AcDbSymbolTableRecord
100
AcDbBlockTableRecord
  2
18_MTP24XL037_A_C10_b_0_in_MTP24XL037_A_C10_900
340
0
102
{BLKREFS
331
859
102
}
 70
     0
280
     1
281
     0
  0
ENDTAB
  0
ENDSEC
  0
SECTION
  2
BLOCKS
  0
BLOCK
  5
20
330
1F
100
AcDbEntity
  8
0
100
AcDbBlockBegin
  2
*Model_Space
 70
     2
 10
0.0
 20
0.0
 30
0.0
  3
*Model_Space
  1

  0
ENDBLK
  5
21
330
1F
100
AcDbEntity
  8
0
100
AcDbBlockEnd
  0
BLOCK
  5
1C
330
1B
100
AcDbEntity
 67
     1
  8
0
100
AcDbBlockBegin
  2
*Paper_Space
 70
     0
 10
0.0
 20
0.0
 30
0.0
  3
*Paper_Space
  1

  0
ENDBLK
  5
1D
330
1B
100
AcDbEntity
 67
     1
  8
0
100
AcDbBlockEnd
  0
BLOCK
  5
24
330
23
100
AcDbEntity
  8
0
100
AcDbBlockBegin
  2
*Paper_Space0
 70
     0
 10
0.0
 20
0.0
 30
0.0
  3
*Paper_Space0
  1

  0
ENDBLK
  5
25
330
23
100
AcDbEntity
  8
0
100
AcDbBlockEnd
  0
BLOCK
  5
BD
330
BB
100
AcDbEntity
  8
0
100
AcDbBlockBegin
  2
1_SET_SCREW4_3_1_0_in_MTP24XL037_A_C10_900
 70
     2
 10
0.0
 20
0.0
 30
0.0
  3
1_SET_SCREW4_3_1_0_in_MTP24XL037_A_C10_900
  1

  0
ATTDEF
  5
BF
330
BB
100
AcDbEntity
  8
attrib
100
AcDbText
 10
73.5
 20
18.79472829481524
 30
0.0
 40
0.5
  1
SET-SCREW4-3
100
AcDbAttributeDefinition
  3

  2
NB
 70
     8
280
     0
  0
ATTDEF
  5
C0
330
BB
100
AcDbEntity
  8
attrib
100
AcDbText
 10
73.5
 20
18.29472829481524
 30
0.0
 40
0.5
  1
SET-SCREW
100
AcDbAttributeDefinition
  3

  2
NN
 70
     8
280
     0
  0
ATTDEF
  5
C1
330
BB
100
AcDbEntity
  8
attrib
100
AcDbText
 10
73.5
 20
17.79472829481524
 30
0.0
 40
0.5
  1
Set Screw - Flat End
100
AcDbAttributeDefinition
  3

  2
NT
 70
     8
280
     0
  0
ATTDEF
  5
C2
330
BB
100
AcDbEntity
  8
attrib
100
AcDbText
 10
73.5
 20
17.29472829481524
 30
0.0
 40
0.5
  1
$PN.
100
AcDbAttributeDefinition
  3

  2
NBSYN
 70
     8
280
     0
  0
ATTDEF
  5
C3
330
BB
100
AcDbEntity
  8
attrib
100
AcDbText
 10
73.5
 20
16.79472829481524
 30
0.0
 40
0.5
  1
SET-SCREW4-3
100
AcDbAttributeDefinition
  3

  2
LINA
 70
     8
280
     0
  0
ATTDEF
  5
C4
330
BB
100
AcDbEntity
  8
attrib
100
AcDbText
 10
73.5
 20
16.29472829481524
 30
0.0
 40
0.5
  1
Misumi
100
AcDbAttributeDefinition
  3

  2
CATALOG
 70
     8
280
     0
  0
ATTDEF
  5
C5
330
BB
100
AcDbEntity
  8
attrib
100
AcDbText
 10
73.5
 20
15.79472829481524
 30
0.0
 40
0.5
  1
SET-SCREW4-3
100
AcDbAttributeDefinition
  3

  2
PN
 70
     8
280
     0
  0
ATTDEF
  5
C6
330
BB
100
AcDbEntity
  8
attrib
100
AcDbText
 10
73.5
 20
15.29472829481524
 30
0.0
 40
0.5
  1
4.0
100
AcDbAttributeDefinition
  3

  2
M
 70
     8
280
     0
  0
ATTDEF
  5
C7
330
BB
100
AcDbEntity
  8
attrib
100
AcDbText
 10
73.5
 20
14.79472829481524
 30
0.0
 40
0.5
  1
0.70
100
AcDbAttributeDefinition
  3

  2
P
 70
     8
280
     0
  0
ATTDEF
  5
C8
330
BB
100
AcDbEntity
  8
attrib
100
AcDbText
 10
73.5
 20
14.29472829481524
 30
0.0
 40
0.5
  1
3
100
AcDbAttributeDefinition
  3

  2
L
 70
     8
280
     0
  0
ATTDEF
  5
C9
330
BB
100
AcDbEntity
  8
attrib
100
AcDbText
 10
73.5
 20
13.79472829481524
 30
0.0
 40
0.5
  1
2.0
100
AcDbAttributeDefinition
  3

  2
B
 70
     8
280
     0
  0
ATTDEF
  5
CA
330
BB
100
AcDbEntity
  8
attrib
100
AcDbText
 10
73.5
 20
13.29472829481524
 30
0.0
 40
0.5
  1
1.5
100
AcDbAttributeDefinition
  3

  2
C
 70
     8
280
     0
  0
ATTDEF
  5
CB
330
BB
100
AcDbEntity
  8
attrib
100
AcDbText
 10
73.5
 20
12.79472829481524
 30
0.0
 40
0.5
  1
2.5
100
AcDbAttributeDefinition
  3

  2
DD
 70
     8
280
     0
  0
ATTDEF
  5
CC
330
BB
100
AcDbEntity
  8
attrib
100
AcDbText
 10
73.5
 20
12.29472829481524
 30
0.0
 40
0.5
  1
misumi
100
AcDbAttributeDefinition
  3

  2
COMPANY
 70
     8
280
     0
  0
ATTDEF
  5
CD
330
BB
100
AcDbEntity
  8
attrib
100
AcDbText
 10
73.5
 20
11.79472829481524
 30
0.0
 40
0.5
  1
1
100
AcDbAttributeDefinition
  3

  2
ExcludeFromBOM
 70
     8
280
     0
  0
ATTDEF
  5
CE
330
BB
100
AcDbEntity
  8
attrib
100
AcDbText
 10
73.5
 20
11.29472829481524
 30
0.0
 40
0.5
  1
{$CADENAS_DATA/23d-libs/misumi/metric/accessories/set_screw.prj},169 {VTYP=3D},{NB=SET-SCREW4-3},{LINA=SET-SCREW4-3},{NN=SET-SCREW},{DATE=29.11.2024 04:47:07},{GEOMDATE=11.12.2013 00:00:00},{VERSION=},{LINEID=90},{WBVAR=L},{WBNUMERIC=L}  {NB=SET-SCR
100
AcDbAttributeDefinition
  3

  2
PSOL_0
 70
     9
280
     0
  0
ATTDEF
  5
CF
330
BB
100
AcDbEntity
  8
attrib
100
AcDbText
 10
73.5
 20
10.79472829481524
 30
0.0
 40
0.5
  1
,{LINA=SET-SCREW4-3},{KT=DUMMY},{PN=SET-SCREW4-3},{TYPE=SET-SCREW},{M=4.0},{P=0.70},{L=3},{LMIN=2.1},{LALG=[2.1:42/0.1]},{B=2.0},{C=1.5},{DD=2.5}
100
AcDbAttributeDefinition
  3

  2
PSOL_1
 70
     9
280
     0
  0
LINE
  5
D2
330
BB
100
AcDbEntity
  8
hidden
100
AcDbLine
 10
65.92264973081038
 20
16.37083487540115
 30
0.0
 11
67.07735026918962
 21
16.37083487540115
 31
0.0
  0
LINE
  5
D3
330
BB
100
AcDbEntity
  8
hidden
100
AcDbLine
 10
65.92264973081038
 20
17.37083487540115
 30
0.0
 11
65.34529946162075
 21
16.87083487540115
 31
0.0
  0
LINE
  5
D4
330
BB
100
AcDbEntity
  8
hidden
100
AcDbLine
 10
67.65470053837925
 20
16.87083487540115
 30
0.0
 11
67.07735026918962
 21
17.37083487540115
 31
0.0
  0
LINE
  5
D5
330
BB
100
AcDbEntity
  8
hidden
100
AcDbLine
 10
65.34529946162075
 20
16.87083487540115
 30
0.0
 11
65.34529946162075
 21
15.57179676972449
 31
0.0
  0
LINE
  5
D6
330
BB
100
AcDbEntity
  8
hidden
100
AcDbLine
 10
65.92264973081038
 20
17.37083487540115
 30
0.0
 11
65.92264973081038
 21
15.07179676972449
 31
0.0
  0
LINE
  5
D7
330
BB
100
AcDbEntity
  8
hidden
100
AcDbLine
 10
65.34529946162075
 20
16.87083487540115
 30
0.0
 11
65.92264973081038
 21
16.37083487540115
 31
0.0
  0
LINE
  5
D8
330
BB
100
AcDbEntity
  8
hidden
100
AcDbLine
 10
67.65470053837925
 20
16.87083487540115
 30
0.0
 11
67.65470053837925
 21
15.57179676972449
 31
0.0
  0
LINE
  5
D9
330
BB
100
AcDbEntity
  8
hidden
100
AcDbLine
 10
67.07735026918962
 20
16.37083487540115
 30
0.0
 11
67.65470053837925
 21
16.87083487540115
 31
0.0
  0
LINE
  5
DA
330
BB
100
AcDbEntity
  8
hidden
100
AcDbLine
 10
67.07735026918962
 20
17.37083487540115
 30
0.0
 11
67.07735026918962
 21
15.07179676972449
 31
0.0
  0
ELLIPSE
  5
DB
330
BB
100
AcDbEntity
  8
hidden
100
AcDbEllipse
 10
66.5
 20
16.87083487540115
 30
0.0
 11
0.9999999999999989
 21
0.0
 31
0.0
210
0.0
220
0.0
230
1.0
 40
0.4999999999999987
 41
3.665191429188095
 42
4.71238898038469
  0
ELLIPSE
  5
DC
330
BB
100
AcDbEntity
  8
hidden
100
AcDbEllipse
 10
66.5
 20
16.87083487540115
 30
0.0
 11
1.000000000000002
 21
0.0
 31
0.0
210
0.0
220
0.0
230
1.0
 40
0.4999999999999982
 41
4.71238898038469
 42
7.853981633974483
  0
ELLIPSE
  5
DD
330
BB
100
AcDbEntity
  8
hidden
100
AcDbEllipse
 10
66.5
 20
16.87083487540115
 30
0.0
 11
1.000000000000003
 21
3.552713678800513E-15
 31
0.0
210
0.0
220
0.0
230
1.0
 40
0.5000000000000009
 41
2.617993877991494
 42
3.6651914291881
  0
LINE
  5
DE
330
BB
100
AcDbEntity
  8
hidden
100
AcDbLine
 10
67.07735026918962
 20
17.37083487540115
 30
0.0
 11
65.92264973081038
 21
17.37083487540115
 31
0.0
  0
ELLIPSE
  5
DF
330
BB
100
AcDbEntity
  8
hidden
100
AcDbEllipse
 10
66.5
 20
16.87083487540115
 30
0.0
 11
0.9999999999999989
 21
0.0
 31
0.0
210
0.0
220
0.0
230
1.0
 40
0.4999999999999996
 41
1.570796326794897
 42
2.617993877991492
  0
LINE
  5
E0
330
BB
100
AcDbEntity
  8
hidden
100
AcDbLine
 10
65.47937927384034
 20
18.53071689932132
 30
0.0
 11
64.86700683814455
 21
18.0977041974291
 31
0.0
  0
LINE
  5
E1
330
BB
100
AcDbEntity
  8
hidden
100
AcDbLine
 10
68.13299316185545
 20
18.0977041974291
 30
0.0
 11
67.52062072615966
 21
18.53071689932132
 31
0.0
  0
LINE
  5
E2
330
BB
100
AcDbEntity
  8
hidden
100
AcDbLine
 10
65.34529946162075
 20
15.57179676972449
 30
0.0
 11
65.92264973081038
 21
15.07179676972449
 31
0.0
  0
LINE
  5
E3
330
BB
100
AcDbEntity
  8
hidden
100
AcDbLine
 10
65.92264973081038
 20
16.07179676972449
 30
0.0
 11
65.34529946162075
 21
15.57179676972449
 31
0.0
  0
LINE
  5
E4
330
BB
100
AcDbEntity
  8
hidden
100
AcDbLine
 10
67.07735026918962
 20
16.07179676972449
 30
0.0
 11
65.92264973081038
 21
16.07179676972449
 31
0.0
  0
LINE
  5
E5
330
BB
100
AcDbEntity
  8
hidden
100
AcDbLine
 10
67.65470053837925
 20
15.57179676972449
 30
0.0
 11
67.07735026918962
 21
16.07179676972449
 31
0.0
  0
LINE
  5
E6
330
BB
100
AcDbEntity
  8
hidden
100
AcDbLine
 10
67.07735026918962
 20
15.07179676972449
 30
0.0
 11
67.65470053837925
 21
15.57179676972449
 31
0.0
  0
LINE
  5
E7
330
BB
100
AcDbEntity
  8
hidden
100
AcDbLine
 10
67.07735026918962
 20
15.07179676972449
 30
0.0
 11
65.92264973081038
 21
15.07179676972449
 31
0.0
  0
ELLIPSE
  5
E8
330
BB
100
AcDbEntity
  8
hidden
100
AcDbEllipse
 10
66.5
 20
17.52035392823948
 30
0.0
 11
1.999999999999994
 21
-7.595286077259920E-15
 31
0.0
210
0.0
220
0.0
230
1.0
 40
0.5
 41
3.141592653589801
 42
8.809298252098998
  0
LINE
  5
E9
330
BB
100
AcDbEntity
  8
hidden
100
AcDbLine
 10
68.5
 20
15.94375468064991
 30
0.0
 11
68.5
 21
17.52035392823948
 31
0.0
  0
LINE
  5
EA
330
BB
100
AcDbEntity
  8
hidden
100
AcDbLine
 10
64.5
 20
17.52035392823948
 30
0.0
 11
64.5
 21
15.94375468064991
 31
0.0
  0
ELLIPSE
  5
EB
330
BB
100
AcDbEntity
  8
hidden
100
AcDbEllipse
 10
66.5
 20
17.52035392823948
 30
0.0
 11
2.000000000000003
 21
1.065814103640152E-14
 31
0.0
210
0.0
220
0.0
230
1.0
 40
0.4999999999999987
 41
2.526112944919402
 42
3.14159265358979
  0
ELLIPSE
  5
EC
330
BB
100
AcDbEntity
  8
hidden
100
AcDbEllipse
 10
66.5
 20
15.94375468064991
 30
0.0
 11
1.999999999999994
 21
0.0
 31
0.0
210
0.0
220
0.0
230
1.0
 40
0.4999999999999996
 41
5.6677055985092
 42
9.42477796076938
  0
LINE
  5
ED
330
BB
100
AcDbEntity
  8
hidden
100
AcDbLine
 10
67.78230788034699
 20
15.11843247084334
 30
0.0
 11
68.13299316185545
 21
15.36640441146028
 31
0.0
  0
LINE
  5
EE
330
BB
100
AcDbEntity
  8
hidden
100
AcDbLine
 10
64.86700683814455
 20
15.36640441146028
 30
0.0
 11
65.21769211965301
 21
15.11843247084334
 31
0.0
  0
ELLIPSE
  5
EF
330
BB
100
AcDbEntity
  8
hidden
100
AcDbEllipse
 10
66.5
 20
15.94375468064991
 30
0.0
 11
2.0
 21
0.0
 31
0.0
210
0.0
220
0.0
230
1.0
 40
0.5000000000000004
 41
3.141592653589796
 42
5.667705598509198
  0
ELLIPSE
  5
F0
330
BB
100
AcDbEntity
  8
hidden
100
AcDbEllipse
 10
66.5
 20
18.16987298107781
 30
0.0
 11
1.249999999999999
 21
0.0
 31
0.0
210
0.0
220
0.0
230
1.0
 40
0.4999999999999994
 41
0.0
 42
6.283185307179586
  0
ELLIPSE
  5
F1
330
BB
100
AcDbEntity
  8
hidden
100
AcDbEllipse
 10
66.49999999999997
 20
15.5717967697245
 30
0.0
 11
1.57050000000002
 21
-1.154373522472470E-14
 31
0.0
210
0.0
220
0.0
230
1.0
 40
0.5000000000000009
 41
0.0
 42
6.283185307179586
  0
ENDBLK
  5
BE
330
BB
100
AcDbEntity
  8
0
100
AcDbBlockEnd
  0
BLOCK
  5
F4
330
F2
100
AcDbEntity
  8
0
100
AcDbBlockBegin
  2
2_SET_SCREW4_3_2_0_in_MTP24XL037_A_C10_900
 70
     2
 10
0.0
 20
0.0
 30
0.0
  3
2_SET_SCREW4_3_2_0_in_MTP24XL037_A_C10_900
  1

  0
ATTDEF
  5
F6
330
F2
100
AcDbEntity
  8
attrib
100
AcDbText
 10
73.07050000000001
 20
24.59999999999999
 30
0.0
 40
0.5
  1
SET-SCREW4-3
100
AcDbAttributeDefinition
  3

  2
NB
 70
     8
280
     0
  0
ATTDEF
  5
F7
330
F2
100
AcDbEntity
  8
attrib
100
AcDbText
 10
73.07050000000001
 20
24.09999999999999
 30
0.0
 40
0.5
  1
SET-SCREW
100
AcDbAttributeDefinition
  3

  2
NN
 70
     8
280
     0
  0
ATTDEF
  5
F8
330
F2
100
AcDbEntity
  8
attrib
100
AcDbText
 10
73.07050000000001
 20
23.59999999999999
 30
0.0
 40
0.5
  1
Set Screw - Flat End
100
AcDbAttributeDefinition
  3

  2
NT
 70
     8
280
     0
  0
ATTDEF
  5
F9
330
F2
100
AcDbEntity
  8
attrib
100
AcDbText
 10
73.07050000000001
 20
23.09999999999999
 30
0.0
 40
0.5
  1
$PN.
100
AcDbAttributeDefinition
  3

  2
NBSYN
 70
     8
280
     0
  0
ATTDEF
  5
FA
330
F2
100
AcDbEntity
  8
attrib
100
AcDbText
 10
73.07050000000001
 20
22.59999999999999
 30
0.0
 40
0.5
  1
SET-SCREW4-3
100
AcDbAttributeDefinition
  3

  2
LINA
 70
     8
280
     0
  0
ATTDEF
  5
FB
330
F2
100
AcDbEntity
  8
attrib
100
AcDbText
 10
73.07050000000001
 20
22.09999999999999
 30
0.0
 40
0.5
  1
Misumi
100
AcDbAttributeDefinition
  3

  2
CATALOG
 70
     8
280
     0
  0
ATTDEF
  5
FC
330
F2
100
AcDbEntity
  8
attrib
100
AcDbText
 10
73.07050000000001
 20
21.59999999999999
 30
0.0
 40
0.5
  1
SET-SCREW4-3
100
AcDbAttributeDefinition
  3

  2
PN
 70
     8
280
     0
  0
ATTDEF
  5
FD
330
F2
100
AcDbEntity
  8
attrib
100
AcDbText
 10
73.07050000000001
 20
21.09999999999999
 30
0.0
 40
0.5
  1
4.0
100
AcDbAttributeDefinition
  3

  2
M
 70
     8
280
     0
  0
ATTDEF
  5
FE
330
F2
100
AcDbEntity
  8
attrib
100
AcDbText
 10
73.07050000000001
 20
20.59999999999999
 30
0.0
 40
0.5
  1
0.70
100
AcDbAttributeDefinition
  3

  2
P
 70
     8
280
     0
  0
ATTDEF
  5
FF
330
F2
100
AcDbEntity
  8
attrib
100
AcDbText
 10
73.07050000000001
 20
20.09999999999999
 30
0.0
 40
0.5
  1
3
100
AcDbAttributeDefinition
  3

  2
L
 70
     8
280
     0
  0
ATTDEF
  5
100
330
F2
100
AcDbEntity
  8
attrib
100
AcDbText
 10
73.07050000000001
 20
19.59999999999999
 30
0.0
 40
0.5
  1
2.0
100
AcDbAttributeDefinition
  3

  2
B
 70
     8
280
     0
  0
ATTDEF
  5
101
330
F2
100
AcDbEntity
  8
attrib
100
AcDbText
 10
73.07050000000001
 20
19.09999999999999
 30
0.0
 40
0.5
  1
1.5
100
AcDbAttributeDefinition
  3

  2
C
 70
     8
280
     0
  0
ATTDEF
  5
102
330
F2
100
AcDbEntity
  8
attrib
100
AcDbText
 10
73.07050000000001
 20
18.59999999999999
 30
0.0
 40
0.5
  1
2.5
100
AcDbAttributeDefinition
  3

  2
DD
 70
     8
280
     0
  0
ATTDEF
  5
103
330
F2
100
AcDbEntity
  8
attrib
100
AcDbText
 10
73.07050000000001
 20
18.09999999999999
 30
0.0
 40
0.5
  1
misumi
100
AcDbAttributeDefinition
  3

  2
COMPANY
 70
     8
280
     0
  0
ATTDEF
  5
104
330
F2
100
AcDbEntity
  8
attrib
100
AcDbText
 10
73.07050000000001
 20
17.59999999999999
 30
0.0
 40
0.5
  1
1
100
AcDbAttributeDefinition
  3

  2
ExcludeFromBOM
 70
     8
280
     0
  0
ATTDEF
  5
105
330
F2
100
AcDbEntity
  8
attrib
100
AcDbText
 10
73.07050000000001
 20
17.09999999999999
 30
0.0
 40
0.5
  1
{$CADENAS_DATA/23d-libs/misumi/metric/accessories/set_screw.prj},169 {VTYP=3D},{NB=SET-SCREW4-3},{LINA=SET-SCREW4-3},{NN=SET-SCREW},{DATE=29.11.2024 04:47:07},{GEOMDATE=11.12.2013 00:00:00},{VERSION=},{LINEID=90},{WBVAR=L},{WBNUMERIC=L}  {NB=SET-SCR
100
AcDbAttributeDefinition
  3

  2
PSOL_0
 70
     9
280
     0
  0
ATTDEF
  5
106
330
F2
100
AcDbEntity
  8
attrib
100
AcDbText
 10
73.07050000000001
 20
16.59999999999999
 30
0.0
 40
0.5
  1
,{LINA=SET-SCREW4-3},{KT=DUMMY},{PN=SET-SCREW4-3},{TYPE=SET-SCREW},{M=4.0},{P=0.70},{L=3},{LMIN=2.1},{LALG=[2.1:42/0.1]},{B=2.0},{C=1.5},{DD=2.5}
100
AcDbAttributeDefinition
  3

  2
PSOL_1
 70
     9
280
     0
  0
LINE
  5
107
330
F2
100
AcDbEntity
  8
hidden
100
AcDbLine
 10
67.07735026918962
 20
23.5
 30
0.0
 11
67.65470053837925
 21
22.5
 31
0.0
  0
LINE
  5
108
330
F2
100
AcDbEntity
  8
hidden
100
AcDbLine
 10
65.92264973081038
 20
23.5
 30
0.0
 11
67.07735026918962
 21
23.5
 31
0.0
  0
LINE
  5
109
330
F2
100
AcDbEntity
  8
hidden
100
AcDbLine
 10
67.07735026918962
 20
21.5
 30
0.0
 11
65.92264973081038
 21
21.5
 31
0.0
  0
LINE
  5
10A
330
F2
100
AcDbEntity
  8
hidden
100
AcDbLine
 10
65.34529946162075
 20
22.5
 30
0.0
 11
65.92264973081038
 21
23.5
 31
0.0
  0
LINE
  5
10B
330
F2
100
AcDbEntity
  8
hidden
100
AcDbLine
 10
65.92264973081038
 20
21.5
 30
0.0
 11
65.34529946162075
 21
22.5
 31
0.0
  0
LINE
  5
10C
330
F2
100
AcDbEntity
  8
hidden
100
AcDbLine
 10
67.65470053837925
 20
22.5
 30
0.0
 11
67.07735026918962
 21
21.5
 31
0.0
  0
CIRCLE
  5
10D
330
F2
100
AcDbEntity
  8
hidden
100
AcDbCircle
 10
66.5
 20
22.5
 30
0.0
 40
1.249999999999998
  0
ARC
  5
10F
330
F2
100
AcDbEntity
  8
AM_5
  6
Dashed
100
AcDbCircle
 10
66.50000000000001
 20
22.5
 30
0.0
 40
1.570499999999999
100
AcDbArc
 50
75.00000000000067
 51
15.00000000000025
  0
CIRCLE
  5
110
330
F2
100
AcDbEntity
  8
hidden
100
AcDbCircle
 10
66.5
 20
22.5
 30
0.0
 40
0.9999999999999962
  0
LINE
  5
113
330
F2
100
AcDbEntity
  8
center
100
AcDbLine
 10
66.5
 20
20.4
 30
0.0
 11
66.5
 21
24.59999999999999
 31
0.0
  0
ENDBLK
  5
F5
330
F2
100
AcDbEntity
  8
0
100
AcDbBlockEnd
  0
BLOCK
  5
116
330
114
100
AcDbEntity
  8
0
100
AcDbBlockBegin
  2
3_MTP24XL037_A_C10_b_0_in_MTP24XL037_A_C10_900
 70
     2
 10
0.0
 20
0.0
 30
0.0
  3
3_MTP24XL037_A_C10_b_0_in_MTP24XL037_A_C10_900
  1

  0
ATTDEF
  5
118
330
114
100
AcDbEntity
  8
attrib
100
AcDbText
 10
80.3
 20
45.00000000000001
 30
0.0
 40
0.5
  1
MTP24XL037-A-C10_b
100
AcDbAttributeDefinition
  3

  2
NB
 70
     8
280
     0
  0
ATTDEF
  5
119
330
114
100
AcDbEntity
  8
attrib
100
AcDbText
 10
80.3
 20
44.50000000000001
 30
0.0
 40
0.5
  1
ATP__XL025, ATP__XL031, ATP__ XL037, ATP__XL050, BTP__XL025, BTP__XL031, BTP__XL037, BTP__XL050, KTP__XL025, KTP__XL031, KTP__ XL037, KTP__XL050, NTP__XL025, NTP__XL031, NTP__ XL037, NTP__XL050, MTP__XL025, MTP__ XL037, MTP__XL050, MTPB__XL025, MTPB
100
AcDbAttributeDefinition
  3

  2
NN
 70
     8
280
     0
  0
ATTDEF
  5
11A
330
114
100
AcDbEntity
  8
attrib
100
AcDbText
 10
80.3
 20
44.00000000000001
 30
0.0
 40
0.5
  1
Timing Pulleys XL Type
100
AcDbAttributeDefinition
  3

  2
NT
 70
     8
280
     0
  0
ATTDEF
  5
11B
330
114
100
AcDbEntity
  8
attrib
100
AcDbText
 10
80.3
 20
43.50000000000001
 30
0.0
 40
0.5
  1
$PN._b
100
AcDbAttributeDefinition
  3

  2
NBSYN
 70
     8
280
     0
  0
ATTDEF
  5
11C
330
114
100
AcDbEntity
  8
attrib
100
AcDbText
 10
80.3
 20
43.00000000000001
 30
0.0
 40
0.5
  1
MTP24XL037-A-C10
100
AcDbAttributeDefinition
  3

  2
LINA
 70
     8
280
     0
  0
ATTDEF
  5
11D
330
114
100
AcDbEntity
  8
attrib
100
AcDbText
 10
80.3
 20
42.50000000000001
 30
0.0
 40
0.5
  1
Misumi
100
AcDbAttributeDefinition
  3

  2
CATALOG
 70
     8
280
     0
  0
ATTDEF
  5
11E
330
114
100
AcDbEntity
  8
attrib
100
AcDbText
 10
80.3
 20
42.00000000000001
 30
0.0
 40
0.5
  1
MTP24XL037-A-C10
100
AcDbAttributeDefinition
  3

  2
PN
 70
     8
280
     0
  0
ATTDEF
  5
11F
330
114
100
AcDbEntity
  8
attrib
100
AcDbText
 10
80.3
 20
41.50000000000001
 30
0.0
 40
0.5
  1
1045 Carbon Steel Equivalent
100
AcDbAttributeDefinition
  3

  2
MATP
 70
     8
280
     0
  0
ATTDEF
  5
120
330
114
100
AcDbEntity
  8
attrib
100
AcDbText
 10
80.3
 20
41.00000000000001
 30
0.0
 40
0.5
  1
-
100
AcDbAttributeDefinition
  3

  2
ST
 70
     8
280
     0
  0
ATTDEF
  5
121
330
114
100
AcDbEntity
  8
attrib
100
AcDbText
 10
80.3
 20
40.50000000000001
 30
0.0
 40
0.5
  1
24
100
AcDbAttributeDefinition
  3

  2
NT
 70
     8
280
     0
  0
ATTDEF
  5
122
330
114
100
AcDbEntity
  8
attrib
100
AcDbText
 10
80.3
 20
40.00000000000001
 30
0.0
 40
0.5
  1
XL037
100
AcDbAttributeDefinition
  3

  2
TNW
 70
     8
280
     0
  0
ATTDEF
  5
123
330
114
100
AcDbEntity
  8
attrib
100
AcDbText
 10
80.3
 20
39.50000000000001
 30
0.0
 40
0.5
  1
9.5mm (3/8inch)
100
AcDbAttributeDefinition
  3

  2
BW
 70
     8
280
     0
  0
ATTDEF
  5
124
330
114
100
AcDbEntity
  8
attrib
100
AcDbText
 10
80.3
 20
39.00000000000001
 30
0.0
 40
0.5
  1
A
100
AcDbAttributeDefinition
  3

  2
PS
 70
     8
280
     0
  0
ATTDEF
  5
125
330
114
100
AcDbEntity
  8
attrib
100
AcDbText
 10
80.3
 20
38.50000000000001
 30
0.0
 40
0.5
  1
Old JIS Keywayed Bore + Tap
100
AcDbAttributeDefinition
  3

  2
SBS
 70
     8
280
     0
  0
ATTDEF
  5
126
330
114
100
AcDbEntity
  8
attrib
100
AcDbText
 10
80.3
 20
38.00000000000001
 30
0.0
 40
0.5
  1
10.00
100
AcDbAttributeDefinition
  3

  2
DD
 70
     8
280
     0
  0
ATTDEF
  5
127
330
114
100
AcDbEntity
  8
attrib
100
AcDbText
 10
80.3
 20
37.50000000000001
 30
0.0
 40
0.5
  1
0
100
AcDbAttributeDefinition
  3

  2
Z
 70
     8
280
     0
  0
ATTDEF
  5
128
330
114
100
AcDbEntity
  8
attrib
100
AcDbText
 10
80.3
 20
37.00000000000001
 30
0.0
 40
0.5
  1
0.0
100
AcDbAttributeDefinition
  3

  2
J
 70
     8
280
     0
  0
ATTDEF
  5
129
330
114
100
AcDbEntity
  8
attrib
100
AcDbText
 10
80.3
 20
36.50000000000001
 30
0.0
 40
0.5
  1
0
100
AcDbAttributeDefinition
  3

  2
Q
 70
     8
280
     0
  0
ATTDEF
  5
12A
330
114
100
AcDbEntity
  8
attrib
100
AcDbText
 10
80.3
 20
36.00000000000001
 30
0.0
 40
0.5
  1
0
100
AcDbAttributeDefinition
  3

  2
R
 70
     8
280
     0
  0
ATTDEF
  5
12B
330
114
100
AcDbEntity
  8
attrib
100
AcDbText
 10
80.3
 20
35.50000000000001
 30
0.0
 40
0.5
  1
0.0
100
AcDbAttributeDefinition
  3

  2
S
 70
     8
280
     0
  0
ATTDEF
  5
12C
330
114
100
AcDbEntity
  8
attrib
100
AcDbText
 10
80.3
 20
35.00000000000001
 30
0.0
 40
0.5
  1
0.0
100
AcDbAttributeDefinition
  3

  2
T
 70
     8
280
     0
  0
ATTDEF
  5
12D
330
114
100
AcDbEntity
  8
attrib
100
AcDbText
 10
80.3
 20
34.50000000000001
 30
0.0
 40
0.5
  1
11.0
100
AcDbAttributeDefinition
  3

  2
A
 70
     8
280
     0
  0
ATTDEF
  5
12E
330
114
100
AcDbEntity
  8
attrib
100
AcDbText
 10
80.3
 20
34.00000000000001
 30
0.0
 40
0.5
  1
16.0
100
AcDbAttributeDefinition
  3

  2
W
 70
     8
280
     0
  0
ATTDEF
  5
12F
330
114
100
AcDbEntity
  8
attrib
100
AcDbText
 10
80.3
 20
33.50000000000001
 30
0.0
 40
0.5
  1
0
100
AcDbAttributeDefinition
  3

  2
L
 70
     8
280
     0
  0
ATTDEF
  5
130
330
114
100
AcDbEntity
  8
attrib
100
AcDbText
 10
80.3
 20
33.00000000000001
 30
0.0
 40
0.5
  1
38.81
100
AcDbAttributeDefinition
  3

  2
PD
 70
     8
280
     0
  0
ATTDEF
  5
131
330
114
100
AcDbEntity
  8
attrib
100
AcDbText
 10
80.3
 20
32.50000000000001
 30
0.0
 40
0.5
  1
38.30
100
AcDbAttributeDefinition
  3

  2
OD
 70
     8
280
     0
  0
ATTDEF
  5
132
330
114
100
AcDbEntity
  8
attrib
100
AcDbText
 10
80.3
 20
32.00000000000001
 30
0.0
 40
0.5
  1
0
100
AcDbAttributeDefinition
  3

  2
D
 70
     8
280
     0
  0
ATTDEF
  5
133
330
114
100
AcDbEntity
  8
attrib
100
AcDbText
 10
80.3
 20
31.50000000000001
 30
0.0
 40
0.5
  1
45
100
AcDbAttributeDefinition
  3

  2
F
 70
     8
280
     0
  0
ATTDEF
  5
134
330
114
100
AcDbEntity
  8
attrib
100
AcDbText
 10
80.3
 20
31.00000000000001
 30
0.0
 40
0.5
  1
30
100
AcDbAttributeDefinition
  3

  2
E
 70
     8
280
     0
  0
ATTDEF
  5
135
330
114
100
AcDbEntity
  8
attrib
100
AcDbText
 10
80.3
 20
30.50000000000001
 30
0.0
 40
0.5
  1
1.6
100
AcDbAttributeDefinition
  3

  2
TT
 70
     8
280
     0
  0
ATTDEF
  5
136
330
114
100
AcDbEntity
  8
attrib
100
AcDbText
 10
80.3
 20
30.00000000000001
 30
0.0
 40
0.5
  1
w/o KC90 (Set Screw Angle)
100
AcDbAttributeDefinition
  3

  2
ALT1
 70
     8
280
     0
  0
ATTDEF
  5
137
330
114
100
AcDbEntity
  8
attrib
100
AcDbText
 10
80.3
 20
29.50000000000001
 30
0.0
 40
0.5
  1
w/o Side Tapped Hole
100
AcDbAttributeDefinition
  3

  2
ALT2
 70
     8
280
     0
  0
ATTDEF
  5
138
330
114
100
AcDbEntity
  8
attrib
100
AcDbText
 10
80.3
 20
29.00000000000001
 30
0.0
 40
0.5
  1
N/A
100
AcDbAttributeDefinition
  3

  2
M
 70
     8
280
     0
  0
ATTDEF
  5
139
330
114
100
AcDbEntity
  8
attrib
100
AcDbText
 10
80.3
 20
28.50000000000001
 30
0.0
 40
0.5
  1
0.0
100
AcDbAttributeDefinition
  3

  2
QSC
 70
     8
280
     0
  0
ATTDEF
  5
13A
330
114
100
AcDbEntity
  8
attrib
100
AcDbText
 10
80.3
 20
28.00000000000001
 30
0.0
 40
0.5
  1
0.0
100
AcDbAttributeDefinition
  3

  2
QFC
 70
     8
280
     0
  0
ATTDEF
  5
13B
330
114
100
AcDbEntity
  8
attrib
100
AcDbText
 10
80.3
 20
27.50000000000001
 30
0.0
 40
0.5
  1
0.0
100
AcDbAttributeDefinition
  3

  2
QTC
 70
     8
280
     0
  0
ATTDEF
  5
13C
330
114
100
AcDbEntity
  8
attrib
100
AcDbText
 10
80.3
 20
27.00000000000001
 30
0.0
 40
0.5
  1
w/o Side Through Hole
100
AcDbAttributeDefinition
  3

  2
ALT3
 70
     8
280
     0
  0
ATTDEF
  5
13D
330
114
100
AcDbEntity
  8
attrib
100
AcDbText
 10
80.3
 20
26.50000000000001
 30
0.0
 40
0.5
  1
0.0
100
AcDbAttributeDefinition
  3

  2
K
 70
     8
280
     0
  0
ATTDEF
  5
13E
330
114
100
AcDbEntity
  8
attrib
100
AcDbText
 10
80.3
 20
26.00000000000001
 30
0.0
 40
0.5
  1
0.0
100
AcDbAttributeDefinition
  3

  2
KSC
 70
     8
280
     0
  0
ATTDEF
  5
13F
330
114
100
AcDbEntity
  8
attrib
100
AcDbText
 10
80.3
 20
25.50000000000001
 30
0.0
 40
0.5
  1
0.0
100
AcDbAttributeDefinition
  3

  2
KFC
 70
     8
280
     0
  0
ATTDEF
  5
140
330
114
100
AcDbEntity
  8
attrib
100
AcDbText
 10
80.3
 20
25.00000000000001
 30
0.0
 40
0.5
  1
0.0
100
AcDbAttributeDefinition
  3

  2
KTC
 70
     8
280
     0
  0
ATTDEF
  5
141
330
114
100
AcDbEntity
  8
attrib
100
AcDbText
 10
80.3
 20
24.50000000000001
 30
0.0
 40
0.5
  1
Not applicable
100
AcDbAttributeDefinition
  3

  2
ALT4
 70
     8
280
     0
  0
ATTDEF
  5
142
330
114
100
AcDbEntity
  8
attrib
100
AcDbText
 10
80.3
 20
24.00000000000001
 30
0.0
 40
0.5
  1
N/A
100
AcDbAttributeDefinition
  3

  2
ZM
 70
     8
280
     0
  0
ATTDEF
  5
143
330
114
100
AcDbEntity
  8
attrib
100
AcDbText
 10
80.3
 20
23.50000000000001
 30
0.0
 40
0.5
  1
0.0
100
AcDbAttributeDefinition
  3

  2
ZMDD1
 70
     8
280
     0
  0
ATTDEF
  5
144
330
114
100
AcDbEntity
  8
attrib
100
AcDbText
 10
80.3
 20
23.00000000000001
 30
0.0
 40
0.5
  1
0.0
100
AcDbAttributeDefinition
  3

  2
ZMDD2
 70
     8
280
     0
  0
ATTDEF
  5
145
330
114
100
AcDbEntity
  8
attrib
100
AcDbText
 10
80.3
 20
22.50000000000001
 30
0.0
 40
0.5
  1
0.0
100
AcDbAttributeDefinition
  3

  2
ZMHH
 70
     8
280
     0
  0
ATTDEF
  5
146
330
114
100
AcDbEntity
  8
attrib
100
AcDbText
 10
80.3
 20
22.00000000000001
 30
0.0
 40
0.5
  1
0.0
100
AcDbAttributeDefinition
  3

  2
ZSC
 70
     8
280
     0
  0
ATTDEF
  5
147
330
114
100
AcDbEntity
  8
attrib
100
AcDbText
 10
80.3
 20
21.50000000000001
 30
0.0
 40
0.5
  1
0.0
100
AcDbAttributeDefinition
  3

  2
ZFC
 70
     8
280
     0
  0
ATTDEF
  5
148
330
114
100
AcDbEntity
  8
attrib
100
AcDbText
 10
80.3
 20
21.00000000000001
 30
0.0
 40
0.5
  1
0.0
100
AcDbAttributeDefinition
  3

  2
ZTC
 70
     8
280
     0
  0
ATTDEF
  5
149
330
114
100
AcDbEntity
  8
attrib
100
AcDbText
 10
80.3
 20
20.50000000000001
 30
0.0
 40
0.5
  1
w/o Flange not Attached
100
AcDbAttributeDefinition
  3

  2
ALT5
 70
     8
280
     0
  0
ATTDEF
  5
14A
330
114
100
AcDbEntity
  8
attrib
100
AcDbText
 10
80.3
 20
20.00000000000001
 30
0.0
 40
0.5
  1
w/o Flange Attached on One Side Only
100
AcDbAttributeDefinition
  3

  2
ALT6
 70
     8
280
     0
  0
ATTDEF
  5
14B
330
114
100
AcDbEntity
  8
attrib
100
AcDbText
 10
80.3
 20
19.50000000000001
 30
0.0
 40
0.5
  1
w/o FC (Flange Cut)
100
AcDbAttributeDefinition
  3

  2
ALT7
 70
     8
280
     0
  0
ATTDEF
  5
14C
330
114
100
AcDbEntity
  8
attrib
100
AcDbText
 10
80.3
 20
19.00000000000001
 30
0.0
 40
0.5
  1
0.0
100
AcDbAttributeDefinition
  3

  2
FC
 70
     8
280
     0
  0
ATTDEF
  5
14D
330
114
100
AcDbEntity
  8
attrib
100
AcDbText
 10
80.3
 20
18.50000000000001
 30
0.0
 40
0.5
  1
Not applicable
100
AcDbAttributeDefinition
  3

  2
ALT8
 70
     8
280
     0
  0
ATTDEF
  5
14E
330
114
100
AcDbEntity
  8
attrib
100
AcDbText
 10
80.3
 20
18.00000000000001
 30
0.0
 40
0.5
  1
0.0
100
AcDbAttributeDefinition
  3

  2
SRG
 70
     8
280
     0
  0
ATTDEF
  5
14F
330
114
100
AcDbEntity
  8
attrib
100
AcDbText
 10
80.3
 20
17.50000000000001
 30
0.0
 40
0.5
  1
0.0
100
AcDbAttributeDefinition
  3

  2
DD2
 70
     8
280
     0
  0
ATTDEF
  5
150
330
114
100
AcDbEntity
  8
attrib
100
AcDbText
 10
80.3
 20
17.00000000000001
 30
0.0
 40
0.5
  1
0.00
100
AcDbAttributeDefinition
  3

  2
MM
 70
     8
280
     0
  0
ATTDEF
  5
151
330
114
100
AcDbEntity
  8
attrib
100
AcDbText
 10
80.3
 20
16.50000000000001
 30
0.0
 40
0.5
  1
0.00
100
AcDbAttributeDefinition
  3

  2
NN
 70
     8
280
     0
  0
ATTDEF
  5
152
330
114
100
AcDbEntity
  8
attrib
100
AcDbText
 10
80.3
 20
16.00000000000001
 30
0.0
 40
0.5
  1
Not applicable
100
AcDbAttributeDefinition
  3

  2
ALT9
 70
     8
280
     0
  0
ATTDEF
  5
153
330
114
100
AcDbEntity
  8
attrib
100
AcDbText
 10
80.3
 20
15.50000000000001
 30
0.0
 40
0.5
  1
0
100
AcDbAttributeDefinition
  3

  2
BTC
 70
     8
280
     0
  0
ATTDEF
  5
154
330
114
100
AcDbEntity
  8
attrib
100
AcDbText
 10
80.3
 20
15.00000000000001
 30
0.0
 40
0.5
  1
0.0
100
AcDbAttributeDefinition
  3

  2
TL
 70
     8
280
     0
  0
ATTDEF
  5
155
330
114
100
AcDbEntity
  8
attrib
100
AcDbText
 10
80.3
 20
14.50000000000001
 30
0.0
 40
0.5
  1
0
100
AcDbAttributeDefinition
  3

  2
BTCL
 70
     8
280
     0
  0
ATTDEF
  5
156
330
114
100
AcDbEntity
  8
attrib
100
AcDbText
 10
80.3
 20
14.00000000000001
 30
0.0
 40
0.5
  1
0
100
AcDbAttributeDefinition
  3

  2
BTCD
 70
     8
280
     0
  0
ATTDEF
  5
157
330
114
100
AcDbEntity
  8
attrib
100
AcDbText
 10
80.3
 20
13.50000000000001
 30
0.0
 40
0.5
  1
w/o TPC (Tapped Hole Dimension)
100
AcDbAttributeDefinition
  3

  2
ALT10
 70
     8
280
     0
  0
ATTDEF
  5
158
330
114
100
AcDbEntity
  8
attrib
100
AcDbText
 10
80.3
 20
13.00000000000001
 30
0.0
 40
0.5
  1
N/A
100
AcDbAttributeDefinition
  3

  2
TPC
 70
     8
280
     0
  0
ATTDEF
  5
159
330
114
100
AcDbEntity
  8
attrib
100
AcDbText
 10
80.3
 20
12.50000000000001
 30
0.0
 40
0.5
  1
Not applicable
100
AcDbAttributeDefinition
  3

  2
ALT11
 70
     8
280
     0
  0
ATTDEF
  5
15A
330
114
100
AcDbEntity
  8
attrib
100
AcDbText
 10
80.3
 20
12.00000000000001
 30
0.0
 40
0.5
  1
0.0
100
AcDbAttributeDefinition
  3

  2
BC
 70
     8
280
     0
  0
ATTDEF
  5
15B
330
114
100
AcDbEntity
  8
attrib
100
AcDbText
 10
80.3
 20
11.50000000000001
 30
0.0
 40
0.5
  1
w/o SLH (Set Screw Length)
100
AcDbAttributeDefinition
  3

  2
ALT12
 70
     8
280
     0
  0
ATTDEF
  5
15C
330
114
100
AcDbEntity
  8
attrib
100
AcDbText
 10
80.3
 20
11.00000000000001
 30
0.0
 40
0.5
  1
0
100
AcDbAttributeDefinition
  3

  2
SLH
 70
     8
280
     0
  0
ATTDEF
  5
15D
330
114
100
AcDbEntity
  8
attrib
100
AcDbText
 10
80.3
 20
10.50000000000001
 30
0.0
 40
0.5
  1
Not applicable
100
AcDbAttributeDefinition
  3

  2
ALT13
 70
     8
280
     0
  0
ATTDEF
  5
15E
330
114
100
AcDbEntity
  8
attrib
100
AcDbText
 10
80.3
 20
10.00000000000001
 30
0.0
 40
0.5
  1
0.0
100
AcDbAttributeDefinition
  3

  2
BN
 70
     8
280
     0
  0
ATTDEF
  5
15F
330
114
100
AcDbEntity
  8
attrib
100
AcDbText
 10
80.3
 20
9.500000000000014
 30
0.0
 40
0.5
  1
M4x3
100
AcDbAttributeDefinition
  3

  2
AC
 70
     8
280
     0
  0
ATTDEF
  5
160
330
114
100
AcDbEntity
  8
attrib
100
AcDbText
 10
80.3
 20
9.000000000000014
 30
0.0
 40
0.5
  1
misumi
100
AcDbAttributeDefinition
  3

  2
COMPANY
 70
     8
280
     0
  0
ATTDEF
  5
161
330
114
100
AcDbEntity
  8
attrib
100
AcDbText
 10
80.3
 20
8.500000000000014
 30
0.0
 40
0.5
  1
1
100
AcDbAttributeDefinition
  3

  2
ExcludeFromBOM
 70
     8
280
     0
  0
ATTDEF
  5
162
330
114
100
AcDbEntity
  8
attrib
100
AcDbText
 10
80.3
 20
8.000000000000014
 30
0.0
 40
0.5
  1
{$CADENAS_DATA/23d-libs/misumi/metric/51_timing_pulleys/mtp_xl/mtp_xl.prj},888 {VTYP=3D},{NB=MTP24XL037-A-C10_b},{LINA=MTP24XL037-A-C10},{NN=ATP__XL025, ATP__XL031, ATP__ XL037, ATP__XL050, BTP__XL025, BTP__XL031, BTP__XL037, BTP__XL050, KTP__XL025,
100
AcDbAttributeDefinition
  3

  2
PSOL_0
 70
     9
280
     0
  0
ATTDEF
  5
163
330
114
100
AcDbEntity
  8
attrib
100
AcDbText
 10
80.3
 20
7.500000000000014
 30
0.0
 40
0.5
  1
XL031, KTP__ XL037, KTP__XL050, NTP__XL025, NTP__XL031, NTP__ XL037, NTP__XL050, MTP__XL025, MTP__ XL037, MTP__XL050, MTPB__XL025, MTPB__ XL037, MTPB__XL050, MTPP__XL025, MTPP__ XL037, MTPP__XL050, STP__XL025, STP__XL031, STP__ XL037, STP__XL050, KA
100
AcDbAttributeDefinition
  3

  2
PSOL_1
 70
     9
280
     0
  0
ATTDEF
  5
164
330
114
100
AcDbEntity
  8
attrib
100
AcDbText
 10
80.3
 20
7.000000000000014
 30
0.0
 40
0.5
  1
025, KATP__XL031, KATP__ XL037, KATP__XL050, KKTP__XL025, KKTP__XL031, KKTP__ XL037, KKTP__XL050_body},{DATE=06.01.2023 09:07:12},{GEOMDATE=06.01.2023 09:06:51},{VERSION=},{LINEID=110},{WBVAR=MATP,ST,TNW,PS,SBS,DD,Z,J,Q,R,S,T,ALT1,ALT2,M,QSC,QFC,QTC
100
AcDbAttributeDefinition
  3

  2
PSOL_2
 70
     9
280
     0
  0
ATTDEF
  5
165
330
114
100
AcDbEntity
  8
attrib
100
AcDbText
 10
80.3
 20
6.500000000000014
 30
0.0
 40
0.5
  1
K,KSC,KFC,KTC,ALT4,ZM,ZSC,ZFC,ZTC,ALT5,ALT6,ALT7,FC,ALT8,SRG,ALT9,BTC,TL,ALT10,TPC,ALT11,BC,ALT12,SLH,ALT13,BN},{WBNUMERIC=DD,Z,J,Q,R,S,T,QSC,QFC,QTC,K,KSC,KFC,KTC,ZSC,ZFC,ZTC,FC,SRG,BTC,TL,BC,SLH,BN}  {NB=MTP24XL037-A-C10_b},{LINA=MTP24XL037-A-C10}
100
AcDbAttributeDefinition
  3

  2
PSOL_3
 70
     9
280
     0
  0
ATTDEF
  5
166
330
114
100
AcDbEntity
  8
attrib
100
AcDbText
 10
80.3
 20
6.000000000000014
 30
0.0
 40
0.5
  1
UMMY},{PN=MTP24XL037-A-C10},{TYPE=MTP},{MATP=S45C},{MATPALG= 'A2017','Aluminum Alloy 2000 series','S45C','1045 Carbon Steel Equivalent','SUS304','SUS304', 'A6000', '6000 Series Aluminum Alloy' },{ST=-},{STALG= '-','-','BO','Black Oxide','ENP','Elect
100
AcDbAttributeDefinition
  3

  2
PSOL_4
 70
     9
280
     0
  0
ATTDEF
  5
167
330
114
100
AcDbEntity
  8
attrib
100
AcDbText
 10
80.3
 20
5.500000000000014
 30
0.0
 40
0.5
  1
 Nickel Plating' },{NT=24},{TNW=XL037},{TNWALG= 'XL025','XL031','XL037','XL050' },{BW=9.5mm (3/8inch)},{PS=A},{PSALG= 'A','B' },{SBS=C},{SBSALG= 'H','Round Hole','P','Round Hole + Tap','N','New JIS Keywayed Bore + Tap (Standard)','NK','New JIS Keywa
100
AcDbAttributeDefinition
  3

  2
PSOL_5
 70
     9
280
     0
  0
ATTDEF
  5
168
330
114
100
AcDbEntity
  8
attrib
100
AcDbText
 10
80.3
 20
5.000000000000014
 30
0.0
 40
0.5
  1
re + Tap (width 4.0mm, height 1.8mm)','C','Old JIS Keywayed Bore + Tap','V','Stepped Hole','Y','Both Ends Stepped Hole','WB','Double Stepped Hole' },{DD=10.00},{DDALG=[10,12,15,16,18,19,20]},{DDHA=[6:6/1],6.35,[7:12/1],12.7,[13:26/1]},{DDPA=[8:12/1]
100
AcDbAttributeDefinition
  3

  2
PSOL_6
 70
     9
280
     0
  0
ATTDEF
  5
169
330
114
100
AcDbEntity
  8
attrib
100
AcDbText
 10
80.3
 20
4.500000000000014
 30
0.0
 40
0.5
  1
[13:22/1]},{DDNA=[8:8/1],[10:22/1]},{DDNK=[10:10/1]},{DDCA=[10,12,15,16,18,19,20]},{DDVA=[8:12/1],12.7,[13:21/1]},{DDY=[8:21/1]},{DDWB=[8:19/1]},{DDHB=},{DDPB=},{DDNB=},{DDCB=},{DDVFB=},{Z=0},{ZALG=[0]},{ZMIN=12.000},{ZAMAX=23.000},{ZBMAX=0.000},{DD
100
AcDbAttributeDefinition
  3

  2
PSOL_7
 70
     9
280
     0
  0
ATTDEF
  5
16A
330
114
100
AcDbEntity
  8
attrib
100
AcDbText
 10
80.3
 20
4.000000000000014
 30
0.0
 40
0.5
  1
00},{J=0.0},{JALG=[0]},{JMIN=2.000},{JMAX=14.0},{JPN=},{Q=0},{QALG=[0]},{QRMIN=12.000},{QRMAX=23},{WBQMIN=14.000},{R=0},{RALG=[0]},{WBRMAX=-2.000},{S=0.0},{SALG=[0]},{SMAX=8},{T=0.0},{TALG=[0]},{TMAX=8},{SBSPN=-C10},{A=11.0},{W=16.0},{L=0},{PD=38.81
100
AcDbAttributeDefinition
  3

  2
PSOL_8
 70
     9
280
     0
  0
ATTDEF
  5
16B
330
114
100
AcDbEntity
  8
attrib
100
AcDbText
 10
80.3
 20
3.500000000000014
 30
0.0
 40
0.5
  1
38.30},{D=0},{DALG=26.000},{DE=30},{F=45},{E=30},{TT=1.6},{BBK=4.000},{TTK=1.5},{ALT1=},{ANG=120.000},{ALT1ALG= '','w/o KC90 (Set Screw Angle)','KC90','with KC90 (Set Screw Angle)' },{ALT1PN=},{ALT2=},{ALT2ALG= '','w/o Side Tapped Hole','QTC','with 
100
AcDbAttributeDefinition
  3

  2
PSOL_9
 70
     9
280
     0
  0
ATTDEF
  5
16C
330
114
100
AcDbEntity
  8
attrib
100
AcDbText
 10
80.3
 20
3.000000000000014
 30
0.0
 40
0.5
  1
 Places Side Tapped Hole)' },{M=N/A},{MALG= 'N/A' },{MFTALG= 'N/A' },{MSALG= 'N/A' },{M3D=0.000},{KDML=0.000},{ML=0.000},{MUL=0.000},{PITCH=0.000},{QSC=0.0},{QSCALG=0},{QFC=0.0},{QFCALG=0},{QTC=0.0},{QTCALG=0},{QPCDMIN=0.000},{QPCDMINALG=0.000},{QPC
100
AcDbAttributeDefinition
  3

  2
PSOL_10
 70
     9
280
     0
  0
ATTDEF
  5
16D
330
114
100
AcDbEntity
  8
attrib
100
AcDbText
 10
80.3
 20
2.500000000000014
 30
0.0
 40
0.5
  1
6.000},{ALT2PN=},{TAP=0.000},{ALT3=},{ALT3ALG= '','w/o Side Through Hole','KTC','with KTC (3 Places Side Through Hole)' },{K=0.0},{KALG=0},{KMIN=4.000},{KFTMAX=6.000},{KSMAX=6.000},{KSC=0.0},{KSCALG=0},{KFC=0.0},{KFCALG=0},{KTC=0.0},{KTCALG=0},{KSCM
100
AcDbAttributeDefinition
  3

  2
PSOL_11
 70
     9
280
     0
  0
ATTDEF
  5
16E
330
114
100
AcDbEntity
  8
attrib
100
AcDbText
 10
80.3
 20
2.000000000000014
 30
0.0
 40
0.5
  1
000},{KPCDMIN=14.000},{KPCDMAX=26.000},{ALT3PN=},{ALT4=},{ALT4ALG= '','Not applicable' },{ALT4MIN=20.500},{ALT4MAX=19.500},{ZM=N/A},{ZMALG= 'N/A' },{ZMFTALG= 'N/A' },{ZMSALG= 'N/A' },{ZMDD1=0.0},{ZMDD2=0.0},{ZMHH=0.0},{ZSC=0.0},{ZSCALG=[0]},{ZFC=0.0
100
AcDbAttributeDefinition
  3

  2
PSOL_12
 70
     9
280
     0
  0
ATTDEF
  5
16F
330
114
100
AcDbEntity
  8
attrib
100
AcDbText
 10
80.3
 20
1.500000000000014
 30
0.0
 40
0.5
  1
ALG=[0]},{ZTC=0.0},{ZTCALG=[0]},{ZPCDMIN=0.000},{ZPCDMINALG=0.000},{ZPCDMAX=26.000},{ALT4PN=},{ALT5=},{ALT5ALG= '','w/o Flange not Attached','NFC','with NFC (Flange not Attached)' },{ALT5PN=},{ALT6=},{ALT6ALG= '','w/o Flange Attached on One Side Onl
100
AcDbAttributeDefinition
  3

  2
PSOL_13
 70
     9
280
     0
  0
ATTDEF
  5
170
330
114
100
AcDbEntity
  8
attrib
100
AcDbText
 10
80.3
 20
1.000000000000014
 30
0.0
 40
0.5
  1
C','with RFC (Flange Attached on The Boss Side Only)','LFC','with LFC (Flange Attached on The Opposite Side Only)' },{ALT6PN=},{ALT7=},{ALT7ALG= '','w/o FC (Flange Cut)','FC','with FC (Flange Cut)' },{FC=0.0},{FCALG=0},{FCMIN=39.5},{FCMAX=43.0},{ALT
100
AcDbAttributeDefinition
  3

  2
PSOL_14
 70
     9
280
     0
  0
ATTDEF
  5
171
330
114
100
AcDbEntity
  8
attrib
100
AcDbText
 10
80.3
 20
0.5000000000000142
 30
0.0
 40
0.5
  1
{ALT8=},{ALT8ALG= '','Not applicable' },{ALT8ALGALG=26.000},{ALT8DD2=0.000},{ALT8MM=0.000},{ALT8NN=0.000},{QC=0.000},{KC=0.000},{ZC=0.000},{SRG=0.0},{SRGALG=[0]},{SRGMAX=0.000},{DD2=0.0},{MM=0.00},{NN=0.00},{ALT8PN=},{ALT9=},{ALT9ALG= '','Not applic
100
AcDbAttributeDefinition
  3

  2
PSOL_15
 70
     9
280
     0
  0
ATTDEF
  5
172
330
114
100
AcDbEntity
  8
attrib
100
AcDbText
 10
80.3
 20
0.0000000000000142
 30
0.0
 40
0.5
  1
},{BTC9=11.000},{TL9=1.000},{BTC=0},{BTCALG=[0]},{TL=0.0},{TLALG=0},{TLMIN=1.000},{TLMAX=-16.500},{BTCL=0},{BTCD=0},{ALT9PN=},{WLBCTL=16.000},{ALT10=},{ALT10ALG= '','w/o TPC (Tapped Hole Dimension)','TPC','with TPC (Tapped Hole Dimension)' },{TPC=N/
100
AcDbAttributeDefinition
  3

  2
PSOL_16
 70
     9
280
     0
  0
ATTDEF
  5
173
330
114
100
AcDbEntity
  8
attrib
100
AcDbText
 10
80.3
 20
-0.4999999999999858
 30
0.0
 40
0.5
  1
CALG= 'N/A' },{TPCM=4.000},{ALT10PN=},{ALT11=},{ALT11ALG= '','Not applicable' },{BC=0.0},{BCALG=0},{BCMIN=7},{BCMAX=-16.5},{M1WBC=8},{ALT11PN=},{KTT=12.65},{ALT12=},{ALT12ALG= '','w/o SLH (Set Screw Length)','SLH','with SLH (Set Screw Length)' },{SL
100
AcDbAttributeDefinition
  3

  2
PSOL_17
 70
     9
280
     0
  0
ATTDEF
  5
174
330
114
100
AcDbEntity
  8
attrib
100
AcDbText
 10
80.3
 20
-0.9999999999999858
 30
0.0
 40
0.5
  1
0]},{SLH=0},{ALT12PN=},{ALT13=},{ALT13ALG= '', 'Not applicable' },{BN=0.0},{BNALG=0},{BNMIN=-15.5},{BNMAX=-6},{ALT13PN=},{AC=M4x3},{M1=4.000},{M1L=3.000},{KEYA=1.000},{KEYB=0.000},{KEYM=1.000}
100
AcDbAttributeDefinition
  3

  2
PSOL_18
 70
     9
280
     0
  0
LINE
  5
175
330
114
100
AcDbEntity
  8
hidden
100
AcDbLine
 10
65.59269421198225
 20
6.72118012948194
 30
0.0
 11
67.40348314089506
 21
6.72118012948194
 31
0.0
  0
LINE
  5
176
330
114
100
AcDbEntity
  8
hidden
100
AcDbLine
 10
67.6955302018713
 20
5.736806313527232
 30
0.0
 11
65.3044697981287
 21
5.736806313527232
 31
0.0
  0
LINE
  5
177
330
114
100
AcDbEntity
  8
hidden
100
AcDbLine
 10
67.90771198972311
 20
6.422650150905877
 30
0.0
 11
65.09228801027689
 21
6.422650150905877
 31
0.0
  0
CIRCLE
  5
178
330
114
100
AcDbEntity
  8
hidden
100
AcDbCircle
 10
66.5
 20
22.5
 30
0.0
 40
1.620999999999997
  0
LINE
  5
179
330
114
100
AcDbEntity
  8
hidden
100
AcDbLine
 10
72.0
 20
40.25
 30
0.0
 11
61.0
 21
40.25
 31
0.0
  0
LINE
  5
17A
330
114
100
AcDbEntity
  8
hidden
100
AcDbLine
 10
61.0
 20
4.749999999999996
 30
0.0
 11
72.0
 21
4.749999999999996
 31
0.0
  0
LINE
  5
17B
330
114
100
AcDbEntity
  8
hidden
100
AcDbLine
 10
72.0
 20
40.6004886248359
 30
0.0
 11
61.0
 21
40.6004886248359
 31
0.0
  0
LINE
  5
17C
330
114
100
AcDbEntity
  8
hidden
100
AcDbLine
 10
72.0
 20
40.24834271894527
 30
0.0
 11
61.0
 21
40.24834271894527
 31
0.0
  0
LINE
  5
17D
330
114
100
AcDbEntity
  8
hidden
100
AcDbLine
 10
72.0
 20
4.399511375164099
 30
0.0
 11
61.0
 21
4.399511375164099
 31
0.0
  0
LINE
  5
17E
330
114
100
AcDbEntity
  8
hidden
100
AcDbLine
 10
72.0
 20
4.751657283451067
 30
0.0
 11
61.0
 21
4.751657283451067
 31
0.0
  0
LINE
  5
17F
330
114
100
AcDbEntity
  8
hidden
100
AcDbLine
 10
72.0
 20
3.77555140860532
 30
0.0
 11
61.0
 21
3.77555140860532
 31
0.0
  0
LINE
  5
180
330
114
100
AcDbEntity
  8
hidden
100
AcDbLine
 10
72.0
 20
41.22444859139468
 30
0.0
 11
61.0
 21
41.22444859139468
 31
0.0
  0
LINE
  5
181
330
114
100
AcDbEntity
  8
hidden
100
AcDbLine
 10
72.0
 20
4.808248965018478
 30
0.0
 11
61.0
 21
4.808248965018478
 31
0.0
  0
LINE
  5
182
330
114
100
AcDbEntity
  8
hidden
100
AcDbLine
 10
72.0
 20
40.19175103498153
 30
0.0
 11
61.0
 21
40.19175103498153
 31
0.0
  0
LINE
  5
183
330
114
100
AcDbEntity
  8
hidden
100
AcDbLine
 10
72.0
 20
39.7063593328506
 30
0.0
 11
61.0
 21
39.7063593328506
 31
0.0
  0
LINE
  5
184
330
114
100
AcDbEntity
  8
hidden
100
AcDbLine
 10
72.0
 20
5.293640629903145
 30
0.0
 11
61.0
 21
5.293640629903145
 31
0.0
  0
LINE
  5
185
330
114
100
AcDbEntity
  8
hidden
100
AcDbLine
 10
58.5
 20
24.5
 30
0.0
 11
74.5
 21
24.5
 31
0.0
  0
LINE
  5
186
330
114
100
AcDbEntity
  8
hidden
100
AcDbLine
 10
74.5
 20
20.5
 30
0.0
 11
58.5
 21
20.5
 31
0.0
  0
LINE
  5
187
330
114
100
AcDbEntity
  8
hidden
100
AcDbLine
 10
58.5
 20
17.5
 30
0.0
 11
74.5
 21
17.5
 31
0.0
  0
LINE
  5
188
330
114
100
AcDbEntity
  8
hidden
100
AcDbLine
 10
74.5
 20
27.5
 30
0.0
 11
58.5
 21
27.5
 31
0.0
  0
LINE
  5
189
330
114
100
AcDbEntity
  8
hidden
100
AcDbLine
 10
72.0
 20
39.77570782737947
 30
0.0
 11
61.0
 21
39.77570782737947
 31
0.0
  0
LINE
  5
18A
330
114
100
AcDbEntity
  8
hidden
100
AcDbLine
 10
72.0
 20
39.58080592482936
 30
0.0
 11
61.0
 21
39.58080592482936
 31
0.0
  0
LINE
  5
18B
330
114
100
AcDbEntity
  8
hidden
100
AcDbLine
 10
61.0
 20
39.55780826928829
 30
0.0
 11
72.0
 21
39.55780826928829
 31
0.0
  0
LINE
  5
18C
330
114
100
AcDbEntity
  8
hidden
100
AcDbLine
 10
72.0
 20
5.22429217262053
 30
0.0
 11
61.0
 21
5.22429217262053
 31
0.0
  0
LINE
  5
18D
330
114
100
AcDbEntity
  8
hidden
100
AcDbLine
 10
72.0
 20
5.419194122869108
 30
0.0
 11
61.0
 21
5.419194122869108
 31
0.0
  0
LINE
  5
18E
330
114
100
AcDbEntity
  8
hidden
100
AcDbLine
 10
72.0
 20
5.442191730711738
 30
0.0
 11
61.0
 21
5.442191730711738
 31
0.0
  0
LINE
  5
18F
330
114
100
AcDbEntity
  8
hidden
100
AcDbLine
 10
72.0
 20
40.30310158030518
 30
0.0
 11
61.0
 21
40.30310158030518
 31
0.0
  0
LINE
  5
190
330
114
100
AcDbEntity
  8
hidden
100
AcDbLine
 10
72.0
 20
4.696898419694822
 30
0.0
 11
61.0
 21
4.696898419694822
 31
0.0
  0
LINE
  5
191
330
114
100
AcDbEntity
  8
hidden
100
AcDbLine
 10
72.0
 20
37.99179099561049
 30
0.0
 11
61.0
 21
37.99179099561049
 31
0.0
  0
LINE
  5
192
330
114
100
AcDbEntity
  8
hidden
100
AcDbLine
 10
72.0
 20
7.008209094944405
 30
0.0
 11
61.0
 21
7.008209094944405
 31
0.0
  0
LINE
  5
193
330
114
100
AcDbEntity
  8
hidden
100
AcDbLine
 10
72.0
 20
37.77361609094418
 30
0.0
 11
61.0
 21
37.77361609094418
 31
0.0
  0
LINE
  5
194
330
114
100
AcDbEntity
  8
hidden
100
AcDbLine
 10
72.0
 20
37.74924043430276
 30
0.0
 11
61.0
 21
37.74924043430276
 31
0.0
  0
LINE
  5
195
330
114
100
AcDbEntity
  8
hidden
100
AcDbLine
 10
61.0
 20
37.66329883796048
 30
0.0
 11
72.0
 21
37.66329883796048
 31
0.0
  0
LINE
  5
196
330
114
100
AcDbEntity
  8
hidden
100
AcDbLine
 10
72.0
 20
7.226383909055825
 30
0.0
 11
61.0
 21
7.226383909055825
 31
0.0
  0
LINE
  5
197
330
114
100
AcDbEntity
  8
hidden
100
AcDbLine
 10
72.0
 20
7.250759655447267
 30
0.0
 11
61.0
 21
7.250759655447267
 31
0.0
  0
LINE
  5
198
330
114
100
AcDbEntity
  8
hidden
100
AcDbLine
 10
72.0
 20
7.336701162039539
 30
0.0
 11
61.0
 21
7.336701162039539
 31
0.0
  0
LWPOLYLINE
  5
199
330
114
100
AcDbEntity
  8
hidden
100
AcDbPolyline
 90
        5
 70
     0
 43
0.0
 10
64.97729568766773
 20
7.336701162029774
 10
65.00127946232541
 20
7.332208208054375
 10
65.03540644270088
 20
7.31102664022182
 10
65.06868255876185
 20
7.271515840324703
 10
65.0922880102769
 20
7.226383909055825
  0
LWPOLYLINE
  5
19A
330
114
100
AcDbEntity
  8
hidden
100
AcDbPolyline
 90
        5
 70
     0
 43
0.0
 10
68.02267871367224
 20
7.336701156198327
 10
68.03764897031158
 20
7.334786435485926
 10
68.06761444836087
 20
7.316927664187634
 10
68.09262573326045
 20
7.278661833943469
 10
68.10275081783644
 20
7.250759655447267
  0
LINE
  5
19B
330
114
100
AcDbEntity
  8
hidden
100
AcDbLine
 10
72.0
 20
6.831497382465681
 30
0.0
 11
61.0
 21
6.831497382465681
 31
0.0
  0
LWPOLYLINE
  5
19C
330
114
100
AcDbEntity
  8
hidden
100
AcDbPolyline
 90
        5
 70
     0
 43
0.0
 10
65.59228519469637
 20
6.721180379315916
 10
65.50062377218707
 20
6.726384842309121
 10
65.42796407102736
 20
6.742140996715628
 10
65.36565144609469
 20
6.771250120070402
 10
65.30446979812871
 20
6.831497382465681
  0
LINE
  5
19D
330
114
100
AcDbEntity
  8
hidden
100
AcDbLine
 10
72.0
 20
38.16850261753433
 30
0.0
 11
61.0
 21
38.16850261753433
 31
0.0
  0
LWPOLYLINE
  5
19E
330
114
100
AcDbEntity
  8
hidden
100
AcDbPolyline
 90
       12
 70
     0
 43
0.0
 10
66.38640681534304
 20
19.21107577883025
 10
66.23983064481207
 20
19.19755003751359
 10
65.97966128962413
 20
19.14664538029805
 10
65.74171391982463
 20
19.06779634653295
 10
65.51833840868387
 20
18.96143621033452
 10
65.3204653601537
 20
18.83425452919699
 10
65.15018713172789
 20
18.68900432911185
 10
65.01855275992477
 20
18.53652835704493
 10
64.96681984042009
 20
18.45706495854611
 10
64.92667373988309
 20
18.37820029644001
 10
64.8840067086338
 20
18.23492948262429
 10
64.87900000042086
 20
18.16989145007793
  0
LINE
  5
19F
330
114
100
AcDbEntity
  8
hidden
100
AcDbLine
 10
66.5
 20
19.21424936679895
 30
0.0
 11
66.38640681534304
 21
19.21107577883025
 31
0.0
  0
LWPOLYLINE
  5
1A0
330
114
100
AcDbEntity
  8
hidden
100
AcDbPolyline
 90
        6
 70
     0
 43
0.0
 10
67.69553020187129
 20
6.831497382465681
 10
67.65276539776266
 20
6.784775498138847
 10
67.5987129125824
 20
6.752150829706167
 10
67.53541633783293
 20
6.732443390140118
 10
67.46412459002775
 20
6.722958984818836
 10
67.40534387883035
 20
6.721184836466197
  0
LWPOLYLINE
  5
1A1
330
114
100
AcDbEntity
  8
hidden
100
AcDbPolyline
 90
        4
 70
     0
 43
0.0
 10
65.30446979812871
 20
6.831497382465681
 10
65.21361053829472
 20
6.978567307949197
 10
65.13254147900749
 20
7.135825107541912
 10
65.0922880102769
 20
7.226383909055823
  0
LWPOLYLINE
  5
1A2
330
114
100
AcDbEntity
  8
hidden
100
AcDbPolyline
 90
        5
 70
     0
 43
0.0
 10
64.89724918216356
 20
7.250759655447267
 10
64.91570396561673
 20
7.294974762419224
 10
64.9406221052673
 20
7.324086105555756
 10
64.96918860254235
 20
7.336149972748929
 10
64.97729568766773
 20
7.336701162029774
  0
LWPOLYLINE
  5
1A3
330
114
100
AcDbEntity
  8
hidden
100
AcDbPolyline
 90
        3
 70
     0
 43
0.0
 10
64.89724918216356
 20
7.250759655447267
 10
64.87900239085947
 20
7.129441317246116
 10
64.87900000007406
 20
7.128056830196108
  0
LWPOLYLINE
  5
1A4
330
114
100
AcDbEntity
  8
hidden
100
AcDbPolyline
 90
        6
 70
     0
 43
0.0
 10
64.99881635418245
 20
6.7214418447669
 10
64.99598877367335
 20
6.729306875206333
 10
64.96235102968839
 20
6.821681529935708
 10
64.93238555163911
 20
6.904343198544273
 10
64.90737426673955
 20
6.97669449505293
 10
64.89724915562725
 20
7.008209094944403
  0
LWPOLYLINE
  5
1A5
330
114
100
AcDbEntity
  8
hidden
100
AcDbPolyline
 90
        5
 70
     0
 43
0.0
 10
68.10275084437275
 20
7.008209094944403
 10
68.08429607299287
 20
6.951977680675782
 10
68.05937794465378
 20
6.881388173654068
 10
68.03081145614817
 20
6.802992121507476
 10
68.00116647520939
 20
6.721394006492559
  0
LWPOLYLINE
  5
1A6
330
114
100
AcDbEntity
  8
hidden
100
AcDbPolyline
 90
        3
 70
     0
 43
0.0
 10
68.10275084437275
 20
7.008209094944405
 10
68.12099760944514
 20
7.12665731524331
 10
68.12099999992596
 20
7.128041335944616
  0
LWPOLYLINE
  5
1A7
330
114
100
AcDbEntity
  8
hidden
100
AcDbPolyline
 90
        5
 70
     0
 43
0.0
 10
67.9077119897231
 20
7.226383909055825
 10
67.93626872179645
 20
7.278849135761801
 10
67.96999979852028
 20
7.315561292180154
 10
68.00401122632664
 20
7.333948282226586
 10
68.02267871367224
 20
7.336701156198327
  0
LWPOLYLINE
  5
1A8
330
114
100
AcDbEntity
  8
hidden
100
AcDbPolyline
 90
        4
 70
     0
 43
0.0
 10
67.9077119897231
 20
7.226383909055825
 10
67.8323052079394
 20
7.064020021538582
 10
67.74675877905541
 20
6.911193661382367
 10
67.69553020187129
 20
6.831497382465681
  0
LINE
  5
1A9
330
114
100
AcDbEntity
  8
hidden
100
AcDbLine
 10
68.121
 20
7.12806546550323
 30
0.0
 11
68.121
 21
18.17132125730502
 31
0.0
  0
LINE
  5
1AA
330
114
100
AcDbEntity
  8
hidden
100
AcDbLine
 10
64.879
 20
18.17150219878776
 30
0.0
 11
64.879
 21
7.128065466535375
 31
0.0
  0
LWPOLYLINE
  5
1AB
330
114
100
AcDbEntity
  8
hidden
100
AcDbPolyline
 90
        3
 70
     0
 43
0.0
 10
68.11631892283295
 20
18.10963449128718
 10
68.11696854589516
 20
18.11387717195508
 10
68.12099999918271
 20
18.16984722571243
  0
LWPOLYLINE
  5
1AC
330
114
100
AcDbEntity
  8
hidden
100
AcDbPolyline
 90
        8
 70
     0
 43
0.0
 10
67.48452274477721
 20
17.67206909186709
 10
67.4856878919014
 20
17.67230915736767
 10
67.68338692220244
 20
17.72358862103861
 10
67.85165499782462
 20
17.79237651217039
 10
67.98561524004887
 20
17.88218757920093
 10
68.0729654286648
 20
17.98733524473903
 10
68.10096022506788
 20
18.04846332766353
 10
68.11631892283295
 20
18.10963449128718
  0
LWPOLYLINE
  5
1AD
330
114
100
AcDbEntity
  8
hidden
100
AcDbPolyline
 90
        3
 70
     0
 43
0.0
 10
67.06508102408564
 20
17.6149618730826
 10
67.26695586197856
 20
17.63620751222629
 10
67.48452274477721
 20
17.67206909186709
  0
LWPOLYLINE
  5
1AE
330
114
100
AcDbEntity
  8
hidden
100
AcDbPolyline
 90
        8
 70
     0
 43
0.0
 10
65.92181809240593
 20
17.61606917353497
 10
65.97430837805912
 20
17.61183208854323
 10
66.11003290411753
 20
17.60315434186455
 10
66.24900493558495
 20
17.59726102851984
 10
66.51159182188582
 20
17.59325778923406
 10
66.78189680207484
 20
17.5983307132075
 10
67.02834613674375
 20
17.61203382623017
 10
67.06508102408564
 20
17.6149618730826
  0
LWPOLYLINE
  5
1AF
330
114
100
AcDbEntity
  8
hidden
100
AcDbPolyline
 90
        3
 70
     0
 43
0.0
 10
65.5189283522722
 20
17.67136155715173
 10
65.72434893793199
 20
17.63734757407633
 10
65.92181809240593
 20
17.61606917353497
  0
LWPOLYLINE
  5
1B0
330
114
100
AcDbEntity
  8
hidden
100
AcDbPolyline
 90
        8
 70
     0
 43
0.0
 10
64.88359165888602
 20
18.11019931926916
 10
64.88574780320913
 20
18.09788767636376
 10
64.92933494260447
 20
17.98340104114008
 10
65.01488362175014
 20
17.88174623261686
 10
65.1369462683511
 20
17.79838430768137
 10
65.29765679079547
 20
17.7298758215484
 10
65.49364297770255
 20
17.67666982672362
 10
65.5189283522722
 20
17.67136155715173
  0
LINE
  5
1B1
330
114
100
AcDbEntity
  8
hidden
100
AcDbLine
 10
64.87900000042086
 20
18.16989145007793
 30
0.0
 11
64.88359165888602
 21
18.11019931926916
 31
0.0
  0
LINE
  5
1B2
330
114
100
AcDbEntity
  8
hidden
100
AcDbLine
 10
66.61153452471626
 20
19.21118984605409
 30
0.0
 11
66.5
 21
19.21424936679895
 31
0.0
  0
LWPOLYLINE
  5
1B3
330
114
100
AcDbEntity
  8
hidden
100
AcDbPolyline
 90
       12
 70
     0
 43
0.0
 10
68.12099999918271
 20
18.16984722571243
 10
68.11437915546779
 20
18.24490796190823
 10
68.06819599427708
 20
18.38966595388937
 10
67.98405145310228
 20
18.53290630532397
 10
67.85972305458405
 20
18.67909873547431
 10
67.69899237018248
 20
18.81964060767391
 10
67.50127391465753
 20
18.95037003607521
 10
67.2735007313999
 20
19.06161189723972
 10
67.14683397573884
 20
19.10878959618021
 10
67.01497270639659
 20
19.14805509248433
 10
66.7649598700004
 20
19.19692692311463
 10
66.61153452471626
 20
19.21118984605409
  0
LINE
  5
1B4
330
114
100
AcDbEntity
  8
hidden
100
AcDbLine
 10
64.87900000007406
 20
7.128056830196108
 30
0.0
 11
64.89724915562725
 21
7.008209094944398
 31
0.0
  0
LINE
  5
1B5
330
114
100
AcDbEntity
  8
hidden
100
AcDbLine
 10
68.12099999992596
 20
7.128041335944616
 30
0.0
 11
68.10275081783644
 21
7.250759655447276
 31
0.0
  0
LINE
  5
1B6
330
114
100
AcDbEntity
  8
hidden
100
AcDbLine
 10
72.0
 20
34.73065265875507
 30
0.0
 11
61.0
 21
34.73065265875507
 31
0.0
  0
LINE
  5
1B7
330
114
100
AcDbEntity
  8
hidden
100
AcDbLine
 10
72.0
 20
34.87846440873977
 30
0.0
 11
61.0
 21
34.87846440873977
 31
0.0
  0
LINE
  5
1B8
330
114
100
AcDbEntity
  8
hidden
100
AcDbLine
 10
61.0
 20
34.69386515743449
 30
0.0
 11
72.0
 21
34.69386515743449
 31
0.0
  0
LINE
  5
1B9
330
114
100
AcDbEntity
  8
hidden
100
AcDbLine
 10
72.0
 20
10.26934734124494
 30
0.0
 11
61.0
 21
10.26934734124494
 31
0.0
  0
LINE
  5
1BA
330
114
100
AcDbEntity
  8
hidden
100
AcDbLine
 10
72.0
 20
10.12153572422156
 30
0.0
 11
61.0
 21
10.12153572422156
 31
0.0
  0
LINE
  5
1BB
330
114
100
AcDbEntity
  8
hidden
100
AcDbLine
 10
72.0
 20
10.30613484256554
 30
0.0
 11
61.0
 21
10.30613484256554
 31
0.0
  0
LINE
  5
1BC
330
114
100
AcDbEntity
  8
hidden
100
AcDbLine
 10
72.0
 20
10.03387890519665
 30
0.0
 11
61.0
 21
10.03387890519665
 31
0.0
  0
LINE
  5
1BD
330
114
100
AcDbEntity
  8
hidden
100
AcDbLine
 10
72.0
 20
34.96612109480336
 30
0.0
 11
61.0
 21
34.96612109480336
 31
0.0
  0
LINE
  5
1BE
330
114
100
AcDbEntity
  8
hidden
100
AcDbLine
 10
58.55688888329324
 20
7.5
 30
0.0
 11
59.39999999999998
 21
7.5
 31
0.0
  0
LINE
  5
1BF
330
114
100
AcDbEntity
  8
hidden
100
AcDbLine
 10
59.39999999999998
 20
37.5
 30
0.0
 11
58.55688888329324
 21
37.5
 31
0.0
  0
LINE
  5
1C0
330
114
100
AcDbEntity
  8
hidden
100
AcDbLine
 10
73.60000000000002
 20
7.5
 30
0.0
 11
74.44311111670676
 21
7.5
 31
0.0
  0
LINE
  5
1C1
330
114
100
AcDbEntity
  8
hidden
100
AcDbLine
 10
74.44311111670676
 20
37.5
 30
0.0
 11
73.60000000000002
 21
37.5
 31
0.0
  0
LINE
  5
1C2
330
114
100
AcDbEntity
  8
hidden
100
AcDbLine
 10
72.0
 20
30.85419045998098
 30
0.0
 11
61.0
 21
30.85419045998098
 31
0.0
  0
LINE
  5
1C3
330
114
100
AcDbEntity
  8
hidden
100
AcDbLine
 10
61.0
 20
30.85186922581694
 30
0.0
 11
72.0
 21
30.85186922581694
 31
0.0
  0
LINE
  5
1C4
330
114
100
AcDbEntity
  8
hidden
100
AcDbLine
 10
72.0
 20
14.14580954001904
 30
0.0
 11
61.0
 21
14.14580954001904
 31
0.0
  0
LINE
  5
1C5
330
114
100
AcDbEntity
  8
hidden
100
AcDbLine
 10
72.0
 20
14.14813077418307
 30
0.0
 11
61.0
 21
14.14813077418307
 31
0.0
  0
LINE
  5
1C6
330
114
100
AcDbEntity
  8
hidden
100
AcDbLine
 10
72.0
 20
14.08580597929929
 30
0.0
 11
61.0
 21
14.08580597929929
 31
0.0
  0
LINE
  5
1C7
330
114
100
AcDbEntity
  8
hidden
100
AcDbLine
 10
72.0
 20
30.91419402070072
 30
0.0
 11
61.0
 21
30.91419402070072
 31
0.0
  0
LINE
  5
1C8
330
114
100
AcDbEntity
  8
hidden
100
AcDbLine
 10
73.6
 20
3.560643996139902
 30
0.0
 11
74.44311111670676
 21
0.4141104721641078
 31
0.0
  0
LINE
  5
1C9
330
114
100
AcDbEntity
  8
hidden
100
AcDbLine
 10
74.44311111670676
 20
44.58588952783589
 30
0.0
 11
73.6
 21
41.4393560038601
 31
0.0
  0
LINE
  5
1CA
330
114
100
AcDbEntity
  8
hidden
100
AcDbLine
 10
73.6
 20
41.4393560038601
 30
0.0
 11
73.6
 21
3.560643996139902
 31
0.0
  0
LINE
  5
1CB
330
114
100
AcDbEntity
  8
hidden
100
AcDbLine
 10
59.4
 20
41.4393560038601
 30
0.0
 11
58.55688888329324
 21
44.58588952783589
 31
0.0
  0
LINE
  5
1CC
330
114
100
AcDbEntity
  8
hidden
100
AcDbLine
 10
58.55688888329324
 20
0.4141104721641078
 30
0.0
 11
59.4
 21
3.560643996139902
 31
0.0
  0
LINE
  5
1CD
330
114
100
AcDbEntity
  8
hidden
100
AcDbLine
 10
59.4
 20
41.4393560038601
 30
0.0
 11
59.4
 21
3.560643996139902
 31
0.0
  0
ARC
  5
1CE
330
114
100
AcDbEntity
  8
AM_5
  6
Dashed
100
AcDbCircle
 10
66.49999999999999
 20
22.50000000000001
 30
0.0
 40
1.999999999999995
100
AcDbArc
 50
74.99999999999959
 51
14.99999999999968
  0
LINE
  5
1CF
330
114
100
AcDbEntity
  8
center
100
AcDbLine
 10
57.7
 20
22.5
 30
0.0
 11
75.3
 21
22.5
 31
0.0
  0
LINE
  5
1D1
330
114
100
AcDbEntity
  8
vis
100
AcDbLine
 10
61.0
 20
3.42334854826716
 30
0.0
 11
72.0
 21
3.42334854826716
 31
0.0
  0
LINE
  5
1D2
330
114
100
AcDbEntity
  8
vis
100
AcDbLine
 10
72.0
 20
41.57665145173285
 30
0.0
 11
61.0
 21
41.57665145173285
 31
0.0
  0
LINE
  5
1D4
330
114
100
AcDbEntity
  8
AM_4
100
AcDbLine
 10
72.00000000000011
 20
41.57423813996374
 30
0.0
 11
61.0
 21
41.57423813996373
 31
0.0
  0
LINE
  5
1D5
330
114
100
AcDbEntity
  8
AM_4
100
AcDbLine
 10
72.0
 20
3.42576185001705
 30
0.0
 11
61.0
 21
3.42576185001705
 31
0.0
  0
LINE
  5
1D6
330
114
100
AcDbEntity
  8
AM_4
100
AcDbLine
 10
72.0
 20
41.36474355731509
 30
0.0
 11
61.0
 21
41.36474355731509
 31
0.0
  0
LINE
  5
1D7
330
114
100
AcDbEntity
  8
AM_4
100
AcDbLine
 10
72.00000000000011
 20
3.635256485831782
 30
0.0
 11
61.0
 21
3.635256485831782
 31
0.0
  0
LINE
  5
1D8
330
114
100
AcDbEntity
  8
AM_4
100
AcDbLine
 10
72.0
 20
40.86975537459498
 30
0.0
 11
61.0
 21
40.86975537459498
 31
0.0
  0
LINE
  5
1D9
330
114
100
AcDbEntity
  8
AM_4
100
AcDbLine
 10
72.0
 20
4.130244625405005
 30
0.0
 11
61.0
 21
4.130244625405005
 31
0.0
  0
LINE
  5
1DA
330
114
100
AcDbEntity
  8
vis
100
AcDbLine
 10
72.0
 20
40.52100113839639
 30
0.0
 11
61.0
 21
40.52100113839639
 31
0.0
  0
LINE
  5
1DB
330
114
100
AcDbEntity
  8
vis
100
AcDbLine
 10
61.0
 20
4.478998861603511
 30
0.0
 11
72.0
 21
4.478998861603511
 31
0.0
  0
LINE
  5
1DC
330
114
100
AcDbEntity
  8
AM_4
100
AcDbLine
 10
72.00000000000011
 20
40.48385496666579
 30
0.0
 11
61.0
 21
40.48385496666579
 31
0.0
  0
LINE
  5
1DD
330
114
100
AcDbEntity
  8
AM_4
100
AcDbLine
 10
72.0
 20
4.516145136494128
 30
0.0
 11
61.0
 21
4.516145136494128
 31
0.0
  0
LINE
  5
1DE
330
114
100
AcDbEntity
  8
AM_4
100
AcDbLine
 10
72.0
 20
39.26319368647275
 30
0.0
 11
61.0
 21
39.26319368647275
 31
0.0
  0
LINE
  5
1DF
330
114
100
AcDbEntity
  8
AM_4
100
AcDbLine
 10
72.0
 20
39.86964790337565
 30
0.0
 11
61.0
 21
39.86964790337565
 31
0.0
  0
LINE
  5
1E0
330
114
100
AcDbEntity
  8
AM_4
100
AcDbLine
 10
65.3044697981287
 20
5.736806313527239
 30
0.0
 11
61.0
 21
5.736806313527239
 31
0.0
  0
LINE
  5
1E1
330
114
100
AcDbEntity
  8
AM_4
100
AcDbLine
 10
72.00000000000011
 20
5.130352202274924
 30
0.0
 11
61.0
 21
5.130352202274928
 31
0.0
  0
LINE
  5
1E2
330
114
100
AcDbEntity
  8
AM_4
100
AcDbLine
 10
72.0
 20
5.736806313527239
 30
0.0
 11
67.6955302018713
 21
5.736806313527239
 31
0.0
  0
LINE
  5
1E3
330
114
100
AcDbEntity
  8
AM_4
100
AcDbLine
 10
72.0
 20
38.57734984909412
 30
0.0
 11
61.0
 21
38.57734984909412
 31
0.0
  0
LINE
  5
1E4
330
114
100
AcDbEntity
  8
AM_4
100
AcDbLine
 10
65.09228801027689
 20
6.422650150905891
 30
0.0
 11
61.0
 21
6.422650150905891
 31
0.0
  0
LINE
  5
1E5
330
114
100
AcDbEntity
  8
AM_4
100
AcDbLine
 10
72.0
 20
6.422650150905891
 30
0.0
 11
67.90771198972311
 21
6.422650150905891
 31
0.0
  0
LINE
  5
1E6
330
114
100
AcDbEntity
  8
vis
100
AcDbLine
 10
61.0
 20
6.721180129481896
 30
0.0
 11
65.59269421198225
 21
6.721180129481896
 31
0.0
  0
LINE
  5
1E7
330
114
100
AcDbEntity
  8
vis
100
AcDbLine
 10
67.40348314089506
 20
6.721180129481896
 30
0.0
 11
72.0
 21
6.721180129481896
 31
0.0
  0
LWPOLYLINE
  5
1E8
330
114
100
AcDbEntity
  8
vis
100
AcDbPolyline
 90
       12
 70
     0
 43
0.0
 10
67.40534387883035
 20
6.721184836466197
 10
67.33387478469734
 20
6.723469580989503
 10
67.19116843004491
 20
6.736132360034693
 10
66.96353163288417
 20
6.76183472914305
 10
66.72447838030696
 20
6.783089164823343
 10
66.47293588018721
 20
6.789704960109281
 10
66.2220503825227
 20
6.779448227850747
 10
66.04471577928629
 20
6.762639069214153
 10
65.87287549716415
 20
6.742971119109953
 10
65.71106065411321
 20
6.726678325981325
 10
65.60104047370918
 20
6.721207378940463
 10
65.59228519469637
 20
6.721180379315916
  0
LINE
  5
1E9
330
114
100
AcDbEntity
  8
vis
100
AcDbLine
 10
72.0
 20
38.27881987051803
 30
0.0
 11
61.0
 21
38.27881987051803
 31
0.0
  0
LWPOLYLINE
  5
1EA
330
114
100
AcDbEntity
  8
vis
100
AcDbPolyline
 90
        4
 70
     0
 43
0.0
 10
65.09228801027689
 20
6.422650150905891
 10
65.06373127820353
 20
6.527335224520531
 10
65.03000020147971
 20
6.632376403332101
 10
64.99881635418245
 20
6.7214418447669
  0
LWPOLYLINE
  5
1EB
330
114
100
AcDbEntity
  8
vis
100
AcDbPolyline
 90
        4
 70
     0
 43
0.0
 10
65.09228801027689
 20
6.422650150905891
 10
65.16769479206057
 20
6.140654528953167
 10
65.25324122094456
 20
5.875223803303367
 10
65.3044697981287
 20
5.736806313527239
  0
LWPOLYLINE
  5
1EC
330
114
100
AcDbEntity
  8
vis
100
AcDbPolyline
 90
       19
 70
     0
 43
0.0
 10
65.3044697981287
 20
5.736806313527239
 10
65.34723460223734
 20
5.645167212708902
 10
65.40128708741761
 20
5.560315717064871
 10
65.4645836621671
 20
5.485262362056627
 10
65.53587540997229
 20
5.419845492100809
 10
65.66612521530273
 20
5.333529194871307
 10
65.8088315699552
 20
5.269869354530847
 10
66.03646836711599
 20
5.208687222213378
 10
66.27552161969324
 20
5.177707447980112
 10
66.52706411981302
 20
5.169050714892382
 10
66.77794961747757
 20
5.182455738781421
 10
66.95528422071396
 20
5.207142640598899
 10
67.12712450283611
 20
5.248459054759049
 10
67.28893934588703
 20
5.310621932855963
 10
67.39895952629102
 20
5.372386730461759
 10
67.49937622781309
 20
5.450105815104678
 10
67.57203592897277
 20
5.52630764896205
 10
67.63434855390541
 20
5.613280190299978
 10
67.6955302018713
 20
5.736806313527239
  0
LWPOLYLINE
  5
1ED
330
114
100
AcDbEntity
  8
vis
100
AcDbPolyline
 90
        4
 70
     0
 43
0.0
 10
67.6955302018713
 20
5.736806313527239
 10
67.78638946170531
 20
5.992239191745689
 10
67.86745852099253
 20
6.265366496598844
 10
67.90771198972311
 20
6.422650150905891
  0
LWPOLYLINE
  5
1EE
330
114
100
AcDbEntity
  8
vis
100
AcDbPolyline
 90
        5
 70
     0
 43
0.0
 10
68.00116647520939
 20
6.721394006492559
 10
67.99872060217116
 20
6.71456953753756
 10
67.96459362341012
 20
6.616327829775754
 10
67.93131750339363
 20
6.510614362734945
 10
67.90771198972311
 20
6.422650150905891
  0
LINE
  5
1EF
330
114
100
AcDbEntity
  8
AM_4
100
AcDbLine
 10
72.0
 20
6.832097900617237
 30
0.0
 11
61.0
 21
6.832097900617237
 31
0.0
  0
LINE
  5
1F0
330
114
100
AcDbEntity
  8
AM_4
100
AcDbLine
 10
72.00000000000011
 20
38.16790179711511
 30
0.0
 11
61.0
 21
38.16790179711511
 31
0.0
  0
LINE
  5
1F1
330
114
100
AcDbEntity
  8
AM_4
100
AcDbLine
 10
72.0
 20
35.86730384006781
 30
0.0
 11
61.0
 21
35.86730384006781
 31
0.0
  0
LINE
  5
1F2
330
114
100
AcDbEntity
  8
AM_4
100
AcDbLine
 10
72.0
 20
9.132696159932209
 30
0.0
 11
61.0
 21
9.132696159932209
 31
0.0
  0
LINE
  5
1F3
330
114
100
AcDbEntity
  8
AM_4
100
AcDbLine
 10
72.0
 20
36.51424805110479
 30
0.0
 11
61.0
 21
36.51424805110479
 31
0.0
  0
LINE
  5
1F4
330
114
100
AcDbEntity
  8
AM_4
100
AcDbLine
 10
72.0
 20
37.19083918462327
 30
0.0
 11
61.0
 21
37.19083918462327
 31
0.0
  0
LINE
  5
1F5
330
114
100
AcDbEntity
  8
AM_4
100
AcDbLine
 10
72.00000000000011
 20
7.809160719432041
 30
0.0
 11
61.0
 21
7.809160719432043
 31
0.0
  0
LINE
  5
1F6
330
114
100
AcDbEntity
  8
AM_4
100
AcDbLine
 10
72.0
 20
8.485751948895208
 30
0.0
 11
61.0
 21
8.485751948895208
 31
0.0
  0
LINE
  5
1F7
330
114
100
AcDbEntity
  8
AM_4
100
AcDbLine
 10
72.0
 20
35.22148270341461
 30
0.0
 11
61.0
 21
35.22148270341461
 31
0.0
  0
LINE
  5
1F8
330
114
100
AcDbEntity
  8
AM_4
100
AcDbLine
 10
72.0
 20
9.778517190823232
 30
0.0
 11
61.0
 21
9.778517190823232
 31
0.0
  0
LINE
  5
1F9
330
114
100
AcDbEntity
  8
vis
100
AcDbLine
 10
61.0
 20
9.997091403876004
 30
0.0
 11
72.0
 21
9.997091403876004
 31
0.0
  0
LINE
  5
1FA
330
114
100
AcDbEntity
  8
vis
100
AcDbLine
 10
72.0
 20
35.00290859612396
 30
0.0
 11
61.0
 21
35.00290859612396
 31
0.0
  0
LINE
  5
1FB
330
114
100
AcDbEntity
  8
vis
100
AcDbLine
 10
58.5
 20
7.5
 30
0.0
 11
58.55688888329324
 21
7.5
 31
0.0
  0
LINE
  5
1FC
330
114
100
AcDbEntity
  8
vis
100
AcDbLine
 10
58.55688888329324
 20
37.5
 30
0.0
 11
58.5
 21
37.5
 31
0.0
  0
LINE
  5
1FD
330
114
100
AcDbEntity
  8
vis
100
AcDbLine
 10
58.5
 20
37.5
 30
0.0
 11
58.5
 21
7.5
 31
0.0
  0
LINE
  5
1FE
330
114
100
AcDbEntity
  8
vis
100
AcDbLine
 10
74.44311111670676
 20
7.5
 30
0.0
 11
74.5
 21
7.5
 31
0.0
  0
LINE
  5
1FF
330
114
100
AcDbEntity
  8
vis
100
AcDbLine
 10
74.5
 20
37.5
 30
0.0
 11
74.44311111670676
 21
37.5
 31
0.0
  0
LINE
  5
200
330
114
100
AcDbEntity
  8
vis
100
AcDbLine
 10
74.5
 20
37.5
 30
0.0
 11
74.5
 21
7.5
 31
0.0
  0
LINE
  5
201
330
114
100
AcDbEntity
  8
AM_4
100
AcDbLine
 10
72.0
 20
31.58422637950339
 30
0.0
 11
61.0
 21
31.58422637950339
 31
0.0
  0
LINE
  5
202
330
114
100
AcDbEntity
  8
AM_4
100
AcDbLine
 10
72.0
 20
13.41577348148459
 30
0.0
 11
61.0
 21
13.41577348148459
 31
0.0
  0
LINE
  5
203
330
114
100
AcDbEntity
  8
AM_4
100
AcDbLine
 10
72.0
 20
10.21579258418792
 30
0.0
 11
61.0
 21
10.21579258418792
 31
0.0
  0
LINE
  5
204
330
114
100
AcDbEntity
  8
AM_4
100
AcDbLine
 10
72.00000000000011
 20
34.78420700001843
 30
0.0
 11
61.0
 21
34.78420700001843
 31
0.0
  0
LINE
  5
205
330
114
100
AcDbEntity
  8
AM_4
100
AcDbLine
 10
72.0
 20
32.24629816485494
 30
0.0
 11
61.0
 21
32.24629816485494
 31
0.0
  0
LINE
  5
206
330
114
100
AcDbEntity
  8
AM_4
100
AcDbLine
 10
72.0
 20
12.75370183514507
 30
0.0
 11
61.0
 21
12.75370183514507
 31
0.0
  0
LINE
  5
207
330
114
100
AcDbEntity
  8
AM_4
100
AcDbLine
 10
72.0
 20
32.81025457069396
 30
0.0
 11
61.0
 21
32.81025457069396
 31
0.0
  0
LINE
  5
208
330
114
100
AcDbEntity
  8
AM_4
100
AcDbLine
 10
72.0
 20
33.51087422707788
 30
0.0
 11
61.0
 21
33.51087422707788
 31
0.0
  0
LINE
  5
209
330
114
100
AcDbEntity
  8
AM_4
100
AcDbLine
 10
72.00000000000011
 20
11.48912564034678
 30
0.0
 11
61.0
 21
11.48912564034679
 31
0.0
  0
LINE
  5
20A
330
114
100
AcDbEntity
  8
AM_4
100
AcDbLine
 10
72.0
 20
12.18974542930604
 30
0.0
 11
61.0
 21
12.18974542930604
 31
0.0
  0
LINE
  5
20B
330
114
100
AcDbEntity
  8
AM_4
100
AcDbLine
 10
72.0
 20
31.1641164901008
 30
0.0
 11
61.0
 21
31.1641164901008
 31
0.0
  0
LINE
  5
20C
330
114
100
AcDbEntity
  8
AM_4
100
AcDbLine
 10
72.0
 20
13.83588366295446
 30
0.0
 11
61.0
 21
13.83588366295446
 31
0.0
  0
LINE
  5
20D
330
114
100
AcDbEntity
  8
AM_4
100
AcDbLine
 10
72.0
 20
27.32789504730279
 30
0.0
 11
61.0
 21
27.32789504730279
 31
0.0
  0
LINE
  5
20E
330
114
100
AcDbEntity
  8
AM_4
100
AcDbLine
 10
72.0
 20
17.67210479698863
 30
0.0
 11
61.0
 21
17.67210479698863
 31
0.0
  0
LINE
  5
20F
330
114
100
AcDbEntity
  8
vis
100
AcDbLine
 10
61.0
 20
14.08348474513524
 30
0.0
 11
72.0
 21
14.08348474513524
 31
0.0
  0
LINE
  5
210
330
114
100
AcDbEntity
  8
vis
100
AcDbLine
 10
72.0
 20
30.91651525486476
 30
0.0
 11
61.0
 21
30.91651525486476
 31
0.0
  0
LINE
  5
211
330
114
100
AcDbEntity
  8
AM_4
100
AcDbLine
 10
72.0
 20
26.85932302394304
 30
0.0
 11
61.0
 21
26.85932302394304
 31
0.0
  0
LINE
  5
212
330
114
100
AcDbEntity
  8
AM_4
100
AcDbLine
 10
72.0
 20
18.14067681920385
 30
0.0
 11
61.0
 21
18.14067681920385
 31
0.0
  0
LINE
  5
213
330
114
100
AcDbEntity
  8
AM_4
100
AcDbLine
 10
72.0
 20
27.96109837622647
 30
0.0
 11
61.0
 21
27.96109837622647
 31
0.0
  0
LINE
  5
214
330
114
100
AcDbEntity
  8
AM_4
100
AcDbLine
 10
72.0
 20
17.03890162377355
 30
0.0
 11
61.0
 21
17.03890162377355
 31
0.0
  0
LINE
  5
215
330
114
100
AcDbEntity
  8
AM_4
100
AcDbLine
 10
72.0
 20
14.4366357025336
 30
0.0
 11
61.0
 21
14.4366357025336
 31
0.0
  0
LINE
  5
216
330
114
100
AcDbEntity
  8
AM_4
100
AcDbLine
 10
72.00000000000011
 20
30.56336380585466
 30
0.0
 11
61.0
 21
30.56336380585466
 31
0.0
  0
LINE
  5
217
330
114
100
AcDbEntity
  8
AM_4
100
AcDbLine
 10
72.0
 20
28.40363427979164
 30
0.0
 11
61.0
 21
28.40363427979164
 31
0.0
  0
LINE
  5
218
330
114
100
AcDbEntity
  8
AM_4
100
AcDbLine
 10
72.0
 20
29.08053638728716
 30
0.0
 11
61.0
 21
29.08053638728716
 31
0.0
  0
LINE
  5
219
330
114
100
AcDbEntity
  8
AM_4
100
AcDbLine
 10
72.00000000000011
 20
15.91946347225156
 30
0.0
 11
61.0
 21
15.91946347225156
 31
0.0
  0
LINE
  5
21A
330
114
100
AcDbEntity
  8
AM_4
100
AcDbLine
 10
72.0
 20
16.59636572020838
 30
0.0
 11
61.0
 21
16.59636572020838
 31
0.0
  0
LINE
  5
21B
330
114
100
AcDbEntity
  8
AM_4
100
AcDbLine
 10
72.0
 20
22.25744952924716
 30
0.0
 11
61.0
 21
22.25744952924716
 31
0.0
  0
LINE
  5
21C
330
114
100
AcDbEntity
  8
AM_4
100
AcDbLine
 10
72.0
 20
22.74255064610231
 30
0.0
 11
61.0
 21
22.74255064610231
 31
0.0
  0
LINE
  5
21D
330
114
100
AcDbEntity
  8
AM_4
100
AcDbLine
 10
72.0
 20
18.59159601268833
 30
0.0
 11
61.0
 21
18.59159601268833
 31
0.0
  0
LINE
  5
21E
330
114
100
AcDbEntity
  8
AM_4
100
AcDbLine
 10
72.0
 20
26.40840398731168
 30
0.0
 11
61.0
 21
26.40840398731168
 31
0.0
  0
LINE
  5
21F
330
114
100
AcDbEntity
  8
AM_4
100
AcDbLine
 10
72.0
 20
23.30373375814994
 30
0.0
 11
61.0
 21
23.30373375814994
 31
0.0
  0
LINE
  5
220
330
114
100
AcDbEntity
  8
AM_4
100
AcDbLine
 10
72.0
 20
21.69626624185008
 30
0.0
 11
61.0
 21
21.69626624185008
 31
0.0
  0
LINE
  5
221
330
114
100
AcDbEntity
  8
AM_4
100
AcDbLine
 10
72.0
 20
18.71114647079962
 30
0.0
 11
61.0
 21
18.71114647079962
 31
0.0
  0
LINE
  5
222
330
114
100
AcDbEntity
  8
AM_4
100
AcDbLine
 10
72.0
 20
26.2888535292004
 30
0.0
 11
61.0
 21
26.2888535292004
 31
0.0
  0
LINE
  5
223
330
114
100
AcDbEntity
  8
AM_4
100
AcDbLine
 10
72.0
 20
19.20698417921385
 30
0.0
 11
61.0
 21
19.20698417921385
 31
0.0
  0
LINE
  5
224
330
114
100
AcDbEntity
  8
AM_4
100
AcDbLine
 10
72.00000000000011
 20
25.79301569366061
 30
0.0
 11
61.0
 21
25.79301569366061
 31
0.0
  0
LINE
  5
225
330
114
100
AcDbEntity
  8
AM_4
100
AcDbLine
 10
72.0
 20
23.59469106893844
 30
0.0
 11
61.0
 21
23.59469106893844
 31
0.0
  0
LINE
  5
226
330
114
100
AcDbEntity
  8
AM_4
100
AcDbLine
 10
72.0
 20
24.20174586755338
 30
0.0
 11
61.0
 21
24.20174586755338
 31
0.0
  0
LINE
  5
227
330
114
100
AcDbEntity
  8
AM_4
100
AcDbLine
 10
72.00000000000011
 20
20.79825398346901
 30
0.0
 11
61.0
 21
20.79825398346901
 31
0.0
  0
LINE
  5
228
330
114
100
AcDbEntity
  8
AM_4
100
AcDbLine
 10
72.0
 20
21.40530893106157
 30
0.0
 11
61.0
 21
21.40530893106157
 31
0.0
  0
LINE
  5
229
330
114
100
AcDbEntity
  8
vis
100
AcDbLine
 10
72.00000000000011
 20
41.65
 30
0.0
 11
72.00000000000011
 21
3.350000000000001
 31
0.0
  0
LINE
  5
22A
330
114
100
AcDbEntity
  8
vis
100
AcDbLine
 10
72.00000000000011
 20
3.350000000000001
 30
0.0
 11
72.89762979464429
 21
-0.0000000000000107
 31
0.0
  0
LINE
  5
22B
330
114
100
AcDbEntity
  8
vis
100
AcDbLine
 10
72.89762979464429
 20
45.00000000000001
 30
0.0
 11
72.00000000000011
 21
41.65
 31
0.0
  0
LINE
  5
22C
330
114
100
AcDbEntity
  8
vis
100
AcDbLine
 10
74.44311111670676
 20
44.58588952783589
 30
0.0
 11
72.89762979464429
 21
45.00000000000001
 31
0.0
  0
LINE
  5
22D
330
114
100
AcDbEntity
  8
vis
100
AcDbLine
 10
72.89762979464429
 20
-0.0000000000000107
 30
0.0
 11
74.44311111670676
 21
0.4141104721641078
 31
0.0
  0
LINE
  5
22E
330
114
100
AcDbEntity
  8
vis
100
AcDbLine
 10
74.44311111670676
 20
44.58588952783589
 30
0.0
 11
74.44311111670676
 21
0.4141104721641078
 31
0.0
  0
LINE
  5
22F
330
114
100
AcDbEntity
  8
vis
100
AcDbLine
 10
72.89762979464429
 20
45.00000000000001
 30
0.0
 11
72.89762979464429
 21
-0.0000000000000107
 31
0.0
  0
LINE
  5
230
330
114
100
AcDbEntity
  8
vis
100
AcDbLine
 10
58.55688888329324
 20
0.4141104721641078
 30
0.0
 11
60.10237020535573
 21
-0.0000000000000178
 31
0.0
  0
LINE
  5
231
330
114
100
AcDbEntity
  8
vis
100
AcDbLine
 10
60.10237020535573
 20
45.00000000000001
 30
0.0
 11
58.55688888329324
 21
44.58588952783589
 31
0.0
  0
LINE
  5
232
330
114
100
AcDbEntity
  8
vis
100
AcDbLine
 10
58.55688888329324
 20
44.58588952783589
 30
0.0
 11
58.55688888329324
 21
0.4141104721641078
 31
0.0
  0
LINE
  5
233
330
114
100
AcDbEntity
  8
vis
100
AcDbLine
 10
60.99999999999987
 20
41.65
 30
0.0
 11
60.99999999999987
 21
3.350000000000001
 31
0.0
  0
LINE
  5
234
330
114
100
AcDbEntity
  8
vis
100
AcDbLine
 10
60.99999999999987
 20
41.65
 30
0.0
 11
60.10237020535573
 21
45.00000000000001
 31
0.0
  0
LINE
  5
235
330
114
100
AcDbEntity
  8
vis
100
AcDbLine
 10
60.10237020535573
 20
-0.0000000000000178
 30
0.0
 11
60.99999999999987
 21
3.350000000000001
 31
0.0
  0
LINE
  5
236
330
114
100
AcDbEntity
  8
vis
100
AcDbLine
 10
60.10237020535573
 20
45.00000000000001
 30
0.0
 11
60.10237020535573
 21
-0.0000000000000178
 31
0.0
  0
ENDBLK
  5
117
330
114
100
AcDbEntity
  8
0
100
AcDbBlockEnd
  0
BLOCK
  5
239
330
237
100
AcDbEntity
  8
0
100
AcDbBlockBegin
  2
4_SET_SCREW4_3_1_0_in_MTP24XL037_A_C10_900
 70
     2
 10
0.0
 20
0.0
 30
0.0
  3
4_SET_SCREW4_3_1_0_in_MTP24XL037_A_C10_900
  1

  0
ATTDEF
  5
23B
330
237
100
AcDbEntity
  8
attrib
100
AcDbText
 10
24.16987298107781
 20
84.73205080756888
 30
0.0
 40
0.5
  1
SET-SCREW4-3
100
AcDbAttributeDefinition
  3

  2
NB
 70
     8
280
     0
  0
ATTDEF
  5
23C
330
237
100
AcDbEntity
  8
attrib
100
AcDbText
 10
24.16987298107781
 20
84.23205080756888
 30
0.0
 40
0.5
  1
SET-SCREW
100
AcDbAttributeDefinition
  3

  2
NN
 70
     8
280
     0
  0
ATTDEF
  5
23D
330
237
100
AcDbEntity
  8
attrib
100
AcDbText
 10
24.16987298107781
 20
83.73205080756888
 30
0.0
 40
0.5
  1
Set Screw - Flat End
100
AcDbAttributeDefinition
  3

  2
NT
 70
     8
280
     0
  0
ATTDEF
  5
23E
330
237
100
AcDbEntity
  8
attrib
100
AcDbText
 10
24.16987298107781
 20
83.23205080756888
 30
0.0
 40
0.5
  1
$PN.
100
AcDbAttributeDefinition
  3

  2
NBSYN
 70
     8
280
     0
  0
ATTDEF
  5
23F
330
237
100
AcDbEntity
  8
attrib
100
AcDbText
 10
24.16987298107781
 20
82.73205080756888
 30
0.0
 40
0.5
  1
SET-SCREW4-3
100
AcDbAttributeDefinition
  3

  2
LINA
 70
     8
280
     0
  0
ATTDEF
  5
240
330
237
100
AcDbEntity
  8
attrib
100
AcDbText
 10
24.16987298107781
 20
82.23205080756888
 30
0.0
 40
0.5
  1
Misumi
100
AcDbAttributeDefinition
  3

  2
CATALOG
 70
     8
280
     0
  0
ATTDEF
  5
241
330
237
100
AcDbEntity
  8
attrib
100
AcDbText
 10
24.16987298107781
 20
81.73205080756888
 30
0.0
 40
0.5
  1
SET-SCREW4-3
100
AcDbAttributeDefinition
  3

  2
PN
 70
     8
280
     0
  0
ATTDEF
  5
242
330
237
100
AcDbEntity
  8
attrib
100
AcDbText
 10
24.16987298107781
 20
81.23205080756888
 30
0.0
 40
0.5
  1
4.0
100
AcDbAttributeDefinition
  3

  2
M
 70
     8
280
     0
  0
ATTDEF
  5
243
330
237
100
AcDbEntity
  8
attrib
100
AcDbText
 10
24.16987298107781
 20
80.73205080756888
 30
0.0
 40
0.5
  1
0.70
100
AcDbAttributeDefinition
  3

  2
P
 70
     8
280
     0
  0
ATTDEF
  5
244
330
237
100
AcDbEntity
  8
attrib
100
AcDbText
 10
24.16987298107781
 20
80.23205080756888
 30
0.0
 40
0.5
  1
3
100
AcDbAttributeDefinition
  3

  2
L
 70
     8
280
     0
  0
ATTDEF
  5
245
330
237
100
AcDbEntity
  8
attrib
100
AcDbText
 10
24.16987298107781
 20
79.73205080756888
 30
0.0
 40
0.5
  1
2.0
100
AcDbAttributeDefinition
  3

  2
B
 70
     8
280
     0
  0
ATTDEF
  5
246
330
237
100
AcDbEntity
  8
attrib
100
AcDbText
 10
24.16987298107781
 20
79.23205080756888
 30
0.0
 40
0.5
  1
1.5
100
AcDbAttributeDefinition
  3

  2
C
 70
     8
280
     0
  0
ATTDEF
  5
247
330
237
100
AcDbEntity
  8
attrib
100
AcDbText
 10
24.16987298107781
 20
78.73205080756888
 30
0.0
 40
0.5
  1
2.5
100
AcDbAttributeDefinition
  3

  2
DD
 70
     8
280
     0
  0
ATTDEF
  5
248
330
237
100
AcDbEntity
  8
attrib
100
AcDbText
 10
24.16987298107781
 20
78.23205080756888
 30
0.0
 40
0.5
  1
misumi
100
AcDbAttributeDefinition
  3

  2
COMPANY
 70
     8
280
     0
  0
ATTDEF
  5
249
330
237
100
AcDbEntity
  8
attrib
100
AcDbText
 10
24.16987298107781
 20
77.73205080756888
 30
0.0
 40
0.5
  1
1
100
AcDbAttributeDefinition
  3

  2
ExcludeFromBOM
 70
     8
280
     0
  0
ATTDEF
  5
24A
330
237
100
AcDbEntity
  8
attrib
100
AcDbText
 10
24.16987298107781
 20
77.23205080756888
 30
0.0
 40
0.5
  1
{$CADENAS_DATA/23d-libs/misumi/metric/accessories/set_screw.prj},169 {VTYP=3D},{NB=SET-SCREW4-3},{LINA=SET-SCREW4-3},{NN=SET-SCREW},{DATE=29.11.2024 04:47:07},{GEOMDATE=11.12.2013 00:00:00},{VERSION=},{LINEID=90},{WBVAR=L},{WBNUMERIC=L}  {NB=SET-SCR
100
AcDbAttributeDefinition
  3

  2
PSOL_0
 70
     9
280
     0
  0
ATTDEF
  5
24B
330
237
100
AcDbEntity
  8
attrib
100
AcDbText
 10
24.16987298107781
 20
76.73205080756888
 30
0.0
 40
0.5
  1
,{LINA=SET-SCREW4-3},{KT=DUMMY},{PN=SET-SCREW4-3},{TYPE=SET-SCREW},{M=4.0},{P=0.70},{L=3},{LMIN=2.1},{LALG=[2.1:42/0.1]},{B=2.0},{C=1.5},{DD=2.5}
100
AcDbAttributeDefinition
  3

  2
PSOL_1
 70
     9
280
     0
  0
LINE
  5
24C
330
237
100
AcDbEntity
  8
hidden
100
AcDbLine
 10
17.37083487540115
 20
81.38397459621557
 30
0.0
 11
16.07179676972449
 21
80.63397459621557
 31
0.0
  0
LINE
  5
24D
330
237
100
AcDbEntity
  8
hidden
100
AcDbLine
 10
16.37083487540115
 20
83.11602540378443
 30
0.0
 11
15.07179676972449
 21
82.36602540378443
 31
0.0
  0
LINE
  5
24E
330
237
100
AcDbEntity
  8
hidden
100
AcDbLine
 10
17.37083487540115
 20
81.38397459621557
 30
0.0
 11
16.37083487540115
 21
83.11602540378443
 31
0.0
  0
LINE
  5
24F
330
237
100
AcDbEntity
  8
hidden
100
AcDbLine
 10
17.37083487540115
 20
82.53867513459481
 30
0.0
 11
16.37083487540115
 21
83.11602540378443
 31
0.0
  0
LINE
  5
250
330
237
100
AcDbEntity
  8
hidden
100
AcDbLine
 10
17.37083487540115
 20
81.38397459621557
 30
0.0
 11
17.37083487540115
 21
82.53867513459481
 31
0.0
  0
LINE
  5
251
330
237
100
AcDbEntity
  8
hidden
100
AcDbLine
 10
16.87083487540115
 20
82.25
 30
0.0
 11
15.57179676972449
 21
81.5
 31
0.0
  0
LINE
  5
252
330
237
100
AcDbEntity
  8
hidden
100
AcDbLine
 10
16.94375468064991
 20
79.98269919243113
 30
0.0
 11
18.52035392823948
 21
80.89294919243112
 31
0.0
  0
LINE
  5
253
330
237
100
AcDbEntity
  8
hidden
100
AcDbLine
 10
16.52035392823948
 20
84.35705080756888
 30
0.0
 11
14.94375468064991
 21
83.44680080756888
 31
0.0
  0
LINE
  5
254
330
237
100
AcDbEntity
  8
hidden
100
AcDbLine
 10
17.54487298107781
 20
84.08253175473055
 30
0.0
 11
16.52035392823948
 21
84.35705080756888
 31
0.0
  0
LINE
  5
255
330
237
100
AcDbEntity
  8
hidden
100
AcDbLine
 10
18.52035392823948
 20
80.89294919243112
 30
0.0
 11
18.79487298107781
 21
81.91746824526945
 31
0.0
  0
LINE
  5
256
330
237
100
AcDbEntity
  8
hidden
100
AcDbLine
 10
17.54487298107781
 20
84.08253175473055
 30
0.0
 11
18.79487298107781
 21
81.91746824526945
 31
0.0
  0
LINE
  5
257
330
237
100
AcDbEntity
  8
hidden
100
AcDbLine
 10
16.52035392823948
 20
84.35705080756888
 30
0.0
 11
18.52035392823948
 21
80.89294919243112
 31
0.0
  0
LINE
  5
258
330
237
100
AcDbEntity
  8
hidden
100
AcDbLine
 10
16.35704676972449
 20
80.13990710335653
 30
0.0
 11
16.94375468064991
 21
79.98269919243113
 31
0.0
  0
LINE
  5
259
330
237
100
AcDbEntity
  8
hidden
100
AcDbLine
 10
14.94375468064991
 20
83.44680080756888
 30
0.0
 11
14.78654676972449
 21
82.86009289664347
 31
0.0
  0
LINE
  5
25A
330
237
100
AcDbEntity
  8
hidden
100
AcDbLine
 10
14.94375468064991
 20
83.44680080756888
 30
0.0
 11
16.94375468064991
 21
79.98269919243113
 31
0.0
  0
LINE
  5
25B
330
237
100
AcDbEntity
  8
hidden
100
AcDbLine
 10
14.78654676972449
 20
82.86009289664347
 30
0.0
 11
16.35704676972449
 21
80.13990710335653
 31
0.0
  0
LINE
  5
25C
330
237
100
AcDbEntity
  8
AM_5
  6
Dashed
100
AcDbLine
 10
14.78654676972449
 20
82.86009289664347
 30
0.0
 11
17.1070618391649
 21
84.19984289664346
 31
0.0
  0
LINE
  5
25D
330
237
100
AcDbEntity
  8
AM_5
  6
Dashed
100
AcDbLine
 10
16.35704676972449
 20
80.13990710335653
 30
0.0
 11
18.67756183916489
 21
81.47965710335654
 31
0.0
  0
LINE
  5
25E
330
237
100
AcDbEntity
  8
AM_5
  6
Dashed
100
AcDbLine
 10
19.16987298107781
 20
81.26794919243112
 30
0.0
 11
17.16987298107781
 21
84.73205080756888
 31
0.0
  0
ENDBLK
  5
23A
330
237
100
AcDbEntity
  8
0
100
AcDbBlockEnd
  0
BLOCK
  5
261
330
25F
100
AcDbEntity
  8
0
100
AcDbBlockBegin
  2
5_SET_SCREW4_3_2_0_in_MTP24XL037_A_C10_900
 70
     2
 10
0.0
 20
0.0
 30
0.0
  3
5_SET_SCREW4_3_2_0_in_MTP24XL037_A_C10_900
  1

  0
ATTDEF
  5
263
330
25F
100
AcDbEntity
  8
attrib
100
AcDbText
 10
29.5
 20
95.0
 30
0.0
 40
0.5
  1
SET-SCREW4-3
100
AcDbAttributeDefinition
  3

  2
NB
 70
     8
280
     0
  0
ATTDEF
  5
264
330
25F
100
AcDbEntity
  8
attrib
100
AcDbText
 10
29.5
 20
94.5
 30
0.0
 40
0.5
  1
SET-SCREW
100
AcDbAttributeDefinition
  3

  2
NN
 70
     8
280
     0
  0
ATTDEF
  5
265
330
25F
100
AcDbEntity
  8
attrib
100
AcDbText
 10
29.5
 20
94.0
 30
0.0
 40
0.5
  1
Set Screw - Flat End
100
AcDbAttributeDefinition
  3

  2
NT
 70
     8
280
     0
  0
ATTDEF
  5
266
330
25F
100
AcDbEntity
  8
attrib
100
AcDbText
 10
29.5
 20
93.5
 30
0.0
 40
0.5
  1
$PN.
100
AcDbAttributeDefinition
  3

  2
NBSYN
 70
     8
280
     0
  0
ATTDEF
  5
267
330
25F
100
AcDbEntity
  8
attrib
100
AcDbText
 10
29.5
 20
93.0
 30
0.0
 40
0.5
  1
SET-SCREW4-3
100
AcDbAttributeDefinition
  3

  2
LINA
 70
     8
280
     0
  0
ATTDEF
  5
268
330
25F
100
AcDbEntity
  8
attrib
100
AcDbText
 10
29.5
 20
92.5
 30
0.0
 40
0.5
  1
Misumi
100
AcDbAttributeDefinition
  3

  2
CATALOG
 70
     8
280
     0
  0
ATTDEF
  5
269
330
25F
100
AcDbEntity
  8
attrib
100
AcDbText
 10
29.5
 20
92.0
 30
0.0
 40
0.5
  1
SET-SCREW4-3
100
AcDbAttributeDefinition
  3

  2
PN
 70
     8
280
     0
  0
ATTDEF
  5
26A
330
25F
100
AcDbEntity
  8
attrib
100
AcDbText
 10
29.5
 20
91.5
 30
0.0
 40
0.5
  1
4.0
100
AcDbAttributeDefinition
  3

  2
M
 70
     8
280
     0
  0
ATTDEF
  5
26B
330
25F
100
AcDbEntity
  8
attrib
100
AcDbText
 10
29.5
 20
91.0
 30
0.0
 40
0.5
  1
0.70
100
AcDbAttributeDefinition
  3

  2
P
 70
     8
280
     0
  0
ATTDEF
  5
26C
330
25F
100
AcDbEntity
  8
attrib
100
AcDbText
 10
29.5
 20
90.5
 30
0.0
 40
0.5
  1
3
100
AcDbAttributeDefinition
  3

  2
L
 70
     8
280
     0
  0
ATTDEF
  5
26D
330
25F
100
AcDbEntity
  8
attrib
100
AcDbText
 10
29.5
 20
90.0
 30
0.0
 40
0.5
  1
2.0
100
AcDbAttributeDefinition
  3

  2
B
 70
     8
280
     0
  0
ATTDEF
  5
26E
330
25F
100
AcDbEntity
  8
attrib
100
AcDbText
 10
29.5
 20
89.5
 30
0.0
 40
0.5
  1
1.5
100
AcDbAttributeDefinition
  3

  2
C
 70
     8
280
     0
  0
ATTDEF
  5
26F
330
25F
100
AcDbEntity
  8
attrib
100
AcDbText
 10
29.5
 20
89.0
 30
0.0
 40
0.5
  1
2.5
100
AcDbAttributeDefinition
  3

  2
DD
 70
     8
280
     0
  0
ATTDEF
  5
270
330
25F
100
AcDbEntity
  8
attrib
100
AcDbText
 10
29.5
 20
88.5
 30
0.0
 40
0.5
  1
misumi
100
AcDbAttributeDefinition
  3

  2
COMPANY
 70
     8
280
     0
  0
ATTDEF
  5
271
330
25F
100
AcDbEntity
  8
attrib
100
AcDbText
 10
29.5
 20
88.0
 30
0.0
 40
0.5
  1
1
100
AcDbAttributeDefinition
  3

  2
ExcludeFromBOM
 70
     8
280
     0
  0
ATTDEF
  5
272
330
25F
100
AcDbEntity
  8
attrib
100
AcDbText
 10
29.5
 20
87.5
 30
0.0
 40
0.5
  1
{$CADENAS_DATA/23d-libs/misumi/metric/accessories/set_screw.prj},169 {VTYP=3D},{NB=SET-SCREW4-3},{LINA=SET-SCREW4-3},{NN=SET-SCREW},{DATE=29.11.2024 04:47:07},{GEOMDATE=11.12.2013 00:00:00},{VERSION=},{LINEID=90},{WBVAR=L},{WBNUMERIC=L}  {NB=SET-SCR
100
AcDbAttributeDefinition
  3

  2
PSOL_0
 70
     9
280
     0
  0
ATTDEF
  5
273
330
25F
100
AcDbEntity
  8
attrib
100
AcDbText
 10
29.5
 20
87.0
 30
0.0
 40
0.5
  1
,{LINA=SET-SCREW4-3},{KT=DUMMY},{PN=SET-SCREW4-3},{TYPE=SET-SCREW},{M=4.0},{P=0.70},{L=3},{LMIN=2.1},{LALG=[2.1:42/0.1]},{B=2.0},{C=1.5},{DD=2.5}
100
AcDbAttributeDefinition
  3

  2
PSOL_1
 70
     9
280
     0
  0
LINE
  5
274
330
25F
100
AcDbEntity
  8
hidden
100
AcDbLine
 10
21.5
 20
93.5
 30
0.0
 11
21.5
 21
95.0
 31
0.0
  0
LINE
  5
275
330
25F
100
AcDbEntity
  8
hidden
100
AcDbLine
 10
23.5
 20
93.5
 30
0.0
 11
23.5
 21
95.0
 31
0.0
  0
LINE
  5
276
330
25F
100
AcDbEntity
  8
hidden
100
AcDbLine
 10
21.5
 20
93.5
 30
0.0
 11
23.5
 21
93.5
 31
0.0
  0
LINE
  5
277
330
25F
100
AcDbEntity
  8
hidden
100
AcDbLine
 10
22.5
 20
92.92264973081038
 30
0.0
 11
23.5
 21
93.5
 31
0.0
  0
LINE
  5
278
330
25F
100
AcDbEntity
  8
hidden
100
AcDbLine
 10
21.5
 20
93.5
 30
0.0
 11
22.5
 21
92.92264973081038
 31
0.0
  0
LINE
  5
279
330
25F
100
AcDbEntity
  8
hidden
100
AcDbLine
 10
22.5
 20
93.5
 30
0.0
 11
22.5
 21
95.0
 31
0.0
  0
LINE
  5
27A
330
25F
100
AcDbEntity
  8
hidden
100
AcDbLine
 10
20.5
 20
94.5705
 30
0.0
 11
20.5
 21
92.75
 31
0.0
  0
LINE
  5
27B
330
25F
100
AcDbEntity
  8
hidden
100
AcDbLine
 10
24.5
 20
92.75
 30
0.0
 11
24.5
 21
94.5705
 31
0.0
  0
LINE
  5
27C
330
25F
100
AcDbEntity
  8
hidden
100
AcDbLine
 10
20.9295
 20
95.0
 30
0.0
 11
20.5
 21
94.5705
 31
0.0
  0
LINE
  5
27D
330
25F
100
AcDbEntity
  8
hidden
100
AcDbLine
 10
24.5
 20
94.5705
 30
0.0
 11
24.0705
 21
95.0
 31
0.0
  0
LINE
  5
27E
330
25F
100
AcDbEntity
  8
hidden
100
AcDbLine
 10
24.5
 20
94.5705
 30
0.0
 11
20.5
 21
94.5705
 31
0.0
  0
LINE
  5
27F
330
25F
100
AcDbEntity
  8
hidden
100
AcDbLine
 10
24.0705
 20
95.0
 30
0.0
 11
20.9295
 21
95.0
 31
0.0
  0
LINE
  5
280
330
25F
100
AcDbEntity
  8
hidden
100
AcDbLine
 10
23.75
 20
92.0
 30
0.0
 11
24.5
 21
92.75
 31
0.0
  0
LINE
  5
281
330
25F
100
AcDbEntity
  8
hidden
100
AcDbLine
 10
20.5
 20
92.75
 30
0.0
 11
21.25
 21
92.0
 31
0.0
  0
LINE
  5
282
330
25F
100
AcDbEntity
  8
hidden
100
AcDbLine
 10
24.5
 20
92.75
 30
0.0
 11
20.5
 21
92.75
 31
0.0
  0
LINE
  5
283
330
25F
100
AcDbEntity
  8
AM_5
  6
Dashed
100
AcDbLine
 10
24.0705
 20
95.0
 30
0.0
 11
24.0705
 21
92.3205
 31
0.0
  0
LINE
  5
284
330
25F
100
AcDbEntity
  8
AM_5
  6
Dashed
100
AcDbLine
 10
20.9295
 20
95.0
 30
0.0
 11
20.9295
 21
92.3205
 31
0.0
  0
LINE
  5
285
330
25F
100
AcDbEntity
  8
AM_5
  6
Dashed
100
AcDbLine
 10
20.5
 20
92.0
 30
0.0
 11
24.5
 21
92.0
 31
0.0
  0
ENDBLK
  5
262
330
25F
100
AcDbEntity
  8
0
100
AcDbBlockEnd
  0
BLOCK
  5
288
330
286
100
AcDbEntity
  8
0
100
AcDbBlockBegin
  2
6_MTP24XL037_A_C10_b_0_in_MTP24XL037_A_C10_900
 70
     2
 10
0.0
 20
0.0
 30
0.0
  3
6_MTP24XL037_A_C10_b_0_in_MTP24XL037_A_C10_900
  1

  0
ATTDEF
  5
28A
330
286
100
AcDbEntity
  8
attrib
100
AcDbText
 10
51.12500000000002
 20
109.125
 30
0.0
 40
0.5
  1
MTP24XL037-A-C10_b
100
AcDbAttributeDefinition
  3

  2
NB
 70
     8
280
     0
  0
ATTDEF
  5
28B
330
286
100
AcDbEntity
  8
attrib
100
AcDbText
 10
51.12500000000002
 20
108.625
 30
0.0
 40
0.5
  1
ATP__XL025, ATP__XL031, ATP__ XL037, ATP__XL050, BTP__XL025, BTP__XL031, BTP__XL037, BTP__XL050, KTP__XL025, KTP__XL031, KTP__ XL037, KTP__XL050, NTP__XL025, NTP__XL031, NTP__ XL037, NTP__XL050, MTP__XL025, MTP__ XL037, MTP__XL050, MTPB__XL025, MTPB
100
AcDbAttributeDefinition
  3

  2
NN
 70
     8
280
     0
  0
ATTDEF
  5
28C
330
286
100
AcDbEntity
  8
attrib
100
AcDbText
 10
51.12500000000002
 20
108.125
 30
0.0
 40
0.5
  1
Timing Pulleys XL Type
100
AcDbAttributeDefinition
  3

  2
NT
 70
     8
280
     0
  0
ATTDEF
  5
28D
330
286
100
AcDbEntity
  8
attrib
100
AcDbText
 10
51.12500000000002
 20
107.625
 30
0.0
 40
0.5
  1
$PN._b
100
AcDbAttributeDefinition
  3

  2
NBSYN
 70
     8
280
     0
  0
ATTDEF
  5
28E
330
286
100
AcDbEntity
  8
attrib
100
AcDbText
 10
51.12500000000002
 20
107.125
 30
0.0
 40
0.5
  1
MTP24XL037-A-C10
100
AcDbAttributeDefinition
  3

  2
LINA
 70
     8
280
     0
  0
ATTDEF
  5
28F
330
286
100
AcDbEntity
  8
attrib
100
AcDbText
 10
51.12500000000002
 20
106.625
 30
0.0
 40
0.5
  1
Misumi
100
AcDbAttributeDefinition
  3

  2
CATALOG
 70
     8
280
     0
  0
ATTDEF
  5
290
330
286
100
AcDbEntity
  8
attrib
100
AcDbText
 10
51.12500000000002
 20
106.125
 30
0.0
 40
0.5
  1
MTP24XL037-A-C10
100
AcDbAttributeDefinition
  3

  2
PN
 70
     8
280
     0
  0
ATTDEF
  5
291
330
286
100
AcDbEntity
  8
attrib
100
AcDbText
 10
51.12500000000002
 20
105.625
 30
0.0
 40
0.5
  1
1045 Carbon Steel Equivalent
100
AcDbAttributeDefinition
  3

  2
MATP
 70
     8
280
     0
  0
ATTDEF
  5
292
330
286
100
AcDbEntity
  8
attrib
100
AcDbText
 10
51.12500000000002
 20
105.125
 30
0.0
 40
0.5
  1
-
100
AcDbAttributeDefinition
  3

  2
ST
 70
     8
280
     0
  0
ATTDEF
  5
293
330
286
100
AcDbEntity
  8
attrib
100
AcDbText
 10
51.12500000000002
 20
104.625
 30
0.0
 40
0.5
  1
24
100
AcDbAttributeDefinition
  3

  2
NT
 70
     8
280
     0
  0
ATTDEF
  5
294
330
286
100
AcDbEntity
  8
attrib
100
AcDbText
 10
51.12500000000002
 20
104.125
 30
0.0
 40
0.5
  1
XL037
100
AcDbAttributeDefinition
  3

  2
TNW
 70
     8
280
     0
  0
ATTDEF
  5
295
330
286
100
AcDbEntity
  8
attrib
100
AcDbText
 10
51.12500000000002
 20
103.625
 30
0.0
 40
0.5
  1
9.5mm (3/8inch)
100
AcDbAttributeDefinition
  3

  2
BW
 70
     8
280
     0
  0
ATTDEF
  5
296
330
286
100
AcDbEntity
  8
attrib
100
AcDbText
 10
51.12500000000002
 20
103.125
 30
0.0
 40
0.5
  1
A
100
AcDbAttributeDefinition
  3

  2
PS
 70
     8
280
     0
  0
ATTDEF
  5
297
330
286
100
AcDbEntity
  8
attrib
100
AcDbText
 10
51.12500000000002
 20
102.625
 30
0.0
 40
0.5
  1
Old JIS Keywayed Bore + Tap
100
AcDbAttributeDefinition
  3

  2
SBS
 70
     8
280
     0
  0
ATTDEF
  5
298
330
286
100
AcDbEntity
  8
attrib
100
AcDbText
 10
51.12500000000002
 20
102.125
 30
0.0
 40
0.5
  1
10.00
100
AcDbAttributeDefinition
  3

  2
DD
 70
     8
280
     0
  0
ATTDEF
  5
299
330
286
100
AcDbEntity
  8
attrib
100
AcDbText
 10
51.12500000000002
 20
101.625
 30
0.0
 40
0.5
  1
0
100
AcDbAttributeDefinition
  3

  2
Z
 70
     8
280
     0
  0
ATTDEF
  5
29A
330
286
100
AcDbEntity
  8
attrib
100
AcDbText
 10
51.12500000000002
 20
101.125
 30
0.0
 40
0.5
  1
0.0
100
AcDbAttributeDefinition
  3

  2
J
 70
     8
280
     0
  0
ATTDEF
  5
29B
330
286
100
AcDbEntity
  8
attrib
100
AcDbText
 10
51.12500000000002
 20
100.625
 30
0.0
 40
0.5
  1
0
100
AcDbAttributeDefinition
  3

  2
Q
 70
     8
280
     0
  0
ATTDEF
  5
29C
330
286
100
AcDbEntity
  8
attrib
100
AcDbText
 10
51.12500000000002
 20
100.125
 30
0.0
 40
0.5
  1
0
100
AcDbAttributeDefinition
  3

  2
R
 70
     8
280
     0
  0
ATTDEF
  5
29D
330
286
100
AcDbEntity
  8
attrib
100
AcDbText
 10
51.12500000000002
 20
99.62500000000003
 30
0.0
 40
0.5
  1
0.0
100
AcDbAttributeDefinition
  3

  2
S
 70
     8
280
     0
  0
ATTDEF
  5
29E
330
286
100
AcDbEntity
  8
attrib
100
AcDbText
 10
51.12500000000002
 20
99.12500000000003
 30
0.0
 40
0.5
  1
0.0
100
AcDbAttributeDefinition
  3

  2
T
 70
     8
280
     0
  0
ATTDEF
  5
29F
330
286
100
AcDbEntity
  8
attrib
100
AcDbText
 10
51.12500000000002
 20
98.62500000000003
 30
0.0
 40
0.5
  1
11.0
100
AcDbAttributeDefinition
  3

  2
A
 70
     8
280
     0
  0
ATTDEF
  5
2A0
330
286
100
AcDbEntity
  8
attrib
100
AcDbText
 10
51.12500000000002
 20
98.12500000000003
 30
0.0
 40
0.5
  1
16.0
100
AcDbAttributeDefinition
  3

  2
W
 70
     8
280
     0
  0
ATTDEF
  5
2A1
330
286
100
AcDbEntity
  8
attrib
100
AcDbText
 10
51.12500000000002
 20
97.62500000000003
 30
0.0
 40
0.5
  1
0
100
AcDbAttributeDefinition
  3

  2
L
 70
     8
280
     0
  0
ATTDEF
  5
2A2
330
286
100
AcDbEntity
  8
attrib
100
AcDbText
 10
51.12500000000002
 20
97.12500000000003
 30
0.0
 40
0.5
  1
38.81
100
AcDbAttributeDefinition
  3

  2
PD
 70
     8
280
     0
  0
ATTDEF
  5
2A3
330
286
100
AcDbEntity
  8
attrib
100
AcDbText
 10
51.12500000000002
 20
96.62500000000003
 30
0.0
 40
0.5
  1
38.30
100
AcDbAttributeDefinition
  3

  2
OD
 70
     8
280
     0
  0
ATTDEF
  5
2A4
330
286
100
AcDbEntity
  8
attrib
100
AcDbText
 10
51.12500000000002
 20
96.12500000000003
 30
0.0
 40
0.5
  1
0
100
AcDbAttributeDefinition
  3

  2
D
 70
     8
280
     0
  0
ATTDEF
  5
2A5
330
286
100
AcDbEntity
  8
attrib
100
AcDbText
 10
51.12500000000002
 20
95.62500000000003
 30
0.0
 40
0.5
  1
45
100
AcDbAttributeDefinition
  3

  2
F
 70
     8
280
     0
  0
ATTDEF
  5
2A6
330
286
100
AcDbEntity
  8
attrib
100
AcDbText
 10
51.12500000000002
 20
95.12500000000003
 30
0.0
 40
0.5
  1
30
100
AcDbAttributeDefinition
  3

  2
E
 70
     8
280
     0
  0
ATTDEF
  5
2A7
330
286
100
AcDbEntity
  8
attrib
100
AcDbText
 10
51.12500000000002
 20
94.62500000000003
 30
0.0
 40
0.5
  1
1.6
100
AcDbAttributeDefinition
  3

  2
TT
 70
     8
280
     0
  0
ATTDEF
  5
2A8
330
286
100
AcDbEntity
  8
attrib
100
AcDbText
 10
51.12500000000002
 20
94.12500000000003
 30
0.0
 40
0.5
  1
w/o KC90 (Set Screw Angle)
100
AcDbAttributeDefinition
  3

  2
ALT1
 70
     8
280
     0
  0
ATTDEF
  5
2A9
330
286
100
AcDbEntity
  8
attrib
100
AcDbText
 10
51.12500000000002
 20
93.62500000000003
 30
0.0
 40
0.5
  1
w/o Side Tapped Hole
100
AcDbAttributeDefinition
  3

  2
ALT2
 70
     8
280
     0
  0
ATTDEF
  5
2AA
330
286
100
AcDbEntity
  8
attrib
100
AcDbText
 10
51.12500000000002
 20
93.12500000000003
 30
0.0
 40
0.5
  1
N/A
100
AcDbAttributeDefinition
  3

  2
M
 70
     8
280
     0
  0
ATTDEF
  5
2AB
330
286
100
AcDbEntity
  8
attrib
100
AcDbText
 10
51.12500000000002
 20
92.62500000000003
 30
0.0
 40
0.5
  1
0.0
100
AcDbAttributeDefinition
  3

  2
QSC
 70
     8
280
     0
  0
ATTDEF
  5
2AC
330
286
100
AcDbEntity
  8
attrib
100
AcDbText
 10
51.12500000000002
 20
92.12500000000003
 30
0.0
 40
0.5
  1
0.0
100
AcDbAttributeDefinition
  3

  2
QFC
 70
     8
280
     0
  0
ATTDEF
  5
2AD
330
286
100
AcDbEntity
  8
attrib
100
AcDbText
 10
51.12500000000002
 20
91.62500000000003
 30
0.0
 40
0.5
  1
0.0
100
AcDbAttributeDefinition
  3

  2
QTC
 70
     8
280
     0
  0
ATTDEF
  5
2AE
330
286
100
AcDbEntity
  8
attrib
100
AcDbText
 10
51.12500000000002
 20
91.12500000000003
 30
0.0
 40
0.5
  1
w/o Side Through Hole
100
AcDbAttributeDefinition
  3

  2
ALT3
 70
     8
280
     0
  0
ATTDEF
  5
2AF
330
286
100
AcDbEntity
  8
attrib
100
AcDbText
 10
51.12500000000002
 20
90.62500000000003
 30
0.0
 40
0.5
  1
0.0
100
AcDbAttributeDefinition
  3

  2
K
 70
     8
280
     0
  0
ATTDEF
  5
2B0
330
286
100
AcDbEntity
  8
attrib
100
AcDbText
 10
51.12500000000002
 20
90.12500000000003
 30
0.0
 40
0.5
  1
0.0
100
AcDbAttributeDefinition
  3

  2
KSC
 70
     8
280
     0
  0
ATTDEF
  5
2B1
330
286
100
AcDbEntity
  8
attrib
100
AcDbText
 10
51.12500000000002
 20
89.62500000000003
 30
0.0
 40
0.5
  1
0.0
100
AcDbAttributeDefinition
  3

  2
KFC
 70
     8
280
     0
  0
ATTDEF
  5
2B2
330
286
100
AcDbEntity
  8
attrib
100
AcDbText
 10
51.12500000000002
 20
89.12500000000003
 30
0.0
 40
0.5
  1
0.0
100
AcDbAttributeDefinition
  3

  2
KTC
 70
     8
280
     0
  0
ATTDEF
  5
2B3
330
286
100
AcDbEntity
  8
attrib
100
AcDbText
 10
51.12500000000002
 20
88.62500000000003
 30
0.0
 40
0.5
  1
Not applicable
100
AcDbAttributeDefinition
  3

  2
ALT4
 70
     8
280
     0
  0
ATTDEF
  5
2B4
330
286
100
AcDbEntity
  8
attrib
100
AcDbText
 10
51.12500000000002
 20
88.12500000000003
 30
0.0
 40
0.5
  1
N/A
100
AcDbAttributeDefinition
  3

  2
ZM
 70
     8
280
     0
  0
ATTDEF
  5
2B5
330
286
100
AcDbEntity
  8
attrib
100
AcDbText
 10
51.12500000000002
 20
87.62500000000003
 30
0.0
 40
0.5
  1
0.0
100
AcDbAttributeDefinition
  3

  2
ZMDD1
 70
     8
280
     0
  0
ATTDEF
  5
2B6
330
286
100
AcDbEntity
  8
attrib
100
AcDbText
 10
51.12500000000002
 20
87.12500000000003
 30
0.0
 40
0.5
  1
0.0
100
AcDbAttributeDefinition
  3

  2
ZMDD2
 70
     8
280
     0
  0
ATTDEF
  5
2B7
330
286
100
AcDbEntity
  8
attrib
100
AcDbText
 10
51.12500000000002
 20
86.62500000000003
 30
0.0
 40
0.5
  1
0.0
100
AcDbAttributeDefinition
  3

  2
ZMHH
 70
     8
280
     0
  0
ATTDEF
  5
2B8
330
286
100
AcDbEntity
  8
attrib
100
AcDbText
 10
51.12500000000002
 20
86.12500000000003
 30
0.0
 40
0.5
  1
0.0
100
AcDbAttributeDefinition
  3

  2
ZSC
 70
     8
280
     0
  0
ATTDEF
  5
2B9
330
286
100
AcDbEntity
  8
attrib
100
AcDbText
 10
51.12500000000002
 20
85.62500000000003
 30
0.0
 40
0.5
  1
0.0
100
AcDbAttributeDefinition
  3

  2
ZFC
 70
     8
280
     0
  0
ATTDEF
  5
2BA
330
286
100
AcDbEntity
  8
attrib
100
AcDbText
 10
51.12500000000002
 20
85.12500000000003
 30
0.0
 40
0.5
  1
0.0
100
AcDbAttributeDefinition
  3

  2
ZTC
 70
     8
280
     0
  0
ATTDEF
  5
2BB
330
286
100
AcDbEntity
  8
attrib
100
AcDbText
 10
51.12500000000002
 20
84.62500000000003
 30
0.0
 40
0.5
  1
w/o Flange not Attached
100
AcDbAttributeDefinition
  3

  2
ALT5
 70
     8
280
     0
  0
ATTDEF
  5
2BC
330
286
100
AcDbEntity
  8
attrib
100
AcDbText
 10
51.12500000000002
 20
84.12500000000003
 30
0.0
 40
0.5
  1
w/o Flange Attached on One Side Only
100
AcDbAttributeDefinition
  3

  2
ALT6
 70
     8
280
     0
  0
ATTDEF
  5
2BD
330
286
100
AcDbEntity
  8
attrib
100
AcDbText
 10
51.12500000000002
 20
83.62500000000003
 30
0.0
 40
0.5
  1
w/o FC (Flange Cut)
100
AcDbAttributeDefinition
  3

  2
ALT7
 70
     8
280
     0
  0
ATTDEF
  5
2BE
330
286
100
AcDbEntity
  8
attrib
100
AcDbText
 10
51.12500000000002
 20
83.12500000000003
 30
0.0
 40
0.5
  1
0.0
100
AcDbAttributeDefinition
  3

  2
FC
 70
     8
280
     0
  0
ATTDEF
  5
2BF
330
286
100
AcDbEntity
  8
attrib
100
AcDbText
 10
51.12500000000002
 20
82.62500000000003
 30
0.0
 40
0.5
  1
Not applicable
100
AcDbAttributeDefinition
  3

  2
ALT8
 70
     8
280
     0
  0
ATTDEF
  5
2C0
330
286
100
AcDbEntity
  8
attrib
100
AcDbText
 10
51.12500000000002
 20
82.12500000000003
 30
0.0
 40
0.5
  1
0.0
100
AcDbAttributeDefinition
  3

  2
SRG
 70
     8
280
     0
  0
ATTDEF
  5
2C1
330
286
100
AcDbEntity
  8
attrib
100
AcDbText
 10
51.12500000000002
 20
81.62500000000003
 30
0.0
 40
0.5
  1
0.0
100
AcDbAttributeDefinition
  3

  2
DD2
 70
     8
280
     0
  0
ATTDEF
  5
2C2
330
286
100
AcDbEntity
  8
attrib
100
AcDbText
 10
51.12500000000002
 20
81.12500000000003
 30
0.0
 40
0.5
  1
0.00
100
AcDbAttributeDefinition
  3

  2
MM
 70
     8
280
     0
  0
ATTDEF
  5
2C3
330
286
100
AcDbEntity
  8
attrib
100
AcDbText
 10
51.12500000000002
 20
80.62500000000003
 30
0.0
 40
0.5
  1
0.00
100
AcDbAttributeDefinition
  3

  2
NN
 70
     8
280
     0
  0
ATTDEF
  5
2C4
330
286
100
AcDbEntity
  8
attrib
100
AcDbText
 10
51.12500000000002
 20
80.12500000000003
 30
0.0
 40
0.5
  1
Not applicable
100
AcDbAttributeDefinition
  3

  2
ALT9
 70
     8
280
     0
  0
ATTDEF
  5
2C5
330
286
100
AcDbEntity
  8
attrib
100
AcDbText
 10
51.12500000000002
 20
79.62500000000003
 30
0.0
 40
0.5
  1
0
100
AcDbAttributeDefinition
  3

  2
BTC
 70
     8
280
     0
  0
ATTDEF
  5
2C6
330
286
100
AcDbEntity
  8
attrib
100
AcDbText
 10
51.12500000000002
 20
79.12500000000003
 30
0.0
 40
0.5
  1
0.0
100
AcDbAttributeDefinition
  3

  2
TL
 70
     8
280
     0
  0
ATTDEF
  5
2C7
330
286
100
AcDbEntity
  8
attrib
100
AcDbText
 10
51.12500000000002
 20
78.62500000000003
 30
0.0
 40
0.5
  1
0
100
AcDbAttributeDefinition
  3

  2
BTCL
 70
     8
280
     0
  0
ATTDEF
  5
2C8
330
286
100
AcDbEntity
  8
attrib
100
AcDbText
 10
51.12500000000002
 20
78.12500000000003
 30
0.0
 40
0.5
  1
0
100
AcDbAttributeDefinition
  3

  2
BTCD
 70
     8
280
     0
  0
ATTDEF
  5
2C9
330
286
100
AcDbEntity
  8
attrib
100
AcDbText
 10
51.12500000000002
 20
77.62500000000003
 30
0.0
 40
0.5
  1
w/o TPC (Tapped Hole Dimension)
100
AcDbAttributeDefinition
  3

  2
ALT10
 70
     8
280
     0
  0
ATTDEF
  5
2CA
330
286
100
AcDbEntity
  8
attrib
100
AcDbText
 10
51.12500000000002
 20
77.12500000000003
 30
0.0
 40
0.5
  1
N/A
100
AcDbAttributeDefinition
  3

  2
TPC
 70
     8
280
     0
  0
ATTDEF
  5
2CB
330
286
100
AcDbEntity
  8
attrib
100
AcDbText
 10
51.12500000000002
 20
76.62500000000003
 30
0.0
 40
0.5
  1
Not applicable
100
AcDbAttributeDefinition
  3

  2
ALT11
 70
     8
280
     0
  0
ATTDEF
  5
2CC
330
286
100
AcDbEntity
  8
attrib
100
AcDbText
 10
51.12500000000002
 20
76.12500000000003
 30
0.0
 40
0.5
  1
0.0
100
AcDbAttributeDefinition
  3

  2
BC
 70
     8
280
     0
  0
ATTDEF
  5
2CD
330
286
100
AcDbEntity
  8
attrib
100
AcDbText
 10
51.12500000000002
 20
75.62500000000003
 30
0.0
 40
0.5
  1
w/o SLH (Set Screw Length)
100
AcDbAttributeDefinition
  3

  2
ALT12
 70
     8
280
     0
  0
ATTDEF
  5
2CE
330
286
100
AcDbEntity
  8
attrib
100
AcDbText
 10
51.12500000000002
 20
75.12500000000003
 30
0.0
 40
0.5
  1
0
100
AcDbAttributeDefinition
  3

  2
SLH
 70
     8
280
     0
  0
ATTDEF
  5
2CF
330
286
100
AcDbEntity
  8
attrib
100
AcDbText
 10
51.12500000000002
 20
74.62500000000003
 30
0.0
 40
0.5
  1
Not applicable
100
AcDbAttributeDefinition
  3

  2
ALT13
 70
     8
280
     0
  0
ATTDEF
  5
2D0
330
286
100
AcDbEntity
  8
attrib
100
AcDbText
 10
51.12500000000002
 20
74.12500000000003
 30
0.0
 40
0.5
  1
0.0
100
AcDbAttributeDefinition
  3

  2
BN
 70
     8
280
     0
  0
ATTDEF
  5
2D1
330
286
100
AcDbEntity
  8
attrib
100
AcDbText
 10
51.12500000000002
 20
73.62500000000003
 30
0.0
 40
0.5
  1
M4x3
100
AcDbAttributeDefinition
  3

  2
AC
 70
     8
280
     0
  0
ATTDEF
  5
2D2
330
286
100
AcDbEntity
  8
attrib
100
AcDbText
 10
51.12500000000002
 20
73.12500000000003
 30
0.0
 40
0.5
  1
misumi
100
AcDbAttributeDefinition
  3

  2
COMPANY
 70
     8
280
     0
  0
ATTDEF
  5
2D3
330
286
100
AcDbEntity
  8
attrib
100
AcDbText
 10
51.12500000000002
 20
72.62500000000003
 30
0.0
 40
0.5
  1
1
100
AcDbAttributeDefinition
  3

  2
ExcludeFromBOM
 70
     8
280
     0
  0
ATTDEF
  5
2D4
330
286
100
AcDbEntity
  8
attrib
100
AcDbText
 10
51.12500000000002
 20
72.12500000000003
 30
0.0
 40
0.5
  1
{$CADENAS_DATA/23d-libs/misumi/metric/51_timing_pulleys/mtp_xl/mtp_xl.prj},888 {VTYP=3D},{NB=MTP24XL037-A-C10_b},{LINA=MTP24XL037-A-C10},{NN=ATP__XL025, ATP__XL031, ATP__ XL037, ATP__XL050, BTP__XL025, BTP__XL031, BTP__XL037, BTP__XL050, KTP__XL025,
100
AcDbAttributeDefinition
  3

  2
PSOL_0
 70
     9
280
     0
  0
ATTDEF
  5
2D5
330
286
100
AcDbEntity
  8
attrib
100
AcDbText
 10
51.12500000000002
 20
71.62500000000003
 30
0.0
 40
0.5
  1
XL031, KTP__ XL037, KTP__XL050, NTP__XL025, NTP__XL031, NTP__ XL037, NTP__XL050, MTP__XL025, MTP__ XL037, MTP__XL050, MTPB__XL025, MTPB__ XL037, MTPB__XL050, MTPP__XL025, MTPP__ XL037, MTPP__XL050, STP__XL025, STP__XL031, STP__ XL037, STP__XL050, KA
100
AcDbAttributeDefinition
  3

  2
PSOL_1
 70
     9
280
     0
  0
ATTDEF
  5
2D6
330
286
100
AcDbEntity
  8
attrib
100
AcDbText
 10
51.12500000000002
 20
71.12500000000003
 30
0.0
 40
0.5
  1
025, KATP__XL031, KATP__ XL037, KATP__XL050, KKTP__XL025, KKTP__XL031, KKTP__ XL037, KKTP__XL050_body},{DATE=06.01.2023 09:07:12},{GEOMDATE=06.01.2023 09:06:51},{VERSION=},{LINEID=110},{WBVAR=MATP,ST,TNW,PS,SBS,DD,Z,J,Q,R,S,T,ALT1,ALT2,M,QSC,QFC,QTC
100
AcDbAttributeDefinition
  3

  2
PSOL_2
 70
     9
280
     0
  0
ATTDEF
  5
2D7
330
286
100
AcDbEntity
  8
attrib
100
AcDbText
 10
51.12500000000002
 20
70.62500000000003
 30
0.0
 40
0.5
  1
K,KSC,KFC,KTC,ALT4,ZM,ZSC,ZFC,ZTC,ALT5,ALT6,ALT7,FC,ALT8,SRG,ALT9,BTC,TL,ALT10,TPC,ALT11,BC,ALT12,SLH,ALT13,BN},{WBNUMERIC=DD,Z,J,Q,R,S,T,QSC,QFC,QTC,K,KSC,KFC,KTC,ZSC,ZFC,ZTC,FC,SRG,BTC,TL,BC,SLH,BN}  {NB=MTP24XL037-A-C10_b},{LINA=MTP24XL037-A-C10}
100
AcDbAttributeDefinition
  3

  2
PSOL_3
 70
     9
280
     0
  0
ATTDEF
  5
2D8
330
286
100
AcDbEntity
  8
attrib
100
AcDbText
 10
51.12500000000002
 20
70.12500000000003
 30
0.0
 40
0.5
  1
UMMY},{PN=MTP24XL037-A-C10},{TYPE=MTP},{MATP=S45C},{MATPALG= 'A2017','Aluminum Alloy 2000 series','S45C','1045 Carbon Steel Equivalent','SUS304','SUS304', 'A6000', '6000 Series Aluminum Alloy' },{ST=-},{STALG= '-','-','BO','Black Oxide','ENP','Elect
100
AcDbAttributeDefinition
  3

  2
PSOL_4
 70
     9
280
     0
  0
ATTDEF
  5
2D9
330
286
100
AcDbEntity
  8
attrib
100
AcDbText
 10
51.12500000000002
 20
69.62500000000003
 30
0.0
 40
0.5
  1
 Nickel Plating' },{NT=24},{TNW=XL037},{TNWALG= 'XL025','XL031','XL037','XL050' },{BW=9.5mm (3/8inch)},{PS=A},{PSALG= 'A','B' },{SBS=C},{SBSALG= 'H','Round Hole','P','Round Hole + Tap','N','New JIS Keywayed Bore + Tap (Standard)','NK','New JIS Keywa
100
AcDbAttributeDefinition
  3

  2
PSOL_5
 70
     9
280
     0
  0
ATTDEF
  5
2DA
330
286
100
AcDbEntity
  8
attrib
100
AcDbText
 10
51.12500000000002
 20
69.12500000000003
 30
0.0
 40
0.5
  1
re + Tap (width 4.0mm, height 1.8mm)','C','Old JIS Keywayed Bore + Tap','V','Stepped Hole','Y','Both Ends Stepped Hole','WB','Double Stepped Hole' },{DD=10.00},{DDALG=[10,12,15,16,18,19,20]},{DDHA=[6:6/1],6.35,[7:12/1],12.7,[13:26/1]},{DDPA=[8:12/1]
100
AcDbAttributeDefinition
  3

  2
PSOL_6
 70
     9
280
     0
  0
ATTDEF
  5
2DB
330
286
100
AcDbEntity
  8
attrib
100
AcDbText
 10
51.12500000000002
 20
68.62500000000003
 30
0.0
 40
0.5
  1
[13:22/1]},{DDNA=[8:8/1],[10:22/1]},{DDNK=[10:10/1]},{DDCA=[10,12,15,16,18,19,20]},{DDVA=[8:12/1],12.7,[13:21/1]},{DDY=[8:21/1]},{DDWB=[8:19/1]},{DDHB=},{DDPB=},{DDNB=},{DDCB=},{DDVFB=},{Z=0},{ZALG=[0]},{ZMIN=12.000},{ZAMAX=23.000},{ZBMAX=0.000},{DD
100
AcDbAttributeDefinition
  3

  2
PSOL_7
 70
     9
280
     0
  0
ATTDEF
  5
2DC
330
286
100
AcDbEntity
  8
attrib
100
AcDbText
 10
51.12500000000002
 20
68.12500000000003
 30
0.0
 40
0.5
  1
00},{J=0.0},{JALG=[0]},{JMIN=2.000},{JMAX=14.0},{JPN=},{Q=0},{QALG=[0]},{QRMIN=12.000},{QRMAX=23},{WBQMIN=14.000},{R=0},{RALG=[0]},{WBRMAX=-2.000},{S=0.0},{SALG=[0]},{SMAX=8},{T=0.0},{TALG=[0]},{TMAX=8},{SBSPN=-C10},{A=11.0},{W=16.0},{L=0},{PD=38.81
100
AcDbAttributeDefinition
  3

  2
PSOL_8
 70
     9
280
     0
  0
ATTDEF
  5
2DD
330
286
100
AcDbEntity
  8
attrib
100
AcDbText
 10
51.12500000000002
 20
67.62500000000003
 30
0.0
 40
0.5
  1
38.30},{D=0},{DALG=26.000},{DE=30},{F=45},{E=30},{TT=1.6},{BBK=4.000},{TTK=1.5},{ALT1=},{ANG=120.000},{ALT1ALG= '','w/o KC90 (Set Screw Angle)','KC90','with KC90 (Set Screw Angle)' },{ALT1PN=},{ALT2=},{ALT2ALG= '','w/o Side Tapped Hole','QTC','with 
100
AcDbAttributeDefinition
  3

  2
PSOL_9
 70
     9
280
     0
  0
ATTDEF
  5
2DE
330
286
100
AcDbEntity
  8
attrib
100
AcDbText
 10
51.12500000000002
 20
67.12500000000003
 30
0.0
 40
0.5
  1
 Places Side Tapped Hole)' },{M=N/A},{MALG= 'N/A' },{MFTALG= 'N/A' },{MSALG= 'N/A' },{M3D=0.000},{KDML=0.000},{ML=0.000},{MUL=0.000},{PITCH=0.000},{QSC=0.0},{QSCALG=0},{QFC=0.0},{QFCALG=0},{QTC=0.0},{QTCALG=0},{QPCDMIN=0.000},{QPCDMINALG=0.000},{QPC
100
AcDbAttributeDefinition
  3

  2
PSOL_10
 70
     9
280
     0
  0
ATTDEF
  5
2DF
330
286
100
AcDbEntity
  8
attrib
100
AcDbText
 10
51.12500000000002
 20
66.62500000000003
 30
0.0
 40
0.5
  1
6.000},{ALT2PN=},{TAP=0.000},{ALT3=},{ALT3ALG= '','w/o Side Through Hole','KTC','with KTC (3 Places Side Through Hole)' },{K=0.0},{KALG=0},{KMIN=4.000},{KFTMAX=6.000},{KSMAX=6.000},{KSC=0.0},{KSCALG=0},{KFC=0.0},{KFCALG=0},{KTC=0.0},{KTCALG=0},{KSCM
100
AcDbAttributeDefinition
  3

  2
PSOL_11
 70
     9
280
     0
  0
ATTDEF
  5
2E0
330
286
100
AcDbEntity
  8
attrib
100
AcDbText
 10
51.12500000000002
 20
66.12500000000003
 30
0.0
 40
0.5
  1
000},{KPCDMIN=14.000},{KPCDMAX=26.000},{ALT3PN=},{ALT4=},{ALT4ALG= '','Not applicable' },{ALT4MIN=20.500},{ALT4MAX=19.500},{ZM=N/A},{ZMALG= 'N/A' },{ZMFTALG= 'N/A' },{ZMSALG= 'N/A' },{ZMDD1=0.0},{ZMDD2=0.0},{ZMHH=0.0},{ZSC=0.0},{ZSCALG=[0]},{ZFC=0.0
100
AcDbAttributeDefinition
  3

  2
PSOL_12
 70
     9
280
     0
  0
ATTDEF
  5
2E1
330
286
100
AcDbEntity
  8
attrib
100
AcDbText
 10
51.12500000000002
 20
65.62500000000003
 30
0.0
 40
0.5
  1
ALG=[0]},{ZTC=0.0},{ZTCALG=[0]},{ZPCDMIN=0.000},{ZPCDMINALG=0.000},{ZPCDMAX=26.000},{ALT4PN=},{ALT5=},{ALT5ALG= '','w/o Flange not Attached','NFC','with NFC (Flange not Attached)' },{ALT5PN=},{ALT6=},{ALT6ALG= '','w/o Flange Attached on One Side Onl
100
AcDbAttributeDefinition
  3

  2
PSOL_13
 70
     9
280
     0
  0
ATTDEF
  5
2E2
330
286
100
AcDbEntity
  8
attrib
100
AcDbText
 10
51.12500000000002
 20
65.12500000000003
 30
0.0
 40
0.5
  1
C','with RFC (Flange Attached on The Boss Side Only)','LFC','with LFC (Flange Attached on The Opposite Side Only)' },{ALT6PN=},{ALT7=},{ALT7ALG= '','w/o FC (Flange Cut)','FC','with FC (Flange Cut)' },{FC=0.0},{FCALG=0},{FCMIN=39.5},{FCMAX=43.0},{ALT
100
AcDbAttributeDefinition
  3

  2
PSOL_14
 70
     9
280
     0
  0
ATTDEF
  5
2E3
330
286
100
AcDbEntity
  8
attrib
100
AcDbText
 10
51.12500000000002
 20
64.62500000000003
 30
0.0
 40
0.5
  1
{ALT8=},{ALT8ALG= '','Not applicable' },{ALT8ALGALG=26.000},{ALT8DD2=0.000},{ALT8MM=0.000},{ALT8NN=0.000},{QC=0.000},{KC=0.000},{ZC=0.000},{SRG=0.0},{SRGALG=[0]},{SRGMAX=0.000},{DD2=0.0},{MM=0.00},{NN=0.00},{ALT8PN=},{ALT9=},{ALT9ALG= '','Not applic
100
AcDbAttributeDefinition
  3

  2
PSOL_15
 70
     9
280
     0
  0
ATTDEF
  5
2E4
330
286
100
AcDbEntity
  8
attrib
100
AcDbText
 10
51.12500000000002
 20
64.12500000000003
 30
0.0
 40
0.5
  1
},{BTC9=11.000},{TL9=1.000},{BTC=0},{BTCALG=[0]},{TL=0.0},{TLALG=0},{TLMIN=1.000},{TLMAX=-16.500},{BTCL=0},{BTCD=0},{ALT9PN=},{WLBCTL=16.000},{ALT10=},{ALT10ALG= '','w/o TPC (Tapped Hole Dimension)','TPC','with TPC (Tapped Hole Dimension)' },{TPC=N/
100
AcDbAttributeDefinition
  3

  2
PSOL_16
 70
     9
280
     0
  0
ATTDEF
  5
2E5
330
286
100
AcDbEntity
  8
attrib
100
AcDbText
 10
51.12500000000002
 20
63.62500000000003
 30
0.0
 40
0.5
  1
CALG= 'N/A' },{TPCM=4.000},{ALT10PN=},{ALT11=},{ALT11ALG= '','Not applicable' },{BC=0.0},{BCALG=0},{BCMIN=7},{BCMAX=-16.5},{M1WBC=8},{ALT11PN=},{KTT=12.65},{ALT12=},{ALT12ALG= '','w/o SLH (Set Screw Length)','SLH','with SLH (Set Screw Length)' },{SL
100
AcDbAttributeDefinition
  3

  2
PSOL_17
 70
     9
280
     0
  0
ATTDEF
  5
2E6
330
286
100
AcDbEntity
  8
attrib
100
AcDbText
 10
51.12500000000002
 20
63.12500000000003
 30
0.0
 40
0.5
  1
0]},{SLH=0},{ALT12PN=},{ALT13=},{ALT13ALG= '', 'Not applicable' },{BN=0.0},{BNALG=0},{BNMIN=-15.5},{BNMAX=-6},{ALT13PN=},{AC=M4x3},{M1=4.000},{M1L=3.000},{KEYA=1.000},{KEYB=0.000},{KEYM=1.000}
100
AcDbAttributeDefinition
  3

  2
PSOL_18
 70
     9
280
     0
  0
LINE
  5
2E7
330
286
100
AcDbEntity
  8
hidden
100
AcDbLine
 10
20.879
 20
104.5766514517328
 30
0.0
 11
20.879
 21
92.0
 31
0.0
  0
LINE
  5
2E8
330
286
100
AcDbEntity
  8
hidden
100
AcDbLine
 10
24.121
 20
92.0
 30
0.0
 11
24.121
 21
104.5766514517328
 31
0.0
  0
LINE
  5
2E9
330
286
100
AcDbEntity
  8
hidden
100
AcDbLine
 10
6.789987144326753
 20
74.5580502760918
 30
0.0
 11
19.21424936679895
 21
81.73120141471863
 31
0.0
  0
LINE
  5
2EA
330
286
100
AcDbEntity
  8
hidden
100
AcDbLine
 10
17.5927941772198
 20
84.53859296996171
 30
0.0
 11
5.168987144326856
 21
77.36570463516101
 31
0.0
  0
ARC
  5
2EB
330
286
100
AcDbEntity
  8
hidden
100
AcDbCircle
 10
4.141714235502314
 20
85.7508860080575
 30
0.0
 40
0.6100000000000273
100
AcDbArc
 50
359.2170710601735
 51
65.0000000000057
  0
ARC
  5
2EC
330
286
100
AcDbEntity
  8
hidden
100
AcDbCircle
 10
4.141714235502284
 20
85.2491139919424
 30
0.0
 40
0.6099999999999804
100
AcDbArc
 50
294.9999999999997
 51
0.7829441381479132
  0
LINE
  5
2ED
330
286
100
AcDbEntity
  8
hidden
100
AcDbLine
 10
3.77555140860532
 20
84.40530893106155
 30
0.0
 11
4.399511375164099
 21
84.69626624185005
 31
0.0
  0
ARC
  5
2EE
330
286
100
AcDbEntity
  8
hidden
100
AcDbCircle
 10
4.033348548267163
 20
83.85246118096919
 30
0.0
 40
0.6100000000000179
100
AcDbArc
 50
115.0000000000009
 51
185.0982580239086
  0
LINE
  5
2EF
330
286
100
AcDbEntity
  8
hidden
100
AcDbLine
 10
4.399511375164099
 20
86.30373375814992
 30
0.0
 11
3.77555140860531
 21
86.59469106893843
 31
0.0
  0
ARC
  5
2F0
330
286
100
AcDbEntity
  8
hidden
100
AcDbCircle
 10
22.50000000004216
 20
85.49999999999987
 30
0.0
 40
17.75000000004216
100
AcDbArc
 50
179.2170383018027
 51
180.7829611758884
  0
ARC
  5
2F1
330
286
100
AcDbEntity
  8
hidden
100
AcDbCircle
 10
4.033348548267126
 20
87.14753881903079
 30
0.0
 40
0.609999999999992
100
AcDbArc
 50
174.9017267561317
 51
245.0000000000008
  0
ARC
  5
2F2
330
286
100
AcDbEntity
  8
hidden
100
AcDbCircle
 10
5.088998861603615
 20
91.87092139009421
 30
0.0
 40
0.6100000000000219
100
AcDbArc
 50
159.9017241754749
 51
229.9999999999994
  0
ARC
  5
2F3
330
286
100
AcDbEntity
  8
hidden
100
AcDbCircle
 10
4.236170013781817
 20
82.31187920013704
 30
0.0
 40
0.6099999999999871
100
AcDbArc
 50
189.9017267561321
 51
260.0000000000013
  0
ARC
  5
2F4
330
286
100
AcDbEntity
  8
hidden
100
AcDbCircle
 10
5.08899886160352
 20
79.1290786099057
 30
0.0
 40
0.6100000000000083
100
AcDbArc
 50
129.9999999999882
 51
200.0982968115611
  0
ARC
  5
2F5
330
286
100
AcDbEntity
  8
hidden
100
AcDbCircle
 10
4.236170013781869
 20
88.68812079986293
 30
0.0
 40
0.6100000000000108
100
AcDbArc
 50
100.0000000000032
 51
170.0982580239097
  0
ARC
  5
2F6
330
286
100
AcDbEntity
  8
hidden
100
AcDbCircle
 10
22.49999999998217
 20
85.50000000001748
 30
0.0
 40
17.74999999997504
100
AcDbArc
 50
134.2170383017993
 51
135.7829612086613
  0
LINE
  5
2F7
330
286
100
AcDbEntity
  8
hidden
100
AcDbLine
 10
6.831497382465681
 20
75.18974542930603
 30
0.0
 11
7.226383909055825
 21
75.75370183514505
 31
0.0
  0
LINE
  5
2F8
330
286
100
AcDbEntity
  8
hidden
100
AcDbLine
 10
4.696898419694822
 20
79.59636572020837
 30
0.0
 11
5.22429217262053
 21
80.03890162377353
 31
0.0
  0
ARC
  5
2F9
330
286
100
AcDbEntity
  8
hidden
100
AcDbCircle
 10
9.341328447360839
 20
98.30386515743449
 30
0.0
 40
0.6100000000000292
100
AcDbArc
 50
250.000000000002
 51
315.7829431845815
  0
ARC
  5
2FA
330
286
100
AcDbEntity
  8
hidden
100
AcDbCircle
 10
22.50000000006234
 20
85.49999999998326
 30
0.0
 40
17.75000000006454
100
AcDbArc
 50
164.2170383018039
 51
165.7829611758877
  0
ARC
  5
2FB
330
286
100
AcDbEntity
  8
hidden
100
AcDbCircle
 10
4.832191730711766
 20
90.49381126592384
 30
0.0
 40
0.6100000000000289
100
AcDbArc
 50
344.2170710601696
 51
50.000000000005
  0
LINE
  5
2FC
330
286
100
AcDbEntity
  8
hidden
100
AcDbLine
 10
5.224292172620522
 20
90.96109837622646
 30
0.0
 11
4.696898419694804
 21
91.40363427979162
 31
0.0
  0
ARC
  5
2FD
330
286
100
AcDbEntity
  8
hidden
100
AcDbCircle
 10
6.475815153981965
 20
94.46186922581687
 30
0.0
 40
0.6099999999999506
100
AcDbArc
 50
264.9999999999981
 51
330.78294413815
  0
ARC
  5
2FE
330
286
100
AcDbEntity
  8
hidden
100
AcDbCircle
 10
4.702323576641664
 20
90.00913671664908
 30
0.0
 40
0.6099999999999731
100
AcDbArc
 50
279.9999999999985
 51
345.7829441381479
  0
LINE
  5
2FF
330
286
100
AcDbEntity
  8
hidden
100
AcDbLine
 10
7.226383909055809
 20
95.24629816485492
 30
0.0
 11
6.83149738246566
 21
95.81025457069396
 31
0.0
  0
ARC
  5
300
330
286
100
AcDbEntity
  8
hidden
100
AcDbCircle
 10
22.50000000003777
 20
85.49999999997804
 30
0.0
 40
17.75000000004368
100
AcDbArc
 50
149.2170383018028
 51
150.7829611758883
  0
ARC
  5
301
330
286
100
AcDbEntity
  8
hidden
100
AcDbCircle
 10
5.68364131045116
 20
77.69348474513525
 30
0.0
 40
0.6099999999999971
100
AcDbArc
 50
204.9017267561335
 51
275.0000000000007
  0
ARC
  5
302
330
286
100
AcDbEntity
  8
hidden
100
AcDbCircle
 10
7.331180129481899
 20
74.83986380313178
 30
0.0
 40
0.6100000000000102
100
AcDbArc
 50
144.9999999999876
 51
215.0982192362489
  0
LINE
  5
303
330
286
100
AcDbEntity
  8
hidden
100
AcDbLine
 10
6.422650150905891
 20
77.14580954001902
 30
0.0
 11
5.736806313527239
 21
77.08580597929928
 31
0.0
  0
ARC
  5
304
330
286
100
AcDbEntity
  8
hidden
100
AcDbCircle
 10
4.832191730711715
 20
80.5061887340761
 30
0.0
 40
0.6100000000000179
100
AcDbArc
 50
310.0000000000017
 51
15.78294413814544
  0
ARC
  5
305
330
286
100
AcDbEntity
  8
hidden
100
AcDbCircle
 10
9.341328447360954
 20
72.69613484256558
 30
0.0
 40
0.6099999999999722
100
AcDbArc
 50
44.21707106016832
 51
110.0000000000098
  0
LINE
  5
306
330
286
100
AcDbEntity
  8
hidden
100
AcDbLine
 10
10.26934734124492
 20
98.86730384006779
 30
0.0
 11
10.03387890519662
 21
99.5142480511048
 31
0.0
  0
LINE
  5
307
330
286
100
AcDbEntity
  8
hidden
100
AcDbLine
 10
5.736806313527232
 20
93.9141940207007
 30
0.0
 11
6.422650150905877
 21
93.85419045998096
 31
0.0
  0
ARC
  5
308
330
286
100
AcDbEntity
  8
hidden
100
AcDbCircle
 10
7.33118012948195
 20
96.16013619686811
 30
0.0
 40
0.6100000000000051
100
AcDbArc
 50
144.9017241754741
 51
215.0000000000008
  0
ARC
  5
309
330
286
100
AcDbEntity
  8
hidden
100
AcDbCircle
 10
5.683641310451045
 20
93.30651525486475
 30
0.0
 40
0.6100000000000018
100
AcDbArc
 50
84.9999999999891
 51
155.0982192362503
  0
ARC
  5
30A
330
286
100
AcDbEntity
  8
hidden
100
AcDbCircle
 10
6.726701162039617
 20
94.89641653868073
 30
0.0
 40
0.6099999999999641
100
AcDbArc
 50
329.2170710601666
 51
35.00000000000939
  0
ARC
  5
30B
330
286
100
AcDbEntity
  8
hidden
100
AcDbCircle
 10
4.702323576641713
 20
80.99086328335083
 30
0.0
 40
0.6100000000000214
100
AcDbArc
 50
14.21707106017046
 51
80.00000000000628
  0
ARC
  5
30C
330
286
100
AcDbEntity
  8
hidden
100
AcDbCircle
 10
22.50000000003567
 20
85.50000000000934
 30
0.0
 40
17.75000000003687
100
AcDbArc
 50
194.2170383018022
 51
195.7829611758883
  0
ARC
  5
30D
330
286
100
AcDbEntity
  8
hidden
100
AcDbCircle
 10
10.60709140387599
 20
71.27711966146643
 30
0.0
 40
0.609999999999976
100
AcDbArc
 50
159.999999999988
 51
230.0982192362524
  0
LINE
  5
30E
330
286
100
AcDbEntity
  8
hidden
100
AcDbLine
 10
10.03387890519665
 20
71.4857519488952
 30
0.0
 11
10.26934734124494
 21
72.1326961599322
 31
0.0
  0
ARC
  5
30F
330
286
100
AcDbEntity
  8
hidden
100
AcDbCircle
 10
9.696134842565552
 20
72.34132844736084
 30
0.0
 40
0.609999999999984
100
AcDbArc
 50
340.000000000001
 51
45.78294318458405
  0
LINE
  5
310
330
286
100
AcDbEntity
  8
hidden
100
AcDbLine
 10
9.132696159932209
 20
73.26934734124492
 30
0.0
 11
8.485751948895208
 21
73.03387890519663
 31
0.0
  0
ARC
  5
311
330
286
100
AcDbEntity
  8
hidden
100
AcDbCircle
 10
8.277119661466555
 20
73.60709140387605
 30
0.0
 40
0.6100000000000163
100
AcDbArc
 50
219.9017279274146
 51
289.9999999999989
  0
ARC
  5
312
330
286
100
AcDbEntity
  8
hidden
100
AcDbCircle
 10
22.49999999998291
 20
85.49999999998256
 30
0.0
 40
17.74999999997558
100
AcDbArc
 50
224.2170383017993
 51
225.7829612086613
  0
ARC
  5
313
330
286
100
AcDbEntity
  8
hidden
100
AcDbCircle
 10
10.60709140387606
 20
99.72288033853346
 30
0.0
 40
0.6100000000000279
100
AcDbArc
 50
129.9017241754762
 51
199.9999999999987
  0
ARC
  5
314
330
286
100
AcDbEntity
  8
hidden
100
AcDbCircle
 10
8.277119661466417
 20
97.39290859612403
 30
0.0
 40
0.6099999999999661
100
AcDbArc
 50
69.99999999998708
 51
140.0982192362533
  0
LINE
  5
315
330
286
100
AcDbEntity
  8
hidden
100
AcDbLine
 10
8.485751948895192
 20
97.96612109480336
 30
0.0
 11
9.132696159932191
 21
97.73065265875505
 31
0.0
  0
ARC
  5
316
330
286
100
AcDbEntity
  8
hidden
100
AcDbCircle
 10
9.696134842565554
 20
98.65867155263906
 30
0.0
 40
0.6099999999999922
100
AcDbArc
 50
314.217071060169
 51
20.00000000000726
  0
ARC
  5
317
330
286
100
AcDbEntity
  8
hidden
100
AcDbCircle
 10
6.475815153981956
 20
76.5381307741831
 30
0.0
 40
0.6099999999999528
100
AcDbArc
 50
29.2170393901751
 51
94.99999999999979
  0
ARC
  5
318
330
286
100
AcDbEntity
  8
hidden
100
AcDbCircle
 10
22.49999999997652
 20
85.49999999998646
 30
0.0
 40
17.74999999997289
100
AcDbArc
 50
209.2170393901771
 51
210.7829611758919
  0
ARC
  5
319
330
286
100
AcDbEntity
  8
hidden
100
AcDbCircle
 10
6.726701162039567
 20
76.10358346131919
 30
0.0
 40
0.6099999999999777
100
AcDbArc
 50
324.9999999999985
 51
30.78294413814782
  0
LINE
  5
31A
330
286
100
AcDbEntity
  8
hidden
100
AcDbLine
 10
4.130244625405005
 20
89.28885352920038
 30
0.0
 11
4.808248965018471
 21
89.40840398731166
 31
0.0
  0
LINE
  5
31B
330
286
100
AcDbEntity
  8
hidden
100
AcDbLine
 10
4.808248965018478
 20
81.59159601268831
 30
0.0
 11
4.130244625405005
 21
81.7111464707996
 31
0.0
  0
LINE
  5
31C
330
286
100
AcDbEntity
  8
hidden
100
AcDbLine
 10
12.18974542930601
 20
101.1685026175343
 30
0.0
 11
12.75370183514505
 21
100.7736160909442
 31
0.0
  0
ARC
  5
31D
330
286
100
AcDbEntity
  8
hidden
100
AcDbCircle
 10
13.53813077418303
 20
69.47581515398193
 30
0.0
 40
0.6100000000000461
100
AcDbArc
 50
355.0000000000028
 51
60.78294413814317
  0
ARC
  5
31E
330
286
100
AcDbEntity
  8
hidden
100
AcDbCircle
 10
22.49999999993671
 20
85.49999999989065
 30
0.0
 40
17.74999999987366
100
AcDbArc
 50
239.2170383017961
 51
240.7829611758966
  0
ARC
  5
31F
330
286
100
AcDbEntity
  8
hidden
100
AcDbCircle
 10
13.10358346131928
 20
69.7267011620396
 30
0.0
 40
0.6099999999999759
100
AcDbArc
 50
59.21707106016783
 51
125.0000000000092
  0
ARC
  5
320
330
286
100
AcDbEntity
  8
hidden
100
AcDbCircle
 10
11.8398638031319
 20
70.33118012948195
 30
0.0
 40
0.6100000000000009
100
AcDbArc
 50
234.9017267561318
 51
305.0000000000003
  0
LINE
  5
321
330
286
100
AcDbEntity
  8
hidden
100
AcDbLine
 10
14.08580597929929
 20
68.73680631352724
 30
0.0
 11
14.14580954001904
 21
69.42265015090588
 31
0.0
  0
LINE
  5
322
330
286
100
AcDbEntity
  8
hidden
100
AcDbLine
 10
12.75370183514508
 20
70.22638390905581
 30
0.0
 11
12.18974542930604
 21
69.83149738246567
 31
0.0
  0
ARC
  5
323
330
286
100
AcDbEntity
  8
hidden
100
AcDbCircle
 10
14.69348474513527
 20
68.68364131045105
 30
0.0
 40
0.6100000000000176
100
AcDbArc
 50
174.9999999999892
 51
245.0982192362509
  0
ARC
  5
324
330
286
100
AcDbEntity
  8
hidden
100
AcDbCircle
 10
13.10358346131919
 20
101.2732988379604
 30
0.0
 40
0.6099999999999812
100
AcDbArc
 50
234.9999999999994
 51
300.7829441381475
  0
ARC
  5
325
330
286
100
AcDbEntity
  8
hidden
100
AcDbCircle
 10
16.1290786099058
 20
68.08899886160359
 30
0.0
 40
0.609999999999992
100
AcDbArc
 50
249.9017279274126
 51
320.0000000000003
  0
LINE
  5
326
330
286
100
AcDbEntity
  8
hidden
100
AcDbLine
 10
16.59636572020835
 20
103.3031015803052
 30
0.0
 11
17.03890162377352
 21
102.7757078273795
 31
0.0
  0
ARC
  5
327
330
286
100
AcDbEntity
  8
hidden
100
AcDbCircle
 10
17.50618873407608
 20
103.1678082692882
 30
0.0
 40
0.6099999999999798
100
AcDbArc
 50
220.0000000000006
 51
285.7829441381486
  0
LINE
  5
328
330
286
100
AcDbEntity
  8
hidden
100
AcDbLine
 10
18.71114647079962
 20
67.13024462540501
 30
0.0
 11
18.59159601268833
 21
67.80824896501848
 31
0.0
  0
ARC
  5
329
330
286
100
AcDbEntity
  8
hidden
100
AcDbCircle
 10
22.50000000002485
 20
85.49999999995697
 30
0.0
 40
17.75000000004969
100
AcDbArc
 50
119.2170393901805
 51
120.7829611758885
  0
ARC
  5
32A
330
286
100
AcDbEntity
  8
hidden
100
AcDbCircle
 10
11.83986380313178
 20
100.6688198705181
 30
0.0
 40
0.6099999999999947
100
AcDbArc
 50
54.99999999998824
 51
125.0982192362503
  0
ARC
  5
32B
330
286
100
AcDbEntity
  8
hidden
100
AcDbCircle
 10
13.53813077418306
 20
101.5241848460181
 30
0.0
 40
0.61
100
AcDbArc
 50
299.2170393901774
 51
4.999999999997625
  0
LINE
  5
32C
330
286
100
AcDbEntity
  8
hidden
100
AcDbLine
 10
14.14580954001902
 20
101.5773498490941
 30
0.0
 11
14.08580597929927
 21
102.2631936864728
 31
0.0
  0
ARC
  5
32D
330
286
100
AcDbEntity
  8
hidden
100
AcDbCircle
 10
14.69348474513522
 20
102.3163586895488
 30
0.0
 40
0.6099999999999897
100
AcDbArc
 50
114.9017232372593
 51
185.0000000000017
  0
LINE
  5
32E
330
286
100
AcDbEntity
  8
hidden
100
AcDbLine
 10
18.59159601268831
 20
103.1917510349815
 30
0.0
 11
18.71114647079959
 21
103.869755374595
 31
0.0
  0
ARC
  5
32F
330
286
100
AcDbEntity
  8
hidden
100
AcDbCircle
 10
16.12907860990568
 20
102.9110011383965
 30
0.0
 40
0.6100000000000276
100
AcDbArc
 50
39.99999999998985
 51
110.0982192362483
  0
ARC
  5
330
330
286
100
AcDbEntity
  8
hidden
100
AcDbCircle
 10
17.50618873407616
 20
67.83219173071184
 30
0.0
 40
0.6099999999999606
100
AcDbArc
 50
74.21707106016746
 51
140.0000000000098
  0
ARC
  5
331
330
286
100
AcDbEntity
  8
hidden
100
AcDbCircle
 10
17.99086328335084
 20
103.2976764233584
 30
0.0
 40
0.6100000000000368
100
AcDbArc
 50
284.2170393901802
 51
349.999999999996
  0
LINE
  5
332
330
286
100
AcDbEntity
  8
hidden
100
AcDbLine
 10
17.03890162377355
 20
68.22429217262052
 30
0.0
 11
16.59636572020838
 21
67.6968984196948
 31
0.0
  0
ARC
  5
333
330
286
100
AcDbEntity
  8
hidden
100
AcDbCircle
 10
22.50000000002751
 20
85.49999999989626
 30
0.0
 40
17.75000000010732
100
AcDbArc
 50
104.2170393901821
 51
105.782961175885
  0
ARC
  5
334
330
286
100
AcDbEntity
  8
hidden
100
AcDbCircle
 10
22.50000000001685
 20
85.50000000006273
 30
0.0
 40
17.75000000006494
100
AcDbArc
 50
254.2170383018039
 51
255.7829611758876
  0
ARC
  5
335
330
286
100
AcDbEntity
  8
hidden
100
AcDbCircle
 10
17.99086328335092
 20
67.70232357664166
 30
0.0
 40
0.6099999999999715
100
AcDbArc
 50
9.999999999999554
 51
75.78294413814764
  0
ARC
  5
336
330
286
100
AcDbEntity
  8
hidden
100
AcDbCircle
 10
24.1475388190308
 20
103.9666514517328
 30
0.0
 40
0.610000000000027
100
AcDbArc
 50
84.90174861511515
 51
154.9999999999991
  0
LINE
  5
337
330
286
100
AcDbEntity
  8
hidden
100
AcDbLine
 10
21.40530893106158
 20
104.2244485913947
 30
0.0
 11
21.69626624185006
 21
103.6004886248359
 31
0.0
  0
ARC
  5
338
330
286
100
AcDbEntity
  8
hidden
100
AcDbCircle
 10
22.24911399194241
 20
103.8582857644977
 30
0.0
 40
0.6099999999999816
100
AcDbArc
 50
204.9999999999999
 51
270.7829789390844
  0
ARC
  5
339
330
286
100
AcDbEntity
  8
hidden
100
AcDbCircle
 10
22.49999999999968
 20
85.49999999998832
 30
0.0
 40
17.75000000001168
100
AcDbArc
 50
89.21703939017772
 51
90.78295997991319
  0
LINE
  5
33A
330
286
100
AcDbEntity
  8
hidden
100
AcDbLine
 10
23.30373375814994
 20
103.6004886248359
 30
0.0
 11
23.59469106893843
 21
104.2244485913947
 31
0.0
  0
ARC
  5
33B
330
286
100
AcDbEntity
  8
hidden
100
AcDbCircle
 10
22.75088600805758
 20
103.8582857644978
 30
0.0
 40
0.6100000000000129
100
AcDbArc
 50
269.2170393901775
 51
334.9999999999957
  0
ARC
  5
33C
330
286
100
AcDbEntity
  8
hidden
100
AcDbCircle
 10
20.85246118096925
 20
103.9666514517329
 30
0.0
 40
0.6099999999999539
100
AcDbArc
 50
24.99999999999672
 51
95.09825802391369
  0
ARC
  5
33D
330
286
100
AcDbEntity
  8
hidden
100
AcDbCircle
 10
22.24911399194242
 20
67.14171423550223
 30
0.0
 40
0.6100000000000129
100
AcDbArc
 50
89.21703939017793
 51
154.9999999999953
  0
ARC
  5
33E
330
286
100
AcDbEntity
  8
hidden
100
AcDbCircle
 10
22.50000000000033
 20
85.50000000001285
 30
0.0
 40
17.75000000001285
100
AcDbArc
 50
269.2170393901778
 51
270.7829611758889
  0
ARC
  5
33F
330
286
100
AcDbEntity
  8
hidden
100
AcDbCircle
 10
22.75088600805759
 20
67.14171423550228
 30
0.0
 40
0.6099999999999912
100
AcDbArc
 50
24.99999999999951
 51
90.78294413814591
  0
LINE
  5
340
330
286
100
AcDbEntity
  8
hidden
100
AcDbLine
 10
23.59469106893844
 20
66.77555140860532
 30
0.0
 11
23.30373375814994
 21
67.3995113751641
 31
0.0
  0
LINE
  5
341
330
286
100
AcDbEntity
  8
hidden
100
AcDbLine
 10
21.69626624185008
 20
67.39951137516411
 30
0.0
 11
21.40530893106157
 21
66.77555140860531
 31
0.0
  0
ARC
  5
342
330
286
100
AcDbEntity
  8
hidden
100
AcDbCircle
 10
20.8524611809692
 20
67.03334854826717
 30
0.0
 40
0.6100000000000293
100
AcDbArc
 50
264.9017279274155
 51
334.9999999999978
  0
ARC
  5
343
330
286
100
AcDbEntity
  8
hidden
100
AcDbCircle
 10
24.14753881903078
 20
67.03334854826714
 30
0.0
 40
0.6099999999999816
100
AcDbArc
 50
204.9999999999999
 51
275.0982580239121
  0
ARC
  5
344
330
286
100
AcDbEntity
  8
hidden
100
AcDbCircle
 10
19.31187920013706
 20
67.23617001378184
 30
0.0
 40
0.6099999999999914
100
AcDbArc
 50
190.0000000000006
 51
260.0982580239112
  0
ARC
  5
345
330
286
100
AcDbEntity
  8
hidden
100
AcDbCircle
 10
19.31187920013703
 20
103.7638299862182
 30
0.0
 40
0.6099999999999863
100
AcDbArc
 50
99.90172323725882
 51
170.0000000000007
  0
ARC
  5
346
330
286
100
AcDbEntity
  8
hidden
100
AcDbCircle
 10
31.46186922581698
 20
101.524184846018
 30
0.0
 40
0.6100000000000521
100
AcDbArc
 50
175.0000000000002
 51
240.7829422805557
  0
ARC
  5
347
330
286
100
AcDbEntity
  8
hidden
100
AcDbCircle
 10
22.50000000003629
 20
85.50000000013466
 30
0.0
 40
17.74999999986055
100
AcDbArc
 50
74.21703939017273
 51
75.78295997992154
  0
ARC
  5
348
330
286
100
AcDbEntity
  8
hidden
100
AcDbCircle
 10
27.49381126592391
 20
103.1678082692883
 30
0.0
 40
0.6099999999999758
100
AcDbArc
 50
254.2170393901761
 51
319.9999999999987
  0
ARC
  5
349
330
286
100
AcDbEntity
  8
hidden
100
AcDbCircle
 10
22.49999999999923
 20
85.49999999999814
 30
0.0
 40
17.75000000000199
100
AcDbArc
 50
59.21703939017919
 51
60.78296123972956
  0
LINE
  5
34A
330
286
100
AcDbEntity
  8
hidden
100
AcDbLine
 10
32.24629816485493
 20
100.7736160909442
 30
0.0
 11
32.81025457069396
 21
101.1685026175343
 31
0.0
  0
ARC
  5
34B
330
286
100
AcDbEntity
  8
hidden
100
AcDbCircle
 10
31.89641653868081
 20
101.2732988379605
 30
0.0
 40
0.6099999999999818
100
AcDbArc
 50
239.2170393901767
 51
304.9999999999983
  0
ARC
  5
34C
330
286
100
AcDbEntity
  8
hidden
100
AcDbCircle
 10
27.00913671664912
 20
103.2976764233584
 30
0.0
 40
0.6100000000000054
100
AcDbArc
 50
190.0000000000004
 51
255.7829789390827
  0
LINE
  5
34D
330
286
100
AcDbEntity
  8
hidden
100
AcDbLine
 10
27.96109837622646
 20
102.7757078273795
 30
0.0
 11
28.40363427979162
 21
103.3031015803052
 31
0.0
  0
LINE
  5
34E
330
286
100
AcDbEntity
  8
hidden
100
AcDbLine
 10
30.91419402070071
 20
102.2631936864727
 30
0.0
 11
30.85419045998097
 21
101.5773498490941
 31
0.0
  0
ARC
  5
34F
330
286
100
AcDbEntity
  8
hidden
100
AcDbCircle
 10
28.87092139009421
 20
102.9110011383963
 30
0.0
 40
0.6100000000000574
100
AcDbArc
 50
69.9017508557434
 51
139.9999999999962
  0
ARC
  5
350
330
286
100
AcDbEntity
  8
hidden
100
AcDbCircle
 10
22.4999999999957
 20
85.50000000001738
 30
0.0
 40
17.75000000001791
100
AcDbArc
 50
284.2170383018009
 51
285.7829611758887
  0
ARC
  5
351
330
286
100
AcDbEntity
  8
hidden
100
AcDbCircle
 10
25.68812079986295
 20
67.23617001378183
 30
0.0
 40
0.6099999999999988
100
AcDbArc
 50
279.9017298549483
 51
350.0000000000007
  0
ARC
  5
352
330
286
100
AcDbEntity
  8
hidden
100
AcDbCircle
 10
27.49381126592391
 20
67.83219173071178
 30
0.0
 40
0.6099999999999524
100
AcDbArc
 50
39.99999999999753
 51
105.7829441381487
  0
ARC
  5
353
330
286
100
AcDbEntity
  8
hidden
100
AcDbCircle
 10
27.00913671664916
 20
67.7023235766417
 30
0.0
 40
0.610000000000024
100
AcDbArc
 50
104.2170710601704
 51
170.0000000000054
  0
LINE
  5
354
330
286
100
AcDbEntity
  8
hidden
100
AcDbLine
 10
26.40840398731168
 20
67.80824896501848
 30
0.0
 11
26.2888535292004
 21
67.13024462540501
 31
0.0
  0
ARC
  5
355
330
286
100
AcDbEntity
  8
hidden
100
AcDbCircle
 10
28.8709213900942
 20
68.08899886160357
 30
0.0
 40
0.6099999999999642
100
AcDbArc
 50
219.9999999999983
 51
290.0982580239119
  0
LINE
  5
356
330
286
100
AcDbEntity
  8
hidden
100
AcDbLine
 10
28.40363427979164
 20
67.69689841969482
 30
0.0
 11
27.96109837622647
 21
68.22429217262052
 31
0.0
  0
ARC
  5
357
330
286
100
AcDbEntity
  8
hidden
100
AcDbCircle
 10
25.68812079986299
 20
103.7638299862182
 30
0.0
 40
0.6099999999999515
100
AcDbArc
 50
9.99999999999853
 51
80.09825802391383
  0
LINE
  5
358
330
286
100
AcDbEntity
  8
hidden
100
AcDbLine
 10
26.2888535292004
 20
103.869755374595
 30
0.0
 11
26.40840398731167
 21
103.1917510349815
 31
0.0
  0
LINE
  5
359
330
286
100
AcDbEntity
  8
hidden
100
AcDbLine
 10
32.81025457069396
 20
69.83149738246568
 30
0.0
 11
32.24629816485494
 21
70.22638390905583
 31
0.0
  0
ARC
  5
35A
330
286
100
AcDbEntity
  8
hidden
100
AcDbCircle
 10
30.30651525486478
 20
68.68364131045116
 30
0.0
 40
0.6099999999999796
100
AcDbArc
 50
294.9017298549469
 51
5.000000000000488
  0
ARC
  5
35B
330
286
100
AcDbEntity
  8
hidden
100
AcDbCircle
 10
22.49999999999418
 20
85.50000000001057
 30
0.0
 40
17.75000000001207
100
AcDbArc
 50
299.2170393901779
 51
300.7829611758893
  0
ARC
  5
35C
330
286
100
AcDbEntity
  8
hidden
100
AcDbCircle
 10
30.30651525486473
 20
102.3163586895488
 30
0.0
 40
0.6100000000000154
100
AcDbArc
 50
355.0000000000012
 51
65.0982580239092
  0
ARC
  5
35D
330
286
100
AcDbEntity
  8
hidden
100
AcDbCircle
 10
31.89641653868081
 20
69.72670116203948
 30
0.0
 40
0.6100000000000521
100
AcDbArc
 50
55.00000000000382
 51
120.7829441381431
  0
ARC
  5
35E
330
286
100
AcDbEntity
  8
hidden
100
AcDbCircle
 10
31.4618692258169
 20
69.47581515398197
 30
0.0
 40
0.6099999999999429
100
AcDbArc
 50
119.217039390176
 51
185.0000000000006
  0
LINE
  5
35F
330
286
100
AcDbEntity
  8
hidden
100
AcDbLine
 10
30.85419045998098
 20
69.4226501509059
 30
0.0
 11
30.91419402070072
 21
68.73680631352724
 31
0.0
  0
LINE
  5
360
330
286
100
AcDbEntity
  8
hidden
100
AcDbLine
 10
34.96612109480336
 20
99.51424805110479
 30
0.0
 11
34.73065265875506
 21
98.8673038400678
 31
0.0
  0
ARC
  5
361
330
286
100
AcDbEntity
  8
hidden
100
AcDbCircle
 10
35.30386515743444
 20
98.65867155263913
 30
0.0
 40
0.6099999999999837
100
AcDbArc
 50
159.9999999999982
 51
225.7829780350616
  0
ARC
  5
362
330
286
100
AcDbEntity
  8
hidden
100
AcDbCircle
 10
40.29767642335834
 20
80.9908632833509
 30
0.0
 40
0.6099999999999737
100
AcDbArc
 50
99.99999999999885
 51
165.7829431845831
  0
ARC
  5
363
330
286
100
AcDbEntity
  8
hidden
100
AcDbCircle
 10
35.65867155263917
 20
98.30386515743449
 30
0.0
 40
0.6100000000000074
100
AcDbArc
 50
224.2170393901787
 51
289.9999999999967
  0
LINE
  5
364
330
286
100
AcDbEntity
  8
hidden
100
AcDbLine
 10
38.16850261753432
 20
95.81025457069396
 30
0.0
 11
37.77361609094418
 21
95.24629816485493
 31
0.0
  0
LINE
  5
365
330
286
100
AcDbEntity
  8
hidden
100
AcDbLine
 10
35.8673038400678
 20
97.73065265875506
 30
0.0
 11
36.51424805110479
 21
97.96612109480336
 31
0.0
  0
ARC
  5
366
330
286
100
AcDbEntity
  8
hidden
100
AcDbCircle
 10
36.72288033853344
 20
97.39290859612395
 30
0.0
 40
0.6100000000000113
100
AcDbArc
 50
39.90173138597677
 51
109.9999999999997
  0
ARC
  5
367
330
286
100
AcDbEntity
  8
hidden
100
AcDbCircle
 10
22.49999999995659
 20
85.49999999995613
 30
0.0
 40
17.7500000000617
100
AcDbArc
 50
44.21703939018198
 51
45.7829600109809
  0
ARC
  5
368
330
286
100
AcDbEntity
  8
hidden
100
AcDbCircle
 10
37.66881987051804
 20
74.8398638031319
 30
0.0
 40
0.6100000000000078
100
AcDbArc
 50
324.9017313859757
 51
34.99999999999952
  0
ARC
  5
369
330
286
100
AcDbEntity
  8
hidden
100
AcDbCircle
 10
39.31635868954896
 20
77.69348474513525
 30
0.0
 40
0.6100000000000043
100
AcDbArc
 50
264.9999999999864
 51
335.0982968115599
  0
LINE
  5
36A
330
286
100
AcDbEntity
  8
hidden
100
AcDbLine
 10
38.57734984909412
 20
93.85419045998097
 30
0.0
 11
39.26319368647275
 21
93.91419402070072
 31
0.0
  0
ARC
  5
36B
330
286
100
AcDbEntity
  8
hidden
100
AcDbCircle
 10
38.52418484601797
 20
94.46186922581691
 30
0.0
 40
0.6099999999999907
100
AcDbArc
 50
209.2170710601679
 51
275.0000000000077
  0
ARC
  5
36C
330
286
100
AcDbEntity
  8
hidden
100
AcDbCircle
 10
22.50000000001427
 20
85.50000000000804
 30
0.0
 40
17.74999999998361
100
AcDbArc
 50
29.21703830180104
 51
30.78296001098384
  0
ARC
  5
36D
330
286
100
AcDbEntity
  8
hidden
100
AcDbCircle
 10
38.2732988379605
 20
94.8964165386808
 30
0.0
 40
0.610000000000025
100
AcDbArc
 50
145.0000000000016
 51
210.7829780350594
  0
ARC
  5
36E
330
286
100
AcDbEntity
  8
hidden
100
AcDbCircle
 10
35.65867155263913
 20
72.69613484256557
 30
0.0
 40
0.6099999999999703
100
AcDbArc
 50
69.9999999999977
 51
135.7829431845835
  0
ARC
  5
36F
330
286
100
AcDbEntity
  8
hidden
100
AcDbCircle
 10
35.30386515743442
 20
72.34132844736085
 30
0.0
 40
0.6099999999999477
100
AcDbArc
 50
134.2170393901748
 51
200.0000000000003
  0
LINE
  5
370
330
286
100
AcDbEntity
  8
hidden
100
AcDbLine
 10
36.51424805110479
 20
73.03387890519664
 30
0.0
 11
35.86730384006781
 21
73.26934734124494
 31
0.0
  0
ARC
  5
371
330
286
100
AcDbEntity
  8
hidden
100
AcDbCircle
 10
36.72288033853343
 20
73.6070914038761
 30
0.0
 40
0.6100000000000407
100
AcDbArc
 50
250.000000000003
 51
320.0982580239082
  0
ARC
  5
372
330
286
100
AcDbEntity
  8
hidden
100
AcDbCircle
 10
34.39290859612395
 20
71.27711966146656
 30
0.0
 40
0.6100000000000075
100
AcDbArc
 50
309.9017298549487
 51
19.99999999999968
  0
ARC
  5
373
330
286
100
AcDbEntity
  8
hidden
100
AcDbCircle
 10
22.49999999999612
 20
85.50000000000392
 30
0.0
 40
17.75000000000551
100
AcDbArc
 50
314.2170393901784
 51
315.7829612086607
  0
LINE
  5
374
330
286
100
AcDbEntity
  8
hidden
100
AcDbLine
 10
34.73065265875507
 20
72.13269615993221
 30
0.0
 11
34.96612109480336
 21
71.48575194889521
 31
0.0
  0
ARC
  5
375
330
286
100
AcDbEntity
  8
hidden
100
AcDbCircle
 10
33.16013619686808
 20
100.668819870518
 30
0.0
 40
0.6100000000000053
100
AcDbArc
 50
54.90173309643875
 51
124.9999999999984
  0
ARC
  5
376
330
286
100
AcDbEntity
  8
hidden
100
AcDbCircle
 10
40.2976764233584
 20
90.00913671664914
 30
0.0
 40
0.6100000000000222
100
AcDbArc
 50
194.2170393901802
 51
259.9999999999959
  0
ARC
  5
377
330
286
100
AcDbEntity
  8
hidden
100
AcDbCircle
 10
22.49999999992339
 20
85.49999999997982
 30
0.0
 40
17.75000000007922
100
AcDbArc
 50
14.21703939018061
 51
15.78296001097798
  0
ARC
  5
378
330
286
100
AcDbEntity
  8
hidden
100
AcDbCircle
 10
40.16780826928829
 20
90.49381126592388
 30
0.0
 40
0.6100000000000344
100
AcDbArc
 50
130.0000000000015
 51
195.7829780350593
  0
ARC
  5
379
330
286
100
AcDbEntity
  8
hidden
100
AcDbCircle
 10
33.16013619686811
 20
70.33118012948202
 30
0.0
 40
0.6100000000000465
100
AcDbArc
 50
235.0000000000022
 51
305.0982580239051
  0
ARC
  5
37A
330
286
100
AcDbEntity
  8
hidden
100
AcDbCircle
 10
39.31635868954879
 20
93.30651525486469
 30
0.0
 40
0.6100000000000588
100
AcDbArc
 50
24.90173138597994
 51
94.99999999999645
  0
ARC
  5
37B
330
286
100
AcDbEntity
  8
hidden
100
AcDbCircle
 10
37.66881987051813
 20
96.16013619686821
 30
0.0
 40
0.6099999999999796
100
AcDbArc
 50
324.9999999999857
 51
35.09829681156155
  0
ARC
  5
37C
330
286
100
AcDbEntity
  8
hidden
100
AcDbCircle
 10
38.2732988379605
 20
76.10358346131918
 30
0.0
 40
0.610000000000008
100
AcDbArc
 50
149.2170393901778
 51
214.9999999999951
  0
ARC
  5
37D
330
286
100
AcDbEntity
  8
hidden
100
AcDbCircle
 10
22.50000000002713
 20
85.49999999998428
 30
0.0
 40
17.74999999996865
100
AcDbArc
 50
329.217039390177
 51
330.7829612086625
  0
ARC
  5
37E
330
286
100
AcDbEntity
  8
hidden
100
AcDbCircle
 10
38.52418484601803
 20
76.5381307741831
 30
0.0
 40
0.6099999999999648
100
AcDbArc
 50
84.9999999999981
 51
150.7829431845839
  0
LINE
  5
37F
330
286
100
AcDbEntity
  8
hidden
100
AcDbLine
 10
39.26319368647275
 20
77.0858059792993
 30
0.0
 11
38.57734984909412
 21
77.14580954001903
 31
0.0
  0
LINE
  5
380
330
286
100
AcDbEntity
  8
hidden
100
AcDbLine
 10
37.77361609094418
 20
75.75370183514508
 30
0.0
 11
38.16850261753433
 21
75.18974542930604
 31
0.0
  0
ARC
  5
381
330
286
100
AcDbEntity
  8
hidden
100
AcDbCircle
 10
34.39290859612402
 20
99.72288033853357
 30
0.0
 40
0.6099999999999758
100
AcDbArc
 50
339.9999999999865
 51
50.09829681156151
  0
ARC
  5
382
330
286
100
AcDbEntity
  8
hidden
100
AcDbCircle
 10
40.1678082692883
 20
80.5061887340761
 30
0.0
 40
0.6100000000000149
100
AcDbArc
 50
164.2170393901779
 51
229.9999999999962
  0
ARC
  5
383
330
286
100
AcDbEntity
  8
hidden
100
AcDbCircle
 10
22.50000000002576
 20
85.49999999999332
 30
0.0
 40
17.74999999997339
100
AcDbArc
 50
344.2170393901764
 51
345.7829612086615
  0
ARC
  5
384
330
286
100
AcDbEntity
  8
hidden
100
AcDbCircle
 10
39.91100113839651
 20
91.87092139009428
 30
0.0
 40
0.6099999999999883
100
AcDbArc
 50
309.999999999986
 51
20.09829681156194
  0
LINE
  5
385
330
286
100
AcDbEntity
  8
hidden
100
AcDbLine
 10
40.30310158030517
 20
91.40363427979162
 30
0.0
 11
39.77570782737947
 21
90.96109837622647
 31
0.0
  0
ARC
  5
386
330
286
100
AcDbEntity
  8
hidden
100
AcDbCircle
 10
40.96665145173296
 20
87.14753881903086
 30
0.0
 40
0.6100000000000139
100
AcDbArc
 50
294.9999999999875
 51
5.098296811558453
  0
ARC
  5
387
330
286
100
AcDbEntity
  8
hidden
100
AcDbCircle
 10
40.85828576449777
 20
85.24911399194242
 30
0.0
 40
0.61000000000002
100
AcDbArc
 50
179.2170393901783
 51
244.9999999999958
  0
LINE
  5
388
330
286
100
AcDbEntity
  8
hidden
100
AcDbLine
 10
40.86975537459498
 20
81.7111464707996
 30
0.0
 11
40.19175103498153
 21
81.59159601268833
 31
0.0
  0
ARC
  5
389
330
286
100
AcDbEntity
  8
hidden
100
AcDbCircle
 10
40.85828576449773
 20
85.75088600805759
 30
0.0
 40
0.6099999999999974
100
AcDbArc
 50
115.0
 51
180.7829780350614
  0
LINE
  5
38A
330
286
100
AcDbEntity
  8
hidden
100
AcDbLine
 10
41.22444859139468
 20
86.59469106893843
 30
0.0
 11
40.6004886248359
 21
86.30373375814995
 31
0.0
  0
ARC
  5
38B
330
286
100
AcDbEntity
  8
hidden
100
AcDbCircle
 10
39.91100113839634
 20
79.12907860990579
 30
0.0
 40
0.6100000000000487
100
AcDbArc
 50
339.9017313859779
 51
49.99999999999697
  0
ARC
  5
38C
330
286
100
AcDbEntity
  8
hidden
100
AcDbCircle
 10
40.76382998621817
 20
88.68812079986297
 30
0.0
 40
0.6099999999999787
100
AcDbArc
 50
9.90173138597429
 51
80.00000000000053
  0
LINE
  5
38D
330
286
100
AcDbEntity
  8
hidden
100
AcDbLine
 10
40.19175103498152
 20
89.40840398731167
 30
0.0
 11
40.86975537459499
 21
89.2888535292004
 31
0.0
  0
LINE
  5
38E
330
286
100
AcDbEntity
  8
hidden
100
AcDbLine
 10
40.6004886248359
 20
84.69626624185007
 30
0.0
 11
41.22444859139468
 21
84.40530893106157
 31
0.0
  0
ARC
  5
38F
330
286
100
AcDbEntity
  8
hidden
100
AcDbCircle
 10
22.49999999999966
 20
85.50000000000026
 30
0.0
 40
17.75000000000034
100
AcDbArc
 50
359.2170393901774
 51
0.7829600109817326
  0
ARC
  5
390
330
286
100
AcDbEntity
  8
hidden
100
AcDbCircle
 10
40.96665145173289
 20
83.85246118096924
 30
0.0
 40
0.6099999999999584
100
AcDbArc
 50
354.9017313859733
 51
65.00000000000254
  0
ARC
  5
391
330
286
100
AcDbEntity
  8
hidden
100
AcDbCircle
 10
40.76382998621828
 20
82.31187920013708
 30
0.0
 40
0.6100000000000099
100
AcDbArc
 50
279.9999999999874
 51
350.0982968115596
  0
LINE
  5
392
330
286
100
AcDbEntity
  8
hidden
100
AcDbLine
 10
39.77570782737947
 20
80.03890162377354
 30
0.0
 11
40.30310158030518
 21
79.59636572020838
 31
0.0
  0
LINE
  5
393
330
286
100
AcDbEntity
  8
AM_5
  6
Dashed
100
AcDbLine
 10
19.16987298107781
 20
81.26794919243112
 30
0.0
 11
17.16987298107781
 21
84.73205080756888
 31
0.0
  0
CIRCLE
  5
394
330
286
100
AcDbEntity
  8
hidden
100
AcDbCircle
 10
22.49999999999997
 20
85.50000000000001
 30
0.0
 40
19.15000000000009
  0
LINE
  5
395
330
286
100
AcDbEntity
  8
center
100
AcDbLine
 10
-1.125000000000021
 20
85.5
 30
0.0
 11
46.12500000000002
 21
85.5
 31
0.0
  0
LINE
  5
396
330
286
100
AcDbEntity
  8
center
100
AcDbLine
 10
22.5
 20
61.87499999999998
 30
0.0
 11
22.5
 21
109.125
 31
0.0
  0
LINE
  5
397
330
286
100
AcDbEntity
  8
center
100
AcDbLine
 10
23.9978818241236
 20
86.36480247437201
 30
0.0
 11
4.417731693404402
 21
75.060197525628
 31
0.0
  0
CIRCLE
  5
398
330
286
100
AcDbEntity
  8
vis
100
AcDbCircle
 10
22.5
 20
85.5
 30
0.0
 40
18.93935600386016
  0
CIRCLE
  5
399
330
286
100
AcDbEntity
  8
vis
100
AcDbCircle
 10
22.5
 20
85.5
 30
0.0
 40
22.50000000000009
  0
CIRCLE
  5
39A
330
286
100
AcDbEntity
  8
vis
100
AcDbCircle
 10
22.5
 20
85.5
 30
0.0
 40
22.08588952783596
  0
CIRCLE
  5
39B
330
286
100
AcDbEntity
  8
vis
100
AcDbCircle
 10
22.5
 20
85.5
 30
0.0
 40
15.00000000000005
  0
LINE
  5
39C
330
286
100
AcDbEntity
  8
vis
100
AcDbLine
 10
24.5
 20
92.0
 30
0.0
 11
24.5
 21
90.08257569495584
 31
0.0
  0
ARC
  5
39D
330
286
100
AcDbEntity
  8
vis
100
AcDbCircle
 10
22.5
 20
85.5
 30
0.0
 40
4.999999999999996
100
AcDbArc
 50
113.5781784782018
 51
66.42182152179815
  0
LINE
  5
39E
330
286
100
AcDbEntity
  8
vis
100
AcDbLine
 10
20.5
 20
90.08257569495584
 30
0.0
 11
20.5
 21
92.0
 31
0.0
  0
LINE
  5
39F
330
286
100
AcDbEntity
  8
vis
100
AcDbLine
 10
20.5
 20
92.0
 30
0.0
 11
24.5
 21
92.0
 31
0.0
  0
ENDBLK
  5
289
330
286
100
AcDbEntity
  8
0
100
AcDbBlockEnd
  0
BLOCK
  5
3A2
330
3A0
100
AcDbEntity
  8
0
100
AcDbBlockBegin
  2
7_SET_SCREW4_3_1_0_in_MTP24XL037_A_C10_900
 70
     2
 10
0.0
 20
0.0
 30
0.0
  3
7_SET_SCREW4_3_1_0_in_MTP24XL037_A_C10_900
  1

  0
ATTDEF
  5
3A4
330
3A0
100
AcDbEntity
  8
attrib
100
AcDbText
 10
73.5
 20
84.3566498412362
 30
0.0
 40
0.5
  1
SET-SCREW4-3
100
AcDbAttributeDefinition
  3

  2
NB
 70
     8
280
     0
  0
ATTDEF
  5
3A5
330
3A0
100
AcDbEntity
  8
attrib
100
AcDbText
 10
73.5
 20
83.8566498412362
 30
0.0
 40
0.5
  1
SET-SCREW
100
AcDbAttributeDefinition
  3

  2
NN
 70
     8
280
     0
  0
ATTDEF
  5
3A6
330
3A0
100
AcDbEntity
  8
attrib
100
AcDbText
 10
73.5
 20
83.3566498412362
 30
0.0
 40
0.5
  1
Set Screw - Flat End
100
AcDbAttributeDefinition
  3

  2
NT
 70
     8
280
     0
  0
ATTDEF
  5
3A7
330
3A0
100
AcDbEntity
  8
attrib
100
AcDbText
 10
73.5
 20
82.8566498412362
 30
0.0
 40
0.5
  1
$PN.
100
AcDbAttributeDefinition
  3

  2
NBSYN
 70
     8
280
     0
  0
ATTDEF
  5
3A8
330
3A0
100
AcDbEntity
  8
attrib
100
AcDbText
 10
73.5
 20
82.3566498412362
 30
0.0
 40
0.5
  1
SET-SCREW4-3
100
AcDbAttributeDefinition
  3

  2
LINA
 70
     8
280
     0
  0
ATTDEF
  5
3A9
330
3A0
100
AcDbEntity
  8
attrib
100
AcDbText
 10
73.5
 20
81.8566498412362
 30
0.0
 40
0.5
  1
Misumi
100
AcDbAttributeDefinition
  3

  2
CATALOG
 70
     8
280
     0
  0
ATTDEF
  5
3AA
330
3A0
100
AcDbEntity
  8
attrib
100
AcDbText
 10
73.5
 20
81.3566498412362
 30
0.0
 40
0.5
  1
SET-SCREW4-3
100
AcDbAttributeDefinition
  3

  2
PN
 70
     8
280
     0
  0
ATTDEF
  5
3AB
330
3A0
100
AcDbEntity
  8
attrib
100
AcDbText
 10
73.5
 20
80.8566498412362
 30
0.0
 40
0.5
  1
4.0
100
AcDbAttributeDefinition
  3

  2
M
 70
     8
280
     0
  0
ATTDEF
  5
3AC
330
3A0
100
AcDbEntity
  8
attrib
100
AcDbText
 10
73.5
 20
80.3566498412362
 30
0.0
 40
0.5
  1
0.70
100
AcDbAttributeDefinition
  3

  2
P
 70
     8
280
     0
  0
ATTDEF
  5
3AD
330
3A0
100
AcDbEntity
  8
attrib
100
AcDbText
 10
73.5
 20
79.8566498412362
 30
0.0
 40
0.5
  1
3
100
AcDbAttributeDefinition
  3

  2
L
 70
     8
280
     0
  0
ATTDEF
  5
3AE
330
3A0
100
AcDbEntity
  8
attrib
100
AcDbText
 10
73.5
 20
79.3566498412362
 30
0.0
 40
0.5
  1
2.0
100
AcDbAttributeDefinition
  3

  2
B
 70
     8
280
     0
  0
ATTDEF
  5
3AF
330
3A0
100
AcDbEntity
  8
attrib
100
AcDbText
 10
73.5
 20
78.8566498412362
 30
0.0
 40
0.5
  1
1.5
100
AcDbAttributeDefinition
  3

  2
C
 70
     8
280
     0
  0
ATTDEF
  5
3B0
330
3A0
100
AcDbEntity
  8
attrib
100
AcDbText
 10
73.5
 20
78.3566498412362
 30
0.0
 40
0.5
  1
2.5
100
AcDbAttributeDefinition
  3

  2
DD
 70
     8
280
     0
  0
ATTDEF
  5
3B1
330
3A0
100
AcDbEntity
  8
attrib
100
AcDbText
 10
73.5
 20
77.8566498412362
 30
0.0
 40
0.5
  1
misumi
100
AcDbAttributeDefinition
  3

  2
COMPANY
 70
     8
280
     0
  0
ATTDEF
  5
3B2
330
3A0
100
AcDbEntity
  8
attrib
100
AcDbText
 10
73.5
 20
77.3566498412362
 30
0.0
 40
0.5
  1
1
100
AcDbAttributeDefinition
  3

  2
ExcludeFromBOM
 70
     8
280
     0
  0
ATTDEF
  5
3B3
330
3A0
100
AcDbEntity
  8
attrib
100
AcDbText
 10
73.5
 20
76.8566498412362
 30
0.0
 40
0.5
  1
{$CADENAS_DATA/23d-libs/misumi/metric/accessories/set_screw.prj},169 {VTYP=3D},{NB=SET-SCREW4-3},{LINA=SET-SCREW4-3},{NN=SET-SCREW},{DATE=29.11.2024 04:47:07},{GEOMDATE=11.12.2013 00:00:00},{VERSION=},{LINEID=90},{WBVAR=L},{WBNUMERIC=L}  {NB=SET-SCR
100
AcDbAttributeDefinition
  3

  2
PSOL_0
 70
     9
280
     0
  0
ATTDEF
  5
3B4
330
3A0
100
AcDbEntity
  8
attrib
100
AcDbText
 10
73.5
 20
76.3566498412362
 30
0.0
 40
0.5
  1
,{LINA=SET-SCREW4-3},{KT=DUMMY},{PN=SET-SCREW4-3},{TYPE=SET-SCREW},{M=4.0},{P=0.70},{L=3},{LMIN=2.1},{LALG=[2.1:42/0.1]},{B=2.0},{C=1.5},{DD=2.5}
100
AcDbAttributeDefinition
  3

  2
PSOL_1
 70
     9
280
     0
  0
LINE
  5
3B5
330
3A0
100
AcDbEntity
  8
hidden
100
AcDbLine
 10
67.65470053837925
 20
81.5
 30
0.0
 11
67.07735026918962
 21
80.63397459621557
 31
0.0
  0
LINE
  5
3B6
330
3A0
100
AcDbEntity
  8
hidden
100
AcDbLine
 10
65.92264973081038
 20
80.63397459621557
 30
0.0
 11
65.34529946162075
 21
81.5
 31
0.0
  0
LINE
  5
3B7
330
3A0
100
AcDbEntity
  8
hidden
100
AcDbLine
 10
67.07735026918962
 20
80.63397459621557
 30
0.0
 11
65.92264973081038
 21
80.63397459621557
 31
0.0
  0
ELLIPSE
  5
3B8
330
3A0
100
AcDbEntity
  8
hidden
100
AcDbEllipse
 10
66.5
 20
81.5
 30
0.0
 11
-1.570500000000005
 21
1.923307798060924E-16
 31
0.0
210
0.0
220
0.0
230
1.0
 40
0.8660254037844385
 41
0.0
 42
6.283185307179586
  0
LINE
  5
3B9
330
3A0
100
AcDbEntity
  8
hidden
100
AcDbLine
 10
65.92264973081038
 20
83.11602540378443
 30
0.0
 11
67.07735026918962
 21
83.11602540378443
 31
0.0
  0
LINE
  5
3BA
330
3A0
100
AcDbEntity
  8
hidden
100
AcDbLine
 10
67.07735026918962
 20
82.36602540378443
 30
0.0
 11
65.92264973081038
 21
82.36602540378443
 31
0.0
  0
ELLIPSE
  5
3BB
330
3A0
100
AcDbEntity
  8
hidden
100
AcDbEllipse
 10
66.5
 20
82.25
 30
0.0
 11
1.000000000000005
 21
0.0
 31
0.0
210
0.0
220
0.0
230
1.0
 40
0.8660254037844395
 41
1.570796326794897
 42
3.665191429188098
  0
LINE
  5
3BC
330
3A0
100
AcDbEntity
  8
hidden
100
AcDbLine
 10
67.65470053837925
 20
82.25
 30
0.0
 11
67.65470053837925
 21
81.5
 31
0.0
  0
LINE
  5
3BD
330
3A0
100
AcDbEntity
  8
hidden
100
AcDbLine
 10
67.07735026918962
 20
83.11602540378443
 30
0.0
 11
67.65470053837925
 21
82.25
 31
0.0
  0
LINE
  5
3BE
330
3A0
100
AcDbEntity
  8
hidden
100
AcDbLine
 10
67.07735026918962
 20
82.36602540378443
 30
0.0
 11
67.65470053837925
 21
81.5
 31
0.0
  0
LINE
  5
3BF
330
3A0
100
AcDbEntity
  8
hidden
100
AcDbLine
 10
67.07735026918962
 20
83.11602540378443
 30
0.0
 11
67.07735026918962
 21
82.36602540378443
 31
0.0
  0
LINE
  5
3C0
330
3A0
100
AcDbEntity
  8
hidden
100
AcDbLine
 10
65.34529946162075
 20
82.25
 30
0.0
 11
65.34529946162075
 21
81.5
 31
0.0
  0
LINE
  5
3C1
330
3A0
100
AcDbEntity
  8
hidden
100
AcDbLine
 10
65.34529946162075
 20
82.25
 30
0.0
 11
65.92264973081038
 21
83.11602540378443
 31
0.0
  0
LINE
  5
3C2
330
3A0
100
AcDbEntity
  8
hidden
100
AcDbLine
 10
65.34529946162075
 20
81.5
 30
0.0
 11
65.92264973081038
 21
82.36602540378443
 31
0.0
  0
LINE
  5
3C3
330
3A0
100
AcDbEntity
  8
hidden
100
AcDbLine
 10
65.92264973081038
 20
83.11602540378443
 30
0.0
 11
65.92264973081038
 21
82.36602540378443
 31
0.0
  0
LINE
  5
3C4
330
3A0
100
AcDbEntity
  8
hidden
100
AcDbLine
 10
65.92264973081038
 20
81.38397459621557
 30
0.0
 11
65.34529946162075
 21
82.25
 31
0.0
  0
LINE
  5
3C5
330
3A0
100
AcDbEntity
  8
hidden
100
AcDbLine
 10
67.65470053837925
 20
82.25
 30
0.0
 11
67.07735026918962
 21
81.38397459621557
 31
0.0
  0
LINE
  5
3C6
330
3A0
100
AcDbEntity
  8
hidden
100
AcDbLine
 10
67.07735026918962
 20
81.38397459621557
 30
0.0
 11
67.07735026918962
 21
80.63397459621557
 31
0.0
  0
LINE
  5
3C7
330
3A0
100
AcDbEntity
  8
hidden
100
AcDbLine
 10
67.07735026918962
 20
81.38397459621557
 30
0.0
 11
65.92264973081038
 21
81.38397459621557
 31
0.0
  0
LINE
  5
3C8
330
3A0
100
AcDbEntity
  8
hidden
100
AcDbLine
 10
65.92264973081038
 20
81.38397459621557
 30
0.0
 11
65.92264973081038
 21
80.63397459621557
 31
0.0
  0
ELLIPSE
  5
3C9
330
3A0
100
AcDbEntity
  8
hidden
100
AcDbEllipse
 10
66.5
 20
82.25000000000001
 30
0.0
 11
1.000000000000008
 21
0.0
 31
0.0
210
0.0
220
0.0
230
1.0
 40
0.8660254037844417
 41
3.665191429188113
 42
4.71238898038469
  0
ELLIPSE
  5
3CA
330
3A0
100
AcDbEntity
  8
hidden
100
AcDbEllipse
 10
66.5
 20
82.25000000000001
 30
0.0
 11
1.000000000000009
 21
-1.356760565533147E-14
 31
0.0
210
0.0
220
0.0
230
1.0
 40
0.8660254037844427
 41
4.712388980384701
 42
7.853981633974494
  0
LINE
  5
3CB
330
3A0
100
AcDbEntity
  8
hidden
100
AcDbLine
 10
68.5
 20
81.71475
 30
0.0
 11
68.5
 21
82.625
 31
0.0
  0
LINE
  5
3CC
330
3A0
100
AcDbEntity
  8
hidden
100
AcDbLine
 10
64.5
 20
82.625
 30
0.0
 11
64.5
 21
81.71475
 31
0.0
  0
ELLIPSE
  5
3CD
330
3A0
100
AcDbEntity
  8
hidden
100
AcDbEllipse
 10
66.5
 20
83.0
 30
0.0
 11
-1.250000000000004
 21
1.530808498934197E-16
 31
0.0
210
0.0
220
0.0
230
1.0
 40
0.8660254037844388
 41
0.0
 42
6.283185307179586
  0
ELLIPSE
  5
3CE
330
3A0
100
AcDbEntity
  8
hidden
100
AcDbEllipse
 10
66.5
 20
81.71475
 30
0.0
 11
2.000000000000004
 21
0.0
 31
0.0
210
0.0
220
0.0
230
1.0
 40
0.8660254037844394
 41
0.0
 42
6.283185307179586
  0
ELLIPSE
  5
3CF
330
3A0
100
AcDbEntity
  8
hidden
100
AcDbEllipse
 10
66.5
 20
82.625
 30
0.0
 11
2.000000000000006
 21
0.0
 31
0.0
210
0.0
220
0.0
230
1.0
 40
0.8660254037844385
 41
0.0
 42
6.283185307179586
  0
ENDBLK
  5
3A3
330
3A0
100
AcDbEntity
  8
0
100
AcDbBlockEnd
  0
BLOCK
  5
3D2
330
3D0
100
AcDbEntity
  8
0
100
AcDbBlockBegin
  2
8_SET_SCREW4_3_2_0_in_MTP24XL037_A_C10_900
 70
     2
 10
0.0
 20
0.0
 30
0.0
  3
8_SET_SCREW4_3_2_0_in_MTP24XL037_A_C10_900
  1

  0
ATTDEF
  5
3D4
330
3D0
100
AcDbEntity
  8
attrib
100
AcDbText
 10
73.5
 20
95.0
 30
0.0
 40
0.5
  1
SET-SCREW4-3
100
AcDbAttributeDefinition
  3

  2
NB
 70
     8
280
     0
  0
ATTDEF
  5
3D5
330
3D0
100
AcDbEntity
  8
attrib
100
AcDbText
 10
73.5
 20
94.5
 30
0.0
 40
0.5
  1
SET-SCREW
100
AcDbAttributeDefinition
  3

  2
NN
 70
     8
280
     0
  0
ATTDEF
  5
3D6
330
3D0
100
AcDbEntity
  8
attrib
100
AcDbText
 10
73.5
 20
94.0
 30
0.0
 40
0.5
  1
Set Screw - Flat End
100
AcDbAttributeDefinition
  3

  2
NT
 70
     8
280
     0
  0
ATTDEF
  5
3D7
330
3D0
100
AcDbEntity
  8
attrib
100
AcDbText
 10
73.5
 20
93.5
 30
0.0
 40
0.5
  1
$PN.
100
AcDbAttributeDefinition
  3

  2
NBSYN
 70
     8
280
     0
  0
ATTDEF
  5
3D8
330
3D0
100
AcDbEntity
  8
attrib
100
AcDbText
 10
73.5
 20
93.0
 30
0.0
 40
0.5
  1
SET-SCREW4-3
100
AcDbAttributeDefinition
  3

  2
LINA
 70
     8
280
     0
  0
ATTDEF
  5
3D9
330
3D0
100
AcDbEntity
  8
attrib
100
AcDbText
 10
73.5
 20
92.5
 30
0.0
 40
0.5
  1
Misumi
100
AcDbAttributeDefinition
  3

  2
CATALOG
 70
     8
280
     0
  0
ATTDEF
  5
3DA
330
3D0
100
AcDbEntity
  8
attrib
100
AcDbText
 10
73.5
 20
92.0
 30
0.0
 40
0.5
  1
SET-SCREW4-3
100
AcDbAttributeDefinition
  3

  2
PN
 70
     8
280
     0
  0
ATTDEF
  5
3DB
330
3D0
100
AcDbEntity
  8
attrib
100
AcDbText
 10
73.5
 20
91.5
 30
0.0
 40
0.5
  1
4.0
100
AcDbAttributeDefinition
  3

  2
M
 70
     8
280
     0
  0
ATTDEF
  5
3DC
330
3D0
100
AcDbEntity
  8
attrib
100
AcDbText
 10
73.5
 20
91.0
 30
0.0
 40
0.5
  1
0.70
100
AcDbAttributeDefinition
  3

  2
P
 70
     8
280
     0
  0
ATTDEF
  5
3DD
330
3D0
100
AcDbEntity
  8
attrib
100
AcDbText
 10
73.5
 20
90.5
 30
0.0
 40
0.5
  1
3
100
AcDbAttributeDefinition
  3

  2
L
 70
     8
280
     0
  0
ATTDEF
  5
3DE
330
3D0
100
AcDbEntity
  8
attrib
100
AcDbText
 10
73.5
 20
90.0
 30
0.0
 40
0.5
  1
2.0
100
AcDbAttributeDefinition
  3

  2
B
 70
     8
280
     0
  0
ATTDEF
  5
3DF
330
3D0
100
AcDbEntity
  8
attrib
100
AcDbText
 10
73.5
 20
89.5
 30
0.0
 40
0.5
  1
1.5
100
AcDbAttributeDefinition
  3

  2
C
 70
     8
280
     0
  0
ATTDEF
  5
3E0
330
3D0
100
AcDbEntity
  8
attrib
100
AcDbText
 10
73.5
 20
89.0
 30
0.0
 40
0.5
  1
2.5
100
AcDbAttributeDefinition
  3

  2
DD
 70
     8
280
     0
  0
ATTDEF
  5
3E1
330
3D0
100
AcDbEntity
  8
attrib
100
AcDbText
 10
73.5
 20
88.5
 30
0.0
 40
0.5
  1
misumi
100
AcDbAttributeDefinition
  3

  2
COMPANY
 70
     8
280
     0
  0
ATTDEF
  5
3E2
330
3D0
100
AcDbEntity
  8
attrib
100
AcDbText
 10
73.5
 20
88.0
 30
0.0
 40
0.5
  1
1
100
AcDbAttributeDefinition
  3

  2
ExcludeFromBOM
 70
     8
280
     0
  0
ATTDEF
  5
3E3
330
3D0
100
AcDbEntity
  8
attrib
100
AcDbText
 10
73.5
 20
87.5
 30
0.0
 40
0.5
  1
{$CADENAS_DATA/23d-libs/misumi/metric/accessories/set_screw.prj},169 {VTYP=3D},{NB=SET-SCREW4-3},{LINA=SET-SCREW4-3},{NN=SET-SCREW},{DATE=29.11.2024 04:47:07},{GEOMDATE=11.12.2013 00:00:00},{VERSION=},{LINEID=90},{WBVAR=L},{WBNUMERIC=L}  {NB=SET-SCR
100
AcDbAttributeDefinition
  3

  2
PSOL_0
 70
     9
280
     0
  0
ATTDEF
  5
3E4
330
3D0
100
AcDbEntity
  8
attrib
100
AcDbText
 10
73.5
 20
87.0
 30
0.0
 40
0.5
  1
,{LINA=SET-SCREW4-3},{KT=DUMMY},{PN=SET-SCREW4-3},{TYPE=SET-SCREW},{M=4.0},{P=0.70},{L=3},{LMIN=2.1},{LALG=[2.1:42/0.1]},{B=2.0},{C=1.5},{DD=2.5}
100
AcDbAttributeDefinition
  3

  2
PSOL_1
 70
     9
280
     0
  0
LINE
  5
3E5
330
3D0
100
AcDbEntity
  8
hidden
100
AcDbLine
 10
67.65470053837925
 20
93.5
 30
0.0
 11
67.65470053837925
 21
95.0
 31
0.0
  0
LINE
  5
3E6
330
3D0
100
AcDbEntity
  8
hidden
100
AcDbLine
 10
65.34529946162075
 20
93.5
 30
0.0
 11
65.34529946162075
 21
95.0
 31
0.0
  0
LINE
  5
3E7
330
3D0
100
AcDbEntity
  8
hidden
100
AcDbLine
 10
65.34529946162075
 20
93.5
 30
0.0
 11
67.65470053837925
 21
93.5
 31
0.0
  0
LINE
  5
3E8
330
3D0
100
AcDbEntity
  8
hidden
100
AcDbLine
 10
66.5
 20
92.92264973081038
 30
0.0
 11
67.5
 21
93.5
 31
0.0
  0
LINE
  5
3E9
330
3D0
100
AcDbEntity
  8
hidden
100
AcDbLine
 10
65.5
 20
93.5
 30
0.0
 11
66.5
 21
92.92264973081038
 31
0.0
  0
LINE
  5
3EA
330
3D0
100
AcDbEntity
  8
hidden
100
AcDbLine
 10
67.07735026918962
 20
93.5
 30
0.0
 11
67.07735026918962
 21
95.0
 31
0.0
  0
LINE
  5
3EB
330
3D0
100
AcDbEntity
  8
hidden
100
AcDbLine
 10
65.92264973081038
 20
93.5
 30
0.0
 11
65.92264973081038
 21
95.0
 31
0.0
  0
LINE
  5
3EC
330
3D0
100
AcDbEntity
  8
hidden
100
AcDbLine
 10
68.0705
 20
95.0
 30
0.0
 11
64.9295
 21
95.0
 31
0.0
  0
LINE
  5
3ED
330
3D0
100
AcDbEntity
  8
hidden
100
AcDbLine
 10
64.9295
 20
95.0
 30
0.0
 11
64.5
 21
94.5705
 31
0.0
  0
LINE
  5
3EE
330
3D0
100
AcDbEntity
  8
hidden
100
AcDbLine
 10
68.5
 20
94.5705
 30
0.0
 11
68.0705
 21
95.0
 31
0.0
  0
LINE
  5
3EF
330
3D0
100
AcDbEntity
  8
hidden
100
AcDbLine
 10
68.5
 20
94.5705
 30
0.0
 11
64.5
 21
94.5705
 31
0.0
  0
LINE
  5
3F0
330
3D0
100
AcDbEntity
  8
hidden
100
AcDbLine
 10
64.5
 20
94.5705
 30
0.0
 11
64.5
 21
92.75
 31
0.0
  0
LINE
  5
3F1
330
3D0
100
AcDbEntity
  8
hidden
100
AcDbLine
 10
68.5
 20
92.75
 30
0.0
 11
68.5
 21
94.5705
 31
0.0
  0
LINE
  5
3F2
330
3D0
100
AcDbEntity
  8
hidden
100
AcDbLine
 10
68.5
 20
92.75
 30
0.0
 11
64.5
 21
92.75
 31
0.0
  0
LINE
  5
3F3
330
3D0
100
AcDbEntity
  8
hidden
100
AcDbLine
 10
67.75
 20
92.0
 30
0.0
 11
68.5
 21
92.75
 31
0.0
  0
LINE
  5
3F4
330
3D0
100
AcDbEntity
  8
hidden
100
AcDbLine
 10
64.5
 20
92.75
 30
0.0
 11
65.25
 21
92.0
 31
0.0
  0
LINE
  5
3F5
330
3D0
100
AcDbEntity
  8
AM_5
  6
Dashed
100
AcDbLine
 10
68.0705
 20
95.0
 30
0.0
 11
68.0705
 21
92.3205
 31
0.0
  0
LINE
  5
3F6
330
3D0
100
AcDbEntity
  8
AM_5
  6
Dashed
100
AcDbLine
 10
64.9295
 20
95.0
 30
0.0
 11
64.9295
 21
92.3205
 31
0.0
  0
LINE
  5
3F7
330
3D0
100
AcDbEntity
  8
AM_5
  6
Dashed
100
AcDbLine
 10
64.5
 20
92.0
 30
0.0
 11
68.5
 21
92.0
 31
0.0
  0
ENDBLK
  5
3D3
330
3D0
100
AcDbEntity
  8
0
100
AcDbBlockEnd
  0
BLOCK
  5
3FA
330
3F8
100
AcDbEntity
  8
0
100
AcDbBlockBegin
  2
9_MTP24XL037_A_C10_b_0_in_MTP24XL037_A_C10_900
 70
     2
 10
0.0
 20
0.0
 30
0.0
  3
9_MTP24XL037_A_C10_b_0_in_MTP24XL037_A_C10_900
  1

  0
ATTDEF
  5
3FC
330
3F8
100
AcDbEntity
  8
attrib
100
AcDbText
 10
80.3
 20
108.0
 30
0.0
 40
0.5
  1
MTP24XL037-A-C10_b
100
AcDbAttributeDefinition
  3

  2
NB
 70
     8
280
     0
  0
ATTDEF
  5
3FD
330
3F8
100
AcDbEntity
  8
attrib
100
AcDbText
 10
80.3
 20
107.5
 30
0.0
 40
0.5
  1
ATP__XL025, ATP__XL031, ATP__ XL037, ATP__XL050, BTP__XL025, BTP__XL031, BTP__XL037, BTP__XL050, KTP__XL025, KTP__XL031, KTP__ XL037, KTP__XL050, NTP__XL025, NTP__XL031, NTP__ XL037, NTP__XL050, MTP__XL025, MTP__ XL037, MTP__XL050, MTPB__XL025, MTPB
100
AcDbAttributeDefinition
  3

  2
NN
 70
     8
280
     0
  0
ATTDEF
  5
3FE
330
3F8
100
AcDbEntity
  8
attrib
100
AcDbText
 10
80.3
 20
107.0
 30
0.0
 40
0.5
  1
Timing Pulleys XL Type
100
AcDbAttributeDefinition
  3

  2
NT
 70
     8
280
     0
  0
ATTDEF
  5
3FF
330
3F8
100
AcDbEntity
  8
attrib
100
AcDbText
 10
80.3
 20
106.5
 30
0.0
 40
0.5
  1
$PN._b
100
AcDbAttributeDefinition
  3

  2
NBSYN
 70
     8
280
     0
  0
ATTDEF
  5
400
330
3F8
100
AcDbEntity
  8
attrib
100
AcDbText
 10
80.3
 20
106.0
 30
0.0
 40
0.5
  1
MTP24XL037-A-C10
100
AcDbAttributeDefinition
  3

  2
LINA
 70
     8
280
     0
  0
ATTDEF
  5
401
330
3F8
100
AcDbEntity
  8
attrib
100
AcDbText
 10
80.3
 20
105.5
 30
0.0
 40
0.5
  1
Misumi
100
AcDbAttributeDefinition
  3

  2
CATALOG
 70
     8
280
     0
  0
ATTDEF
  5
402
330
3F8
100
AcDbEntity
  8
attrib
100
AcDbText
 10
80.3
 20
105.0
 30
0.0
 40
0.5
  1
MTP24XL037-A-C10
100
AcDbAttributeDefinition
  3

  2
PN
 70
     8
280
     0
  0
ATTDEF
  5
403
330
3F8
100
AcDbEntity
  8
attrib
100
AcDbText
 10
80.3
 20
104.5
 30
0.0
 40
0.5
  1
1045 Carbon Steel Equivalent
100
AcDbAttributeDefinition
  3

  2
MATP
 70
     8
280
     0
  0
ATTDEF
  5
404
330
3F8
100
AcDbEntity
  8
attrib
100
AcDbText
 10
80.3
 20
104.0
 30
0.0
 40
0.5
  1
-
100
AcDbAttributeDefinition
  3

  2
ST
 70
     8
280
     0
  0
ATTDEF
  5
405
330
3F8
100
AcDbEntity
  8
attrib
100
AcDbText
 10
80.3
 20
103.5
 30
0.0
 40
0.5
  1
24
100
AcDbAttributeDefinition
  3

  2
NT
 70
     8
280
     0
  0
ATTDEF
  5
406
330
3F8
100
AcDbEntity
  8
attrib
100
AcDbText
 10
80.3
 20
103.0
 30
0.0
 40
0.5
  1
XL037
100
AcDbAttributeDefinition
  3

  2
TNW
 70
     8
280
     0
  0
ATTDEF
  5
407
330
3F8
100
AcDbEntity
  8
attrib
100
AcDbText
 10
80.3
 20
102.5
 30
0.0
 40
0.5
  1
9.5mm (3/8inch)
100
AcDbAttributeDefinition
  3

  2
BW
 70
     8
280
     0
  0
ATTDEF
  5
408
330
3F8
100
AcDbEntity
  8
attrib
100
AcDbText
 10
80.3
 20
102.0
 30
0.0
 40
0.5
  1
A
100
AcDbAttributeDefinition
  3

  2
PS
 70
     8
280
     0
  0
ATTDEF
  5
409
330
3F8
100
AcDbEntity
  8
attrib
100
AcDbText
 10
80.3
 20
101.5
 30
0.0
 40
0.5
  1
Old JIS Keywayed Bore + Tap
100
AcDbAttributeDefinition
  3

  2
SBS
 70
     8
280
     0
  0
ATTDEF
  5
40A
330
3F8
100
AcDbEntity
  8
attrib
100
AcDbText
 10
80.3
 20
101.0
 30
0.0
 40
0.5
  1
10.00
100
AcDbAttributeDefinition
  3

  2
DD
 70
     8
280
     0
  0
ATTDEF
  5
40B
330
3F8
100
AcDbEntity
  8
attrib
100
AcDbText
 10
80.3
 20
100.5
 30
0.0
 40
0.5
  1
0
100
AcDbAttributeDefinition
  3

  2
Z
 70
     8
280
     0
  0
ATTDEF
  5
40C
330
3F8
100
AcDbEntity
  8
attrib
100
AcDbText
 10
80.3
 20
100.0
 30
0.0
 40
0.5
  1
0.0
100
AcDbAttributeDefinition
  3

  2
J
 70
     8
280
     0
  0
ATTDEF
  5
40D
330
3F8
100
AcDbEntity
  8
attrib
100
AcDbText
 10
80.3
 20
99.50000000000001
 30
0.0
 40
0.5
  1
0
100
AcDbAttributeDefinition
  3

  2
Q
 70
     8
280
     0
  0
ATTDEF
  5
40E
330
3F8
100
AcDbEntity
  8
attrib
100
AcDbText
 10
80.3
 20
99.00000000000001
 30
0.0
 40
0.5
  1
0
100
AcDbAttributeDefinition
  3

  2
R
 70
     8
280
     0
  0
ATTDEF
  5
40F
330
3F8
100
AcDbEntity
  8
attrib
100
AcDbText
 10
80.3
 20
98.50000000000001
 30
0.0
 40
0.5
  1
0.0
100
AcDbAttributeDefinition
  3

  2
S
 70
     8
280
     0
  0
ATTDEF
  5
410
330
3F8
100
AcDbEntity
  8
attrib
100
AcDbText
 10
80.3
 20
98.00000000000001
 30
0.0
 40
0.5
  1
0.0
100
AcDbAttributeDefinition
  3

  2
T
 70
     8
280
     0
  0
ATTDEF
  5
411
330
3F8
100
AcDbEntity
  8
attrib
100
AcDbText
 10
80.3
 20
97.50000000000001
 30
0.0
 40
0.5
  1
11.0
100
AcDbAttributeDefinition
  3

  2
A
 70
     8
280
     0
  0
ATTDEF
  5
412
330
3F8
100
AcDbEntity
  8
attrib
100
AcDbText
 10
80.3
 20
97.00000000000001
 30
0.0
 40
0.5
  1
16.0
100
AcDbAttributeDefinition
  3

  2
W
 70
     8
280
     0
  0
ATTDEF
  5
413
330
3F8
100
AcDbEntity
  8
attrib
100
AcDbText
 10
80.3
 20
96.50000000000001
 30
0.0
 40
0.5
  1
0
100
AcDbAttributeDefinition
  3

  2
L
 70
     8
280
     0
  0
ATTDEF
  5
414
330
3F8
100
AcDbEntity
  8
attrib
100
AcDbText
 10
80.3
 20
96.00000000000001
 30
0.0
 40
0.5
  1
38.81
100
AcDbAttributeDefinition
  3

  2
PD
 70
     8
280
     0
  0
ATTDEF
  5
415
330
3F8
100
AcDbEntity
  8
attrib
100
AcDbText
 10
80.3
 20
95.50000000000001
 30
0.0
 40
0.5
  1
38.30
100
AcDbAttributeDefinition
  3

  2
OD
 70
     8
280
     0
  0
ATTDEF
  5
416
330
3F8
100
AcDbEntity
  8
attrib
100
AcDbText
 10
80.3
 20
95.00000000000001
 30
0.0
 40
0.5
  1
0
100
AcDbAttributeDefinition
  3

  2
D
 70
     8
280
     0
  0
ATTDEF
  5
417
330
3F8
100
AcDbEntity
  8
attrib
100
AcDbText
 10
80.3
 20
94.50000000000001
 30
0.0
 40
0.5
  1
45
100
AcDbAttributeDefinition
  3

  2
F
 70
     8
280
     0
  0
ATTDEF
  5
418
330
3F8
100
AcDbEntity
  8
attrib
100
AcDbText
 10
80.3
 20
94.00000000000001
 30
0.0
 40
0.5
  1
30
100
AcDbAttributeDefinition
  3

  2
E
 70
     8
280
     0
  0
ATTDEF
  5
419
330
3F8
100
AcDbEntity
  8
attrib
100
AcDbText
 10
80.3
 20
93.50000000000001
 30
0.0
 40
0.5
  1
1.6
100
AcDbAttributeDefinition
  3

  2
TT
 70
     8
280
     0
  0
ATTDEF
  5
41A
330
3F8
100
AcDbEntity
  8
attrib
100
AcDbText
 10
80.3
 20
93.00000000000001
 30
0.0
 40
0.5
  1
w/o KC90 (Set Screw Angle)
100
AcDbAttributeDefinition
  3

  2
ALT1
 70
     8
280
     0
  0
ATTDEF
  5
41B
330
3F8
100
AcDbEntity
  8
attrib
100
AcDbText
 10
80.3
 20
92.50000000000001
 30
0.0
 40
0.5
  1
w/o Side Tapped Hole
100
AcDbAttributeDefinition
  3

  2
ALT2
 70
     8
280
     0
  0
ATTDEF
  5
41C
330
3F8
100
AcDbEntity
  8
attrib
100
AcDbText
 10
80.3
 20
92.00000000000001
 30
0.0
 40
0.5
  1
N/A
100
AcDbAttributeDefinition
  3

  2
M
 70
     8
280
     0
  0
ATTDEF
  5
41D
330
3F8
100
AcDbEntity
  8
attrib
100
AcDbText
 10
80.3
 20
91.50000000000001
 30
0.0
 40
0.5
  1
0.0
100
AcDbAttributeDefinition
  3

  2
QSC
 70
     8
280
     0
  0
ATTDEF
  5
41E
330
3F8
100
AcDbEntity
  8
attrib
100
AcDbText
 10
80.3
 20
91.00000000000001
 30
0.0
 40
0.5
  1
0.0
100
AcDbAttributeDefinition
  3

  2
QFC
 70
     8
280
     0
  0
ATTDEF
  5
41F
330
3F8
100
AcDbEntity
  8
attrib
100
AcDbText
 10
80.3
 20
90.50000000000001
 30
0.0
 40
0.5
  1
0.0
100
AcDbAttributeDefinition
  3

  2
QTC
 70
     8
280
     0
  0
ATTDEF
  5
420
330
3F8
100
AcDbEntity
  8
attrib
100
AcDbText
 10
80.3
 20
90.00000000000001
 30
0.0
 40
0.5
  1
w/o Side Through Hole
100
AcDbAttributeDefinition
  3

  2
ALT3
 70
     8
280
     0
  0
ATTDEF
  5
421
330
3F8
100
AcDbEntity
  8
attrib
100
AcDbText
 10
80.3
 20
89.50000000000001
 30
0.0
 40
0.5
  1
0.0
100
AcDbAttributeDefinition
  3

  2
K
 70
     8
280
     0
  0
ATTDEF
  5
422
330
3F8
100
AcDbEntity
  8
attrib
100
AcDbText
 10
80.3
 20
89.00000000000001
 30
0.0
 40
0.5
  1
0.0
100
AcDbAttributeDefinition
  3

  2
KSC
 70
     8
280
     0
  0
ATTDEF
  5
423
330
3F8
100
AcDbEntity
  8
attrib
100
AcDbText
 10
80.3
 20
88.50000000000001
 30
0.0
 40
0.5
  1
0.0
100
AcDbAttributeDefinition
  3

  2
KFC
 70
     8
280
     0
  0
ATTDEF
  5
424
330
3F8
100
AcDbEntity
  8
attrib
100
AcDbText
 10
80.3
 20
88.00000000000001
 30
0.0
 40
0.5
  1
0.0
100
AcDbAttributeDefinition
  3

  2
KTC
 70
     8
280
     0
  0
ATTDEF
  5
425
330
3F8
100
AcDbEntity
  8
attrib
100
AcDbText
 10
80.3
 20
87.50000000000001
 30
0.0
 40
0.5
  1
Not applicable
100
AcDbAttributeDefinition
  3

  2
ALT4
 70
     8
280
     0
  0
ATTDEF
  5
426
330
3F8
100
AcDbEntity
  8
attrib
100
AcDbText
 10
80.3
 20
87.00000000000001
 30
0.0
 40
0.5
  1
N/A
100
AcDbAttributeDefinition
  3

  2
ZM
 70
     8
280
     0
  0
ATTDEF
  5
427
330
3F8
100
AcDbEntity
  8
attrib
100
AcDbText
 10
80.3
 20
86.50000000000001
 30
0.0
 40
0.5
  1
0.0
100
AcDbAttributeDefinition
  3

  2
ZMDD1
 70
     8
280
     0
  0
ATTDEF
  5
428
330
3F8
100
AcDbEntity
  8
attrib
100
AcDbText
 10
80.3
 20
86.00000000000001
 30
0.0
 40
0.5
  1
0.0
100
AcDbAttributeDefinition
  3

  2
ZMDD2
 70
     8
280
     0
  0
ATTDEF
  5
429
330
3F8
100
AcDbEntity
  8
attrib
100
AcDbText
 10
80.3
 20
85.50000000000001
 30
0.0
 40
0.5
  1
0.0
100
AcDbAttributeDefinition
  3

  2
ZMHH
 70
     8
280
     0
  0
ATTDEF
  5
42A
330
3F8
100
AcDbEntity
  8
attrib
100
AcDbText
 10
80.3
 20
85.00000000000001
 30
0.0
 40
0.5
  1
0.0
100
AcDbAttributeDefinition
  3

  2
ZSC
 70
     8
280
     0
  0
ATTDEF
  5
42B
330
3F8
100
AcDbEntity
  8
attrib
100
AcDbText
 10
80.3
 20
84.50000000000001
 30
0.0
 40
0.5
  1
0.0
100
AcDbAttributeDefinition
  3

  2
ZFC
 70
     8
280
     0
  0
ATTDEF
  5
42C
330
3F8
100
AcDbEntity
  8
attrib
100
AcDbText
 10
80.3
 20
84.00000000000001
 30
0.0
 40
0.5
  1
0.0
100
AcDbAttributeDefinition
  3

  2
ZTC
 70
     8
280
     0
  0
ATTDEF
  5
42D
330
3F8
100
AcDbEntity
  8
attrib
100
AcDbText
 10
80.3
 20
83.50000000000001
 30
0.0
 40
0.5
  1
w/o Flange not Attached
100
AcDbAttributeDefinition
  3

  2
ALT5
 70
     8
280
     0
  0
ATTDEF
  5
42E
330
3F8
100
AcDbEntity
  8
attrib
100
AcDbText
 10
80.3
 20
83.00000000000001
 30
0.0
 40
0.5
  1
w/o Flange Attached on One Side Only
100
AcDbAttributeDefinition
  3

  2
ALT6
 70
     8
280
     0
  0
ATTDEF
  5
42F
330
3F8
100
AcDbEntity
  8
attrib
100
AcDbText
 10
80.3
 20
82.50000000000001
 30
0.0
 40
0.5
  1
w/o FC (Flange Cut)
100
AcDbAttributeDefinition
  3

  2
ALT7
 70
     8
280
     0
  0
ATTDEF
  5
430
330
3F8
100
AcDbEntity
  8
attrib
100
AcDbText
 10
80.3
 20
82.00000000000001
 30
0.0
 40
0.5
  1
0.0
100
AcDbAttributeDefinition
  3

  2
FC
 70
     8
280
     0
  0
ATTDEF
  5
431
330
3F8
100
AcDbEntity
  8
attrib
100
AcDbText
 10
80.3
 20
81.50000000000001
 30
0.0
 40
0.5
  1
Not applicable
100
AcDbAttributeDefinition
  3

  2
ALT8
 70
     8
280
     0
  0
ATTDEF
  5
432
330
3F8
100
AcDbEntity
  8
attrib
100
AcDbText
 10
80.3
 20
81.00000000000001
 30
0.0
 40
0.5
  1
0.0
100
AcDbAttributeDefinition
  3

  2
SRG
 70
     8
280
     0
  0
ATTDEF
  5
433
330
3F8
100
AcDbEntity
  8
attrib
100
AcDbText
 10
80.3
 20
80.50000000000001
 30
0.0
 40
0.5
  1
0.0
100
AcDbAttributeDefinition
  3

  2
DD2
 70
     8
280
     0
  0
ATTDEF
  5
434
330
3F8
100
AcDbEntity
  8
attrib
100
AcDbText
 10
80.3
 20
80.00000000000001
 30
0.0
 40
0.5
  1
0.00
100
AcDbAttributeDefinition
  3

  2
MM
 70
     8
280
     0
  0
ATTDEF
  5
435
330
3F8
100
AcDbEntity
  8
attrib
100
AcDbText
 10
80.3
 20
79.50000000000001
 30
0.0
 40
0.5
  1
0.00
100
AcDbAttributeDefinition
  3

  2
NN
 70
     8
280
     0
  0
ATTDEF
  5
436
330
3F8
100
AcDbEntity
  8
attrib
100
AcDbText
 10
80.3
 20
79.00000000000001
 30
0.0
 40
0.5
  1
Not applicable
100
AcDbAttributeDefinition
  3

  2
ALT9
 70
     8
280
     0
  0
ATTDEF
  5
437
330
3F8
100
AcDbEntity
  8
attrib
100
AcDbText
 10
80.3
 20
78.50000000000001
 30
0.0
 40
0.5
  1
0
100
AcDbAttributeDefinition
  3

  2
BTC
 70
     8
280
     0
  0
ATTDEF
  5
438
330
3F8
100
AcDbEntity
  8
attrib
100
AcDbText
 10
80.3
 20
78.00000000000001
 30
0.0
 40
0.5
  1
0.0
100
AcDbAttributeDefinition
  3

  2
TL
 70
     8
280
     0
  0
ATTDEF
  5
439
330
3F8
100
AcDbEntity
  8
attrib
100
AcDbText
 10
80.3
 20
77.50000000000001
 30
0.0
 40
0.5
  1
0
100
AcDbAttributeDefinition
  3

  2
BTCL
 70
     8
280
     0
  0
ATTDEF
  5
43A
330
3F8
100
AcDbEntity
  8
attrib
100
AcDbText
 10
80.3
 20
77.00000000000001
 30
0.0
 40
0.5
  1
0
100
AcDbAttributeDefinition
  3

  2
BTCD
 70
     8
280
     0
  0
ATTDEF
  5
43B
330
3F8
100
AcDbEntity
  8
attrib
100
AcDbText
 10
80.3
 20
76.50000000000001
 30
0.0
 40
0.5
  1
w/o TPC (Tapped Hole Dimension)
100
AcDbAttributeDefinition
  3

  2
ALT10
 70
     8
280
     0
  0
ATTDEF
  5
43C
330
3F8
100
AcDbEntity
  8
attrib
100
AcDbText
 10
80.3
 20
76.00000000000001
 30
0.0
 40
0.5
  1
N/A
100
AcDbAttributeDefinition
  3

  2
TPC
 70
     8
280
     0
  0
ATTDEF
  5
43D
330
3F8
100
AcDbEntity
  8
attrib
100
AcDbText
 10
80.3
 20
75.50000000000001
 30
0.0
 40
0.5
  1
Not applicable
100
AcDbAttributeDefinition
  3

  2
ALT11
 70
     8
280
     0
  0
ATTDEF
  5
43E
330
3F8
100
AcDbEntity
  8
attrib
100
AcDbText
 10
80.3
 20
75.00000000000001
 30
0.0
 40
0.5
  1
0.0
100
AcDbAttributeDefinition
  3

  2
BC
 70
     8
280
     0
  0
ATTDEF
  5
43F
330
3F8
100
AcDbEntity
  8
attrib
100
AcDbText
 10
80.3
 20
74.50000000000001
 30
0.0
 40
0.5
  1
w/o SLH (Set Screw Length)
100
AcDbAttributeDefinition
  3

  2
ALT12
 70
     8
280
     0
  0
ATTDEF
  5
440
330
3F8
100
AcDbEntity
  8
attrib
100
AcDbText
 10
80.3
 20
74.00000000000001
 30
0.0
 40
0.5
  1
0
100
AcDbAttributeDefinition
  3

  2
SLH
 70
     8
280
     0
  0
ATTDEF
  5
441
330
3F8
100
AcDbEntity
  8
attrib
100
AcDbText
 10
80.3
 20
73.50000000000001
 30
0.0
 40
0.5
  1
Not applicable
100
AcDbAttributeDefinition
  3

  2
ALT13
 70
     8
280
     0
  0
ATTDEF
  5
442
330
3F8
100
AcDbEntity
  8
attrib
100
AcDbText
 10
80.3
 20
73.00000000000001
 30
0.0
 40
0.5
  1
0.0
100
AcDbAttributeDefinition
  3

  2
BN
 70
     8
280
     0
  0
ATTDEF
  5
443
330
3F8
100
AcDbEntity
  8
attrib
100
AcDbText
 10
80.3
 20
72.50000000000001
 30
0.0
 40
0.5
  1
M4x3
100
AcDbAttributeDefinition
  3

  2
AC
 70
     8
280
     0
  0
ATTDEF
  5
444
330
3F8
100
AcDbEntity
  8
attrib
100
AcDbText
 10
80.3
 20
72.00000000000001
 30
0.0
 40
0.5
  1
misumi
100
AcDbAttributeDefinition
  3

  2
COMPANY
 70
     8
280
     0
  0
ATTDEF
  5
445
330
3F8
100
AcDbEntity
  8
attrib
100
AcDbText
 10
80.3
 20
71.50000000000001
 30
0.0
 40
0.5
  1
1
100
AcDbAttributeDefinition
  3

  2
ExcludeFromBOM
 70
     8
280
     0
  0
ATTDEF
  5
446
330
3F8
100
AcDbEntity
  8
attrib
100
AcDbText
 10
80.3
 20
71.00000000000001
 30
0.0
 40
0.5
  1
{$CADENAS_DATA/23d-libs/misumi/metric/51_timing_pulleys/mtp_xl/mtp_xl.prj},888 {VTYP=3D},{NB=MTP24XL037-A-C10_b},{LINA=MTP24XL037-A-C10},{NN=ATP__XL025, ATP__XL031, ATP__ XL037, ATP__XL050, BTP__XL025, BTP__XL031, BTP__XL037, BTP__XL050, KTP__XL025,
100
AcDbAttributeDefinition
  3

  2
PSOL_0
 70
     9
280
     0
  0
ATTDEF
  5
447
330
3F8
100
AcDbEntity
  8
attrib
100
AcDbText
 10
80.3
 20
70.50000000000001
 30
0.0
 40
0.5
  1
XL031, KTP__ XL037, KTP__XL050, NTP__XL025, NTP__XL031, NTP__ XL037, NTP__XL050, MTP__XL025, MTP__ XL037, MTP__XL050, MTPB__XL025, MTPB__ XL037, MTPB__XL050, MTPP__XL025, MTPP__ XL037, MTPP__XL050, STP__XL025, STP__XL031, STP__ XL037, STP__XL050, KA
100
AcDbAttributeDefinition
  3

  2
PSOL_1
 70
     9
280
     0
  0
ATTDEF
  5
448
330
3F8
100
AcDbEntity
  8
attrib
100
AcDbText
 10
80.3
 20
70.00000000000001
 30
0.0
 40
0.5
  1
025, KATP__XL031, KATP__ XL037, KATP__XL050, KKTP__XL025, KKTP__XL031, KKTP__ XL037, KKTP__XL050_body},{DATE=06.01.2023 09:07:12},{GEOMDATE=06.01.2023 09:06:51},{VERSION=},{LINEID=110},{WBVAR=MATP,ST,TNW,PS,SBS,DD,Z,J,Q,R,S,T,ALT1,ALT2,M,QSC,QFC,QTC
100
AcDbAttributeDefinition
  3

  2
PSOL_2
 70
     9
280
     0
  0
ATTDEF
  5
449
330
3F8
100
AcDbEntity
  8
attrib
100
AcDbText
 10
80.3
 20
69.50000000000001
 30
0.0
 40
0.5
  1
K,KSC,KFC,KTC,ALT4,ZM,ZSC,ZFC,ZTC,ALT5,ALT6,ALT7,FC,ALT8,SRG,ALT9,BTC,TL,ALT10,TPC,ALT11,BC,ALT12,SLH,ALT13,BN},{WBNUMERIC=DD,Z,J,Q,R,S,T,QSC,QFC,QTC,K,KSC,KFC,KTC,ZSC,ZFC,ZTC,FC,SRG,BTC,TL,BC,SLH,BN}  {NB=MTP24XL037-A-C10_b},{LINA=MTP24XL037-A-C10}
100
AcDbAttributeDefinition
  3

  2
PSOL_3
 70
     9
280
     0
  0
ATTDEF
  5
44A
330
3F8
100
AcDbEntity
  8
attrib
100
AcDbText
 10
80.3
 20
69.00000000000001
 30
0.0
 40
0.5
  1
UMMY},{PN=MTP24XL037-A-C10},{TYPE=MTP},{MATP=S45C},{MATPALG= 'A2017','Aluminum Alloy 2000 series','S45C','1045 Carbon Steel Equivalent','SUS304','SUS304', 'A6000', '6000 Series Aluminum Alloy' },{ST=-},{STALG= '-','-','BO','Black Oxide','ENP','Elect
100
AcDbAttributeDefinition
  3

  2
PSOL_4
 70
     9
280
     0
  0
ATTDEF
  5
44B
330
3F8
100
AcDbEntity
  8
attrib
100
AcDbText
 10
80.3
 20
68.50000000000001
 30
0.0
 40
0.5
  1
 Nickel Plating' },{NT=24},{TNW=XL037},{TNWALG= 'XL025','XL031','XL037','XL050' },{BW=9.5mm (3/8inch)},{PS=A},{PSALG= 'A','B' },{SBS=C},{SBSALG= 'H','Round Hole','P','Round Hole + Tap','N','New JIS Keywayed Bore + Tap (Standard)','NK','New JIS Keywa
100
AcDbAttributeDefinition
  3

  2
PSOL_5
 70
     9
280
     0
  0
ATTDEF
  5
44C
330
3F8
100
AcDbEntity
  8
attrib
100
AcDbText
 10
80.3
 20
68.00000000000001
 30
0.0
 40
0.5
  1
re + Tap (width 4.0mm, height 1.8mm)','C','Old JIS Keywayed Bore + Tap','V','Stepped Hole','Y','Both Ends Stepped Hole','WB','Double Stepped Hole' },{DD=10.00},{DDALG=[10,12,15,16,18,19,20]},{DDHA=[6:6/1],6.35,[7:12/1],12.7,[13:26/1]},{DDPA=[8:12/1]
100
AcDbAttributeDefinition
  3

  2
PSOL_6
 70
     9
280
     0
  0
ATTDEF
  5
44D
330
3F8
100
AcDbEntity
  8
attrib
100
AcDbText
 10
80.3
 20
67.50000000000001
 30
0.0
 40
0.5
  1
[13:22/1]},{DDNA=[8:8/1],[10:22/1]},{DDNK=[10:10/1]},{DDCA=[10,12,15,16,18,19,20]},{DDVA=[8:12/1],12.7,[13:21/1]},{DDY=[8:21/1]},{DDWB=[8:19/1]},{DDHB=},{DDPB=},{DDNB=},{DDCB=},{DDVFB=},{Z=0},{ZALG=[0]},{ZMIN=12.000},{ZAMAX=23.000},{ZBMAX=0.000},{DD
100
AcDbAttributeDefinition
  3

  2
PSOL_7
 70
     9
280
     0
  0
ATTDEF
  5
44E
330
3F8
100
AcDbEntity
  8
attrib
100
AcDbText
 10
80.3
 20
67.00000000000001
 30
0.0
 40
0.5
  1
00},{J=0.0},{JALG=[0]},{JMIN=2.000},{JMAX=14.0},{JPN=},{Q=0},{QALG=[0]},{QRMIN=12.000},{QRMAX=23},{WBQMIN=14.000},{R=0},{RALG=[0]},{WBRMAX=-2.000},{S=0.0},{SALG=[0]},{SMAX=8},{T=0.0},{TALG=[0]},{TMAX=8},{SBSPN=-C10},{A=11.0},{W=16.0},{L=0},{PD=38.81
100
AcDbAttributeDefinition
  3

  2
PSOL_8
 70
     9
280
     0
  0
ATTDEF
  5
44F
330
3F8
100
AcDbEntity
  8
attrib
100
AcDbText
 10
80.3
 20
66.50000000000001
 30
0.0
 40
0.5
  1
38.30},{D=0},{DALG=26.000},{DE=30},{F=45},{E=30},{TT=1.6},{BBK=4.000},{TTK=1.5},{ALT1=},{ANG=120.000},{ALT1ALG= '','w/o KC90 (Set Screw Angle)','KC90','with KC90 (Set Screw Angle)' },{ALT1PN=},{ALT2=},{ALT2ALG= '','w/o Side Tapped Hole','QTC','with 
100
AcDbAttributeDefinition
  3

  2
PSOL_9
 70
     9
280
     0
  0
ATTDEF
  5
450
330
3F8
100
AcDbEntity
  8
attrib
100
AcDbText
 10
80.3
 20
66.00000000000001
 30
0.0
 40
0.5
  1
 Places Side Tapped Hole)' },{M=N/A},{MALG= 'N/A' },{MFTALG= 'N/A' },{MSALG= 'N/A' },{M3D=0.000},{KDML=0.000},{ML=0.000},{MUL=0.000},{PITCH=0.000},{QSC=0.0},{QSCALG=0},{QFC=0.0},{QFCALG=0},{QTC=0.0},{QTCALG=0},{QPCDMIN=0.000},{QPCDMINALG=0.000},{QPC
100
AcDbAttributeDefinition
  3

  2
PSOL_10
 70
     9
280
     0
  0
ATTDEF
  5
451
330
3F8
100
AcDbEntity
  8
attrib
100
AcDbText
 10
80.3
 20
65.50000000000001
 30
0.0
 40
0.5
  1
6.000},{ALT2PN=},{TAP=0.000},{ALT3=},{ALT3ALG= '','w/o Side Through Hole','KTC','with KTC (3 Places Side Through Hole)' },{K=0.0},{KALG=0},{KMIN=4.000},{KFTMAX=6.000},{KSMAX=6.000},{KSC=0.0},{KSCALG=0},{KFC=0.0},{KFCALG=0},{KTC=0.0},{KTCALG=0},{KSCM
100
AcDbAttributeDefinition
  3

  2
PSOL_11
 70
     9
280
     0
  0
ATTDEF
  5
452
330
3F8
100
AcDbEntity
  8
attrib
100
AcDbText
 10
80.3
 20
65.00000000000001
 30
0.0
 40
0.5
  1
000},{KPCDMIN=14.000},{KPCDMAX=26.000},{ALT3PN=},{ALT4=},{ALT4ALG= '','Not applicable' },{ALT4MIN=20.500},{ALT4MAX=19.500},{ZM=N/A},{ZMALG= 'N/A' },{ZMFTALG= 'N/A' },{ZMSALG= 'N/A' },{ZMDD1=0.0},{ZMDD2=0.0},{ZMHH=0.0},{ZSC=0.0},{ZSCALG=[0]},{ZFC=0.0
100
AcDbAttributeDefinition
  3

  2
PSOL_12
 70
     9
280
     0
  0
ATTDEF
  5
453
330
3F8
100
AcDbEntity
  8
attrib
100
AcDbText
 10
80.3
 20
64.50000000000001
 30
0.0
 40
0.5
  1
ALG=[0]},{ZTC=0.0},{ZTCALG=[0]},{ZPCDMIN=0.000},{ZPCDMINALG=0.000},{ZPCDMAX=26.000},{ALT4PN=},{ALT5=},{ALT5ALG= '','w/o Flange not Attached','NFC','with NFC (Flange not Attached)' },{ALT5PN=},{ALT6=},{ALT6ALG= '','w/o Flange Attached on One Side Onl
100
AcDbAttributeDefinition
  3

  2
PSOL_13
 70
     9
280
     0
  0
ATTDEF
  5
454
330
3F8
100
AcDbEntity
  8
attrib
100
AcDbText
 10
80.3
 20
64.00000000000001
 30
0.0
 40
0.5
  1
C','with RFC (Flange Attached on The Boss Side Only)','LFC','with LFC (Flange Attached on The Opposite Side Only)' },{ALT6PN=},{ALT7=},{ALT7ALG= '','w/o FC (Flange Cut)','FC','with FC (Flange Cut)' },{FC=0.0},{FCALG=0},{FCMIN=39.5},{FCMAX=43.0},{ALT
100
AcDbAttributeDefinition
  3

  2
PSOL_14
 70
     9
280
     0
  0
ATTDEF
  5
455
330
3F8
100
AcDbEntity
  8
attrib
100
AcDbText
 10
80.3
 20
63.50000000000001
 30
0.0
 40
0.5
  1
{ALT8=},{ALT8ALG= '','Not applicable' },{ALT8ALGALG=26.000},{ALT8DD2=0.000},{ALT8MM=0.000},{ALT8NN=0.000},{QC=0.000},{KC=0.000},{ZC=0.000},{SRG=0.0},{SRGALG=[0]},{SRGMAX=0.000},{DD2=0.0},{MM=0.00},{NN=0.00},{ALT8PN=},{ALT9=},{ALT9ALG= '','Not applic
100
AcDbAttributeDefinition
  3

  2
PSOL_15
 70
     9
280
     0
  0
ATTDEF
  5
456
330
3F8
100
AcDbEntity
  8
attrib
100
AcDbText
 10
80.3
 20
63.00000000000001
 30
0.0
 40
0.5
  1
},{BTC9=11.000},{TL9=1.000},{BTC=0},{BTCALG=[0]},{TL=0.0},{TLALG=0},{TLMIN=1.000},{TLMAX=-16.500},{BTCL=0},{BTCD=0},{ALT9PN=},{WLBCTL=16.000},{ALT10=},{ALT10ALG= '','w/o TPC (Tapped Hole Dimension)','TPC','with TPC (Tapped Hole Dimension)' },{TPC=N/
100
AcDbAttributeDefinition
  3

  2
PSOL_16
 70
     9
280
     0
  0
ATTDEF
  5
457
330
3F8
100
AcDbEntity
  8
attrib
100
AcDbText
 10
80.3
 20
62.50000000000001
 30
0.0
 40
0.5
  1
CALG= 'N/A' },{TPCM=4.000},{ALT10PN=},{ALT11=},{ALT11ALG= '','Not applicable' },{BC=0.0},{BCALG=0},{BCMIN=7},{BCMAX=-16.5},{M1WBC=8},{ALT11PN=},{KTT=12.65},{ALT12=},{ALT12ALG= '','w/o SLH (Set Screw Length)','SLH','with SLH (Set Screw Length)' },{SL
100
AcDbAttributeDefinition
  3

  2
PSOL_17
 70
     9
280
     0
  0
ATTDEF
  5
458
330
3F8
100
AcDbEntity
  8
attrib
100
AcDbText
 10
80.3
 20
62.00000000000001
 30
0.0
 40
0.5
  1
0]},{SLH=0},{ALT12PN=},{ALT13=},{ALT13ALG= '', 'Not applicable' },{BN=0.0},{BNALG=0},{BNMIN=-15.5},{BNMAX=-6},{ALT13PN=},{AC=M4x3},{M1=4.000},{M1L=3.000},{KEYA=1.000},{KEYB=0.000},{KEYM=1.000}
100
AcDbAttributeDefinition
  3

  2
PSOL_18
 70
     9
280
     0
  0
LWPOLYLINE
  5
459
330
3F8
100
AcDbEntity
  8
hidden
100
AcDbPolyline
 90
       19
 70
     0
 43
0.0
 10
65.32779481499743
 20
77.08348519005501
 10
65.34723460223734
 20
77.08476405383877
 10
65.40128708741761
 20
77.09608136548634
 10
65.4645836621671
 20
77.11665724912697
 10
65.53587540997229
 20
77.14347404867483
 10
65.66612521530273
 20
77.19389837178892
 10
65.8088315699552
 20
77.24527411552694
 10
66.03646836711599
 20
77.31027617553708
 10
66.27552161969324
 20
77.35270486485308
 10
66.52706411981302
 20
77.36534209441005
 10
66.77794961747757
 20
77.34575924599825
 10
66.95528422071396
 20
77.31209671206108
 10
67.12712450283611
 20
77.26553207664962
 10
67.28893934588703
 20
77.21082902524944
 10
67.39895952629102
 20
77.16885179723177
 10
67.49937622781309
 20
77.12995908253124
 10
67.57203592897277
 20
77.10415757321694
 10
67.63434855390541
 20
77.08755627347288
 10
67.67194893822769
 20
77.08348607064937
  0
LWPOLYLINE
  5
45A
330
3F8
100
AcDbEntity
  8
hidden
100
AcDbPolyline
 90
        5
 70
     0
 43
0.0
 10
64.98974393513586
 20
77.08473632494389
 10
64.96235102968839
 20
77.04060112155153
 10
64.93238555163911
 20
76.97225485209577
 10
64.90737426673955
 20
76.88629723679581
 10
64.89724915562557
 20
76.83588350990237
  0
LWPOLYLINE
  5
45B
330
3F8
100
AcDbEntity
  8
hidden
100
AcDbPolyline
 90
        5
 70
     0
 43
0.0
 10
65.07848628241197
 20
77.14813074263242
 10
65.06373127820353
 20
77.14595121011105
 10
65.03000020147971
 20
77.12769720402953
 10
64.99598877367335
 20
77.09296583730604
 10
64.98974393513586
 20
77.08473632494389
  0
LWPOLYLINE
  5
45C
330
3F8
100
AcDbEntity
  8
hidden
100
AcDbPolyline
 90
       19
 70
     0
 43
0.0
 10
67.69553020187129
 20
75.18974542930603
 10
67.65276539776266
 20
75.11090460274765
 10
67.5987129125824
 20
75.03176239614703
 10
67.53541633783293
 20
74.95647634225033
 10
67.46412459002775
 20
74.8864152712586
 10
67.33387478469734
 20
74.78645100354021
 10
67.19116843004491
 20
74.7056320927355
 10
66.96353163288417
 20
74.62014578188578
 10
66.72447838030696
 20
74.57210216573824
 10
66.47293588018721
 20
74.55828660019198
 10
66.2220503825227
 20
74.57968711562408
 10
66.04471577928629
 20
74.61789786670731
 10
65.87287549716415
 20
74.67696124866897
 10
65.71106065411321
 20
74.75814740597332
 10
65.60104047370918
 20
74.83262590376837
 10
65.50062377218707
 20
74.91937896277828
 10
65.42796407102736
 20
74.99827244137089
 10
65.36565144609469
 20
75.08189352147326
 10
65.30446979812871
 20
75.18974542930603
  0
LWPOLYLINE
  5
45D
330
3F8
100
AcDbEntity
  8
hidden
100
AcDbPolyline
 90
        4
 70
     0
 43
0.0
 10
65.30446979812871
 20
75.18974542930603
 10
65.21361053829472
 20
75.39978305023702
 10
65.13254147900749
 20
75.62437046327001
 10
65.0922880102769
 20
75.75370183514505
  0
LWPOLYLINE
  5
45E
330
3F8
100
AcDbEntity
  8
hidden
100
AcDbPolyline
 90
        8
 70
     0
 43
0.0
 10
64.89724918216356
 20
76.41577362049661
 10
64.91570396561673
 20
76.32531554089162
 10
64.9406221052673
 20
76.22699832776617
 10
64.96918860254235
 20
76.1295092616926
 10
65.00127946232541
 20
76.02968341242621
 10
65.03540644270088
 20
75.92847282330126
 10
65.06868255876185
 20
75.82921697953793
 10
65.0922880102769
 20
75.75370183514505
  0
LWPOLYLINE
  5
45F
330
3F8
100
AcDbEntity
  8
hidden
100
AcDbPolyline
 90
        3
 70
     0
 43
0.0
 10
64.89724918216356
 20
76.41577362049661
 10
64.87900239085947
 20
76.6225890159338
 10
64.87900000007406
 20
76.62498658117525
  0
LWPOLYLINE
  5
460
330
3F8
100
AcDbEntity
  8
hidden
100
AcDbPolyline
 90
        4
 70
     0
 43
0.0
 10
65.09228801027689
 20
77.14580954001902
 10
65.16769479206057
 20
77.12113811993422
 10
65.25324122094456
 20
77.0979159404884
 10
65.3044697981287
 20
77.08580597929928
  0
LWPOLYLINE
  5
461
330
3F8
100
AcDbEntity
  8
hidden
100
AcDbPolyline
 90
        4
 70
     0
 43
0.0
 10
67.6955302018713
 20
77.08580597929928
 10
67.78638946170531
 20
77.10815346043519
 10
67.86745852099253
 20
77.13204900330922
 10
67.90771198972311
 20
77.14580954001902
  0
LWPOLYLINE
  5
462
330
3F8
100
AcDbEntity
  8
hidden
100
AcDbPolyline
 90
        5
 70
     0
 43
0.0
 10
68.00993884493266
 20
77.0851693328286
 10
67.99872060217116
 20
77.09946520599084
 10
67.96459362341012
 20
77.13172675457818
 10
67.93131750339363
 20
77.14713735466488
 10
67.92150259009192
 20
77.14813075433617
  0
LWPOLYLINE
  5
463
330
3F8
100
AcDbEntity
  8
hidden
100
AcDbPolyline
 90
        5
 70
     0
 43
0.0
 10
68.10275084437275
 20
76.83588350989919
 10
68.08429607299287
 20
76.9194039678022
 10
68.05937794465378
 20
76.99377375472157
 10
68.03081145614817
 20
77.05296592442134
 10
68.00993884493266
 20
77.0851693328286
  0
LWPOLYLINE
  5
464
330
3F8
100
AcDbEntity
  8
hidden
100
AcDbPolyline
 90
        3
 70
     0
 43
0.0
 10
68.10275084437275
 20
76.83588350989919
 10
68.12099760944514
 20
76.6274110487954
 10
68.12099999992596
 20
76.62501341800606
  0
LWPOLYLINE
  5
465
330
3F8
100
AcDbEntity
  8
hidden
100
AcDbPolyline
 90
        8
 70
     0
 43
0.0
 10
67.9077119897231
 20
75.75370183514505
 10
67.93626872179645
 20
75.84429093324636
 10
67.96999979852028
 20
75.9443862655814
 10
68.00401122632664
 20
76.04569619998703
 10
68.03764897031158
 20
76.15187735552574
 10
68.06761444836087
 20
76.25763759518784
 10
68.09262573326045
 20
76.36327446361108
 10
68.10275081783644
 20
76.41577362049661
  0
LWPOLYLINE
  5
466
330
3F8
100
AcDbEntity
  8
hidden
100
AcDbPolyline
 90
        4
 70
     0
 43
0.0
 10
67.9077119897231
 20
75.75370183514505
 10
67.8323052079394
 20
75.5218221728204
 10
67.74675877905541
 20
75.30356351118566
 10
67.69553020187129
 20
75.18974542930603
  0
LINE
  5
467
330
3F8
100
AcDbEntity
  8
hidden
100
AcDbLine
 10
68.121
 20
76.62500945854299
 30
0.0
 11
68.121
 21
83.00087878835994
 31
0.0
  0
LINE
  5
468
330
3F8
100
AcDbEntity
  8
hidden
100
AcDbLine
 10
64.879
 20
83.00093831525946
 30
0.0
 11
64.879
 21
76.6250094591389
 31
0.0
  0
LWPOLYLINE
  5
469
330
3F8
100
AcDbEntity
  8
hidden
100
AcDbPolyline
 90
       22
 70
     0
 43
0.0
 10
64.87900000048941
 20
82.99996550339782
 10
64.88574780320913
 20
83.12904932778223
 10
64.93037958713711
 20
83.35834594354122
 10
65.01488362175014
 20
83.5838235623901
 10
65.13890372952272
 20
83.8012891094035
 10
65.29765679079547
 20
84.0013621777923
 10
65.49672397669715
 20
84.18488023601384
 10
65.72434893793199
 20
84.33612226387018
 10
65.89139868525183
 20
84.41648242767455
 10
66.06744601037185
 20
84.47791095348467
 10
66.24900493558495
 20
84.51859764748107
 10
66.51568478623464
 20
84.53855847483341
 10
66.78189680207484
 20
84.5132689308048
 10
67.03157001280137
 20
84.44617796700815
 10
67.26695586197856
 20
84.34089576142782
 10
67.48834964763232
 20
84.19650338102386
 10
67.68338692220244
 20
84.02152296638462
 10
67.85374607526697
 20
83.81201165984955
 10
67.98561524004887
 20
83.58276020114494
 10
68.07382697285684
 20
83.34307419084894
 10
68.11696854589516
 20
83.09959867161692
 10
68.12099999875451
 20
83.0000550577511
  0
LWPOLYLINE
  5
46A
330
3F8
100
AcDbEntity
  8
hidden
100
AcDbPolyline
 90
       11
 70
     0
 43
0.0
 10
68.12099999875451
 20
83.0000550577511
 10
68.11385279194504
 20
82.87107798174432
 10
68.06819599427708
 20
82.6530447791748
 10
67.98254123031134
 20
82.45417419569428
 10
67.85972305458405
 20
82.27498627495231
 10
67.69650590774953
 20
82.11358499677819
 10
67.50127391465753
 20
81.97861857799992
 10
67.26977099469906
 20
81.8685987170775
 10
67.01497270639659
 20
81.789950763537
 10
66.76119359713286
 20
81.7460341143985
 10
66.5
 20
81.73120141471863
  0
LINE
  5
46B
330
3F8
100
AcDbEntity
  8
hidden
100
AcDbLine
 10
64.87900000007406
 20
76.62498658117525
 30
0.0
 11
64.89724915562725
 21
76.8358835098992
 31
0.0
  0
LINE
  5
46C
330
3F8
100
AcDbEntity
  8
hidden
100
AcDbLine
 10
68.12099999992596
 20
76.62501341800606
 30
0.0
 11
68.10275081783644
 21
76.4157736204966
 31
0.0
  0
LINE
  5
46D
330
3F8
100
AcDbEntity
  8
hidden
100
AcDbLine
 10
64.879
 20
103.25
 30
0.0
 11
61.0
 21
103.25
 31
0.0
  0
LINE
  5
46E
330
3F8
100
AcDbEntity
  8
hidden
100
AcDbLine
 10
72.0
 20
103.25
 30
0.0
 11
68.121
 21
103.25
 31
0.0
  0
LINE
  5
46F
330
3F8
100
AcDbEntity
  8
hidden
100
AcDbLine
 10
61.0
 20
67.75
 30
0.0
 11
72.0
 21
67.75
 31
0.0
  0
LINE
  5
470
330
3F8
100
AcDbEntity
  8
hidden
100
AcDbLine
 10
72.0
 20
103.6004886248359
 30
0.0
 11
67.90771198972311
 21
103.6004886248359
 31
0.0
  0
LINE
  5
471
330
3F8
100
AcDbEntity
  8
hidden
100
AcDbLine
 10
72.0
 20
103.2483427189453
 30
0.0
 11
68.10275084437275
 21
103.2483427189453
 31
0.0
  0
LINE
  5
472
330
3F8
100
AcDbEntity
  8
hidden
100
AcDbLine
 10
68.10122012470279
 20
103.2482857644978
 30
0.0
 11
72.0
 21
103.2482857644978
 31
0.0
  0
LWPOLYLINE
  5
473
330
3F8
100
AcDbEntity
  8
hidden
100
AcDbPolyline
 90
        8
 70
     0
 43
0.0
 10
68.08992734226798
 20
103.2517567435187
 10
68.08392750700291
 20
103.2555753100337
 10
68.05937794465378
 20
103.2792277361029
 10
68.03040689951888
 20
103.3181329014055
 10
67.99872060217116
 20
103.3708511871698
 10
67.96411663349751
 20
103.4408787878406
 10
67.93131750339361
 20
103.5236454754451
 10
67.90771198972311
 20
103.6004886248359
  0
LINE
  5
474
330
3F8
100
AcDbEntity
  8
hidden
100
AcDbLine
 10
68.10146828691744
 20
103.2482857645368
 30
0.0
 11
68.08992734226798
 21
103.2517567435187
 31
0.0
  0
LINE
  5
475
330
3F8
100
AcDbEntity
  8
hidden
100
AcDbLine
 10
65.09228801027689
 20
103.6004886248359
 30
0.0
 11
61.0
 21
103.6004886248359
 31
0.0
  0
LINE
  5
476
330
3F8
100
AcDbEntity
  8
hidden
100
AcDbLine
 10
64.89724915562725
 20
103.2483427189453
 30
0.0
 11
61.0
 21
103.2483427189453
 31
0.0
  0
LINE
  5
477
330
3F8
100
AcDbEntity
  8
hidden
100
AcDbLine
 10
61.0
 20
103.2482857644978
 30
0.0
 11
64.89866750989238
 21
103.2482857644978
 31
0.0
  0
LINE
  5
478
330
3F8
100
AcDbEntity
  8
hidden
100
AcDbLine
 10
72.0
 20
67.3995113751641
 30
0.0
 11
61.0
 21
67.3995113751641
 31
0.0
  0
LINE
  5
479
330
3F8
100
AcDbEntity
  8
hidden
100
AcDbLine
 10
72.0
 20
67.75165728345107
 30
0.0
 11
61.0
 21
67.75165728345107
 31
0.0
  0
LINE
  5
47A
330
3F8
100
AcDbEntity
  8
hidden
100
AcDbLine
 10
64.89724912609833
 20
103.2483427216119
 30
0.0
 11
64.8985317130925
 21
103.2482857645368
 31
0.0
  0
LWPOLYLINE
  5
47B
330
3F8
100
AcDbEntity
  8
hidden
100
AcDbPolyline
 90
        8
 70
     0
 43
0.0
 10
65.09228801027689
 20
103.6004886248359
 10
65.06325732621691
 20
103.5085054569224
 10
65.03000020147971
 20
103.427916530389
 10
64.9955432634396
 20
103.3605489342239
 10
64.96235102968839
 20
103.3075215229227
 10
64.93196387179542
 20
103.2696915633095
 10
64.90737426673955
 20
103.2504282995931
 10
64.8985341485
 20
103.2482857645576
  0
LWPOLYLINE
  5
47C
330
3F8
100
AcDbEntity
  8
hidden
100
AcDbPolyline
 90
        4
 70
     0
 43
0.0
 10
65.09228801027689
 20
103.6004886248359
 10
65.16769479206059
 20
103.8570397072453
 10
65.25324122094457
 20
104.0985205483259
 10
65.3044697981287
 20
104.2244485913947
  0
LWPOLYLINE
  5
47D
330
3F8
100
AcDbEntity
  8
hidden
100
AcDbPolyline
 90
        4
 70
     0
 43
0.0
 10
67.6955302018713
 20
104.2244485913947
 10
67.78638946170531
 20
103.9920634893278
 10
67.86745852099253
 20
103.7435805334207
 10
67.90771198972311
 20
103.6004886248359
  0
LINE
  5
47E
330
3F8
100
AcDbEntity
  8
hidden
100
AcDbLine
 10
68.10275084437275
 20
103.2483427189453
 30
0.0
 11
68.12099999992594
 21
103.2499999999932
 31
0.0
  0
LINE
  5
47F
330
3F8
100
AcDbEntity
  8
hidden
100
AcDbLine
 10
64.879
 20
103.2499810830394
 30
0.0
 11
64.879
 21
92.0
 31
0.0
  0
LINE
  5
480
330
3F8
100
AcDbEntity
  8
hidden
100
AcDbLine
 10
68.121
 20
92.0
 30
0.0
 11
68.121
 21
103.2499810817131
 31
0.0
  0
LINE
  5
481
330
3F8
100
AcDbEntity
  8
hidden
100
AcDbLine
 10
64.87900000007404
 20
103.2499999999932
 30
0.0
 11
64.89724915562725
 21
103.2483427189453
 31
0.0
  0
LWPOLYLINE
  5
482
330
3F8
100
AcDbEntity
  8
hidden
100
AcDbPolyline
 90
        9
 70
     0
 43
0.0
 10
66.79037354275391
 20
104.5743656433418
 10
66.95528422071402
 20
104.5700054212315
 10
67.12712450283617
 20
104.5575066746812
 10
67.28893934588707
 20
104.531023568777
 10
67.39895952629107
 20
104.4985222989996
 10
67.49937622781313
 20
104.4506619546903
 10
67.5720359289728
 20
104.397569985412
 10
67.63434855390544
 20
104.3305502050536
 10
67.6955302018713
 20
104.2244485913947
  0
LWPOLYLINE
  5
483
330
3F8
100
AcDbEntity
  8
hidden
100
AcDbPolyline
 90
        9
 70
     0
 43
0.0
 10
65.3044697981287
 20
104.2244485913947
 10
65.34723460223735
 20
104.3043313434136
 10
65.40128708741761
 20
104.3721562383666
 10
65.4645836621671
 20
104.4268664086227
 10
65.5358754099723
 20
104.4701106800666
 10
65.66612521530276
 20
104.5196506246709
 10
65.80883156995525
 20
104.5490937917376
 10
66.03646836711603
 20
104.5695780425771
 10
66.23443279095177
 20
104.5747250546431
  0
LINE
  5
484
330
3F8
100
AcDbEntity
  8
hidden
100
AcDbLine
 10
65.3044697981287
 20
104.2244485913947
 30
0.0
 11
61.0
 21
104.2244485913947
 31
0.0
  0
LINE
  5
485
330
3F8
100
AcDbEntity
  8
hidden
100
AcDbLine
 10
72.0
 20
104.2244485913947
 30
0.0
 11
67.6955302018713
 21
104.2244485913947
 31
0.0
  0
LINE
  5
486
330
3F8
100
AcDbEntity
  8
hidden
100
AcDbLine
 10
72.0
 20
66.77555140860532
 30
0.0
 11
61.0
 21
66.77555140860532
 31
0.0
  0
LINE
  5
487
330
3F8
100
AcDbEntity
  8
hidden
100
AcDbLine
 10
74.5
 20
92.0
 30
0.0
 11
58.5
 21
92.0
 31
0.0
  0
LINE
  5
488
330
3F8
100
AcDbEntity
  8
hidden
100
AcDbLine
 10
72.0
 20
67.80824896501848
 30
0.0
 11
61.0
 21
67.80824896501848
 31
0.0
  0
LINE
  5
489
330
3F8
100
AcDbEntity
  8
hidden
100
AcDbLine
 10
72.0
 20
103.1917510349815
 30
0.0
 11
61.0
 21
103.1917510349815
 31
0.0
  0
LINE
  5
48A
330
3F8
100
AcDbEntity
  8
hidden
100
AcDbLine
 10
72.0
 20
102.706359239362
 30
0.0
 11
61.0
 21
102.706359239362
 31
0.0
  0
LINE
  5
48B
330
3F8
100
AcDbEntity
  8
hidden
100
AcDbLine
 10
72.0
 20
68.29364062990314
 30
0.0
 11
61.0
 21
68.29364062990314
 31
0.0
  0
LINE
  5
48C
330
3F8
100
AcDbEntity
  8
hidden
100
AcDbLine
 10
58.5
 20
90.08257569495584
 30
0.0
 11
74.5
 21
90.08257569495584
 31
0.0
  0
LWPOLYLINE
  5
48D
330
3F8
100
AcDbEntity
  8
hidden
100
AcDbPolyline
 90
       12
 70
     0
 43
0.0
 10
66.5
 20
81.73120141471863
 10
66.23600440077166
 20
81.74635885689932
 10
65.97966128962413
 20
81.79122489297023
 10
65.73868378084299
 20
81.86532495308259
 10
65.51833840868387
 20
81.96749857657943
 10
65.31803369527246
 20
82.10176723015319
 10
65.15018713172789
 20
82.26328685292135
 10
65.05688721697146
 20
82.38830747801572
 10
64.98183670717135
 20
82.52449944001444
 10
64.92667373988309
 20
82.66967012457332
 10
64.88387000039822
 20
82.89419854916245
 10
64.87900000048941
 20
82.99996550339782
  0
LINE
  5
48E
330
3F8
100
AcDbEntity
  8
hidden
100
AcDbLine
 10
58.5
 20
80.5
 30
0.0
 11
74.5
 21
80.5
 31
0.0
  0
LINE
  5
48F
330
3F8
100
AcDbEntity
  8
hidden
100
AcDbLine
 10
72.0
 20
102.7757078273795
 30
0.0
 11
61.0
 21
102.7757078273795
 31
0.0
  0
LINE
  5
490
330
3F8
100
AcDbEntity
  8
hidden
100
AcDbLine
 10
72.0
 20
102.5808059248294
 30
0.0
 11
61.0
 21
102.5808059248294
 31
0.0
  0
LINE
  5
491
330
3F8
100
AcDbEntity
  8
hidden
100
AcDbLine
 10
61.0
 20
102.5578082692883
 30
0.0
 11
72.0
 21
102.5578082692883
 31
0.0
  0
LINE
  5
492
330
3F8
100
AcDbEntity
  8
hidden
100
AcDbLine
 10
72.0
 20
68.22429217262052
 30
0.0
 11
61.0
 21
68.22429217262052
 31
0.0
  0
LINE
  5
493
330
3F8
100
AcDbEntity
  8
hidden
100
AcDbLine
 10
72.0
 20
68.4191941228691
 30
0.0
 11
61.0
 21
68.4191941228691
 31
0.0
  0
LINE
  5
494
330
3F8
100
AcDbEntity
  8
hidden
100
AcDbLine
 10
72.0
 20
68.44219173071174
 30
0.0
 11
61.0
 21
68.44219173071174
 31
0.0
  0
LINE
  5
495
330
3F8
100
AcDbEntity
  8
hidden
100
AcDbLine
 10
72.0
 20
103.3031015803052
 30
0.0
 11
61.0
 21
103.3031015803052
 31
0.0
  0
LINE
  5
496
330
3F8
100
AcDbEntity
  8
hidden
100
AcDbLine
 10
72.0
 20
67.69689841969482
 30
0.0
 11
61.0
 21
67.69689841969482
 31
0.0
  0
LINE
  5
497
330
3F8
100
AcDbEntity
  8
hidden
100
AcDbLine
 10
72.0
 20
100.9917910003085
 30
0.0
 11
61.0
 21
100.9917910003085
 31
0.0
  0
LINE
  5
498
330
3F8
100
AcDbEntity
  8
hidden
100
AcDbLine
 10
72.0
 20
70.0082090949444
 30
0.0
 11
61.0
 21
70.0082090949444
 31
0.0
  0
LINE
  5
499
330
3F8
100
AcDbEntity
  8
hidden
100
AcDbLine
 10
72.0
 20
100.7736160909442
 30
0.0
 11
61.0
 21
100.7736160909442
 31
0.0
  0
LINE
  5
49A
330
3F8
100
AcDbEntity
  8
hidden
100
AcDbLine
 10
72.0
 20
100.7492404343028
 30
0.0
 11
61.0
 21
100.7492404343028
 31
0.0
  0
LINE
  5
49B
330
3F8
100
AcDbEntity
  8
hidden
100
AcDbLine
 10
61.0
 20
100.6632988379605
 30
0.0
 11
72.0
 21
100.6632988379605
 31
0.0
  0
LINE
  5
49C
330
3F8
100
AcDbEntity
  8
hidden
100
AcDbLine
 10
72.0
 20
70.22638390905583
 30
0.0
 11
61.0
 21
70.22638390905583
 31
0.0
  0
LINE
  5
49D
330
3F8
100
AcDbEntity
  8
hidden
100
AcDbLine
 10
72.0
 20
70.25075965544727
 30
0.0
 11
61.0
 21
70.25075965544727
 31
0.0
  0
LINE
  5
49E
330
3F8
100
AcDbEntity
  8
hidden
100
AcDbLine
 10
72.0
 20
70.33670116203953
 30
0.0
 11
61.0
 21
70.33670116203953
 31
0.0
  0
LINE
  5
49F
330
3F8
100
AcDbEntity
  8
hidden
100
AcDbLine
 10
72.0
 20
69.83149738246568
 30
0.0
 11
61.0
 21
69.83149738246568
 31
0.0
  0
LINE
  5
4A0
330
3F8
100
AcDbEntity
  8
hidden
100
AcDbLine
 10
72.0
 20
101.1685026175343
 30
0.0
 11
61.0
 21
101.1685026175343
 31
0.0
  0
LINE
  5
4A1
330
3F8
100
AcDbEntity
  8
hidden
100
AcDbLine
 10
72.0
 20
97.73065265875506
 30
0.0
 11
61.0
 21
97.73065265875506
 31
0.0
  0
LINE
  5
4A2
330
3F8
100
AcDbEntity
  8
hidden
100
AcDbLine
 10
72.0
 20
97.87846440873976
 30
0.0
 11
61.0
 21
97.87846440873976
 31
0.0
  0
LINE
  5
4A3
330
3F8
100
AcDbEntity
  8
hidden
100
AcDbLine
 10
61.0
 20
97.69386515743449
 30
0.0
 11
72.0
 21
97.69386515743449
 31
0.0
  0
LINE
  5
4A4
330
3F8
100
AcDbEntity
  8
hidden
100
AcDbLine
 10
72.0
 20
73.26934734124494
 30
0.0
 11
61.0
 21
73.26934734124494
 31
0.0
  0
LINE
  5
4A5
330
3F8
100
AcDbEntity
  8
hidden
100
AcDbLine
 10
72.0
 20
73.12153572422156
 30
0.0
 11
61.0
 21
73.12153572422156
 31
0.0
  0
LINE
  5
4A6
330
3F8
100
AcDbEntity
  8
hidden
100
AcDbLine
 10
72.0
 20
73.30613484256554
 30
0.0
 11
61.0
 21
73.30613484256554
 31
0.0
  0
LINE
  5
4A7
330
3F8
100
AcDbEntity
  8
hidden
100
AcDbLine
 10
72.0
 20
73.03387890519664
 30
0.0
 11
61.0
 21
73.03387890519664
 31
0.0
  0
LINE
  5
4A8
330
3F8
100
AcDbEntity
  8
hidden
100
AcDbLine
 10
72.0
 20
97.96612109480336
 30
0.0
 11
61.0
 21
97.96612109480336
 31
0.0
  0
LINE
  5
4A9
330
3F8
100
AcDbEntity
  8
hidden
100
AcDbLine
 10
73.60000000000002
 20
70.5
 30
0.0
 11
74.44311111670676
 21
70.5
 31
0.0
  0
LINE
  5
4AA
330
3F8
100
AcDbEntity
  8
hidden
100
AcDbLine
 10
74.44311111670676
 20
100.5
 30
0.0
 11
73.60000000000002
 21
100.5
 31
0.0
  0
LINE
  5
4AB
330
3F8
100
AcDbEntity
  8
hidden
100
AcDbLine
 10
58.55688888329324
 20
70.5
 30
0.0
 11
59.39999999999998
 21
70.5
 31
0.0
  0
LINE
  5
4AC
330
3F8
100
AcDbEntity
  8
hidden
100
AcDbLine
 10
59.39999999999998
 20
100.5
 30
0.0
 11
58.55688888329324
 21
100.5
 31
0.0
  0
LINE
  5
4AD
330
3F8
100
AcDbEntity
  8
hidden
100
AcDbLine
 10
72.0
 20
93.85419045998097
 30
0.0
 11
61.0
 21
93.85419045998097
 31
0.0
  0
LINE
  5
4AE
330
3F8
100
AcDbEntity
  8
hidden
100
AcDbLine
 10
61.0
 20
93.85186922581693
 30
0.0
 11
72.0
 21
93.85186922581693
 31
0.0
  0
LINE
  5
4AF
330
3F8
100
AcDbEntity
  8
hidden
100
AcDbLine
 10
72.0
 20
77.14580954001903
 30
0.0
 11
61.0
 21
77.14580954001903
 31
0.0
  0
LINE
  5
4B0
330
3F8
100
AcDbEntity
  8
hidden
100
AcDbLine
 10
72.0
 20
77.14813077418307
 30
0.0
 11
61.0
 21
77.14813077418307
 31
0.0
  0
LINE
  5
4B1
330
3F8
100
AcDbEntity
  8
hidden
100
AcDbLine
 10
72.0
 20
93.91419402070072
 30
0.0
 11
61.0
 21
93.91419402070072
 31
0.0
  0
LINE
  5
4B2
330
3F8
100
AcDbEntity
  8
hidden
100
AcDbLine
 10
72.0
 20
77.0858059792993
 30
0.0
 11
61.0
 21
77.0858059792993
 31
0.0
  0
LINE
  5
4B3
330
3F8
100
AcDbEntity
  8
hidden
100
AcDbLine
 10
73.6
 20
66.5606439961399
 30
0.0
 11
74.44311111670676
 21
63.41411047216411
 31
0.0
  0
LINE
  5
4B4
330
3F8
100
AcDbEntity
  8
hidden
100
AcDbLine
 10
74.44311111670676
 20
107.5858895278359
 30
0.0
 11
73.6
 21
104.4393560038601
 31
0.0
  0
LINE
  5
4B5
330
3F8
100
AcDbEntity
  8
hidden
100
AcDbLine
 10
73.6
 20
104.4393560038601
 30
0.0
 11
73.6
 21
66.5606439961399
 31
0.0
  0
LINE
  5
4B6
330
3F8
100
AcDbEntity
  8
hidden
100
AcDbLine
 10
59.4
 20
104.4393560038601
 30
0.0
 11
58.55688888329324
 21
107.5858895278359
 31
0.0
  0
LINE
  5
4B7
330
3F8
100
AcDbEntity
  8
hidden
100
AcDbLine
 10
58.55688888329324
 20
63.41411047216411
 30
0.0
 11
59.4
 21
66.5606439961399
 31
0.0
  0
LINE
  5
4B8
330
3F8
100
AcDbEntity
  8
hidden
100
AcDbLine
 10
59.4
 20
104.4393560038601
 30
0.0
 11
59.4
 21
66.5606439961399
 31
0.0
  0
LINE
  5
4B9
330
3F8
100
AcDbEntity
  8
AM_5
  6
Dashed
100
AcDbLine
 10
68.5
 20
92.0
 30
0.0
 11
64.5
 21
92.0
 31
0.0
  0
LINE
  5
4BA
330
3F8
100
AcDbEntity
  8
center
100
AcDbLine
 10
57.7
 20
85.5
 30
0.0
 11
75.3
 21
85.5
 31
0.0
  0
LINE
  5
4BB
330
3F8
100
AcDbEntity
  8
center
100
AcDbLine
 10
66.5
 20
105.6075
 30
0.0
 11
66.5
 21
84.5425
 31
0.0
  0
LINE
  5
4BC
330
3F8
100
AcDbEntity
  8
vis
100
AcDbLine
 10
72.0
 20
104.5766514517328
 30
0.0
 11
61.0
 21
104.5766514517328
 31
0.0
  0
LINE
  5
4BD
330
3F8
100
AcDbEntity
  8
vis
100
AcDbLine
 10
61.0
 20
66.42334854826716
 30
0.0
 11
72.0
 21
66.42334854826716
 31
0.0
  0
LINE
  5
4BE
330
3F8
100
AcDbEntity
  8
AM_4
100
AcDbLine
 10
72.0
 20
66.42576185001705
 30
0.0
 11
61.0
 21
66.42576185001705
 31
0.0
  0
LINE
  5
4BF
330
3F8
100
AcDbEntity
  8
AM_4
100
AcDbLine
 10
72.00000000000011
 20
104.5742381562641
 30
0.0
 11
61.0
 21
104.5742381562641
 31
0.0
  0
LINE
  5
4C0
330
3F8
100
AcDbEntity
  8
AM_4
100
AcDbLine
 10
72.0
 20
104.3647434863041
 30
0.0
 11
61.0
 21
104.3647434863041
 31
0.0
  0
LINE
  5
4C1
330
3F8
100
AcDbEntity
  8
AM_4
100
AcDbLine
 10
72.00000000000011
 20
66.63525649150498
 30
0.0
 11
61.0
 21
66.63525649150498
 31
0.0
  0
LINE
  5
4C2
330
3F8
100
AcDbEntity
  8
AM_4
100
AcDbLine
 10
72.0
 20
103.869755374595
 30
0.0
 11
61.0
 21
103.869755374595
 31
0.0
  0
LINE
  5
4C3
330
3F8
100
AcDbEntity
  8
AM_4
100
AcDbLine
 10
72.0
 20
67.13024462540501
 30
0.0
 11
61.0
 21
67.13024462540501
 31
0.0
  0
LINE
  5
4C4
330
3F8
100
AcDbEntity
  8
vis
100
AcDbLine
 10
72.0
 20
103.5210011383964
 30
0.0
 11
61.0
 21
103.5210011383964
 31
0.0
  0
LINE
  5
4C5
330
3F8
100
AcDbEntity
  8
vis
100
AcDbLine
 10
61.0
 20
67.47899886160361
 30
0.0
 11
72.0
 21
67.47899886160361
 31
0.0
  0
LINE
  5
4C6
330
3F8
100
AcDbEntity
  8
AM_4
100
AcDbLine
 10
72.0
 20
67.51614499459058
 30
0.0
 11
61.0
 21
67.51614499459058
 31
0.0
  0
LINE
  5
4C7
330
3F8
100
AcDbEntity
  8
AM_4
100
AcDbLine
 10
72.00000000000011
 20
103.4838550378954
 30
0.0
 11
61.0
 21
103.4838550378954
 31
0.0
  0
LINE
  5
4C8
330
3F8
100
AcDbEntity
  8
AM_4
100
AcDbLine
 10
72.0
 20
102.2631936864727
 30
0.0
 11
61.0
 21
102.2631936864727
 31
0.0
  0
LINE
  5
4C9
330
3F8
100
AcDbEntity
  8
AM_4
100
AcDbLine
 10
72.0
 20
102.8696477294962
 30
0.0
 11
61.0
 21
102.8696477294962
 31
0.0
  0
LINE
  5
4CA
330
3F8
100
AcDbEntity
  8
AM_4
100
AcDbLine
 10
72.00000000000011
 20
68.13035221616647
 30
0.0
 11
61.0
 21
68.13035221616647
 31
0.0
  0
LINE
  5
4CB
330
3F8
100
AcDbEntity
  8
AM_4
100
AcDbLine
 10
72.0
 20
68.73680631352724
 30
0.0
 11
61.0
 21
68.73680631352724
 31
0.0
  0
LINE
  5
4CC
330
3F8
100
AcDbEntity
  8
AM_4
100
AcDbLine
 10
72.0
 20
101.5773498490941
 30
0.0
 11
61.0
 21
101.5773498490941
 31
0.0
  0
LINE
  5
4CD
330
3F8
100
AcDbEntity
  8
AM_4
100
AcDbLine
 10
72.0
 20
69.4226501509059
 30
0.0
 11
61.0
 21
69.4226501509059
 31
0.0
  0
LINE
  5
4CE
330
3F8
100
AcDbEntity
  8
vis
100
AcDbLine
 10
61.0
 20
69.72118012948198
 30
0.0
 11
72.0
 21
69.72118012948198
 31
0.0
  0
LINE
  5
4CF
330
3F8
100
AcDbEntity
  8
vis
100
AcDbLine
 10
72.0
 20
101.278819870518
 30
0.0
 11
61.0
 21
101.278819870518
 31
0.0
  0
LINE
  5
4D0
330
3F8
100
AcDbEntity
  8
AM_4
100
AcDbLine
 10
72.00000000000011
 20
101.1679018075858
 30
0.0
 11
61.0
 21
101.1679018075858
 31
0.0
  0
LINE
  5
4D1
330
3F8
100
AcDbEntity
  8
AM_4
100
AcDbLine
 10
72.0
 20
69.83209813805715
 30
0.0
 11
61.0
 21
69.83209813805715
 31
0.0
  0
LINE
  5
4D2
330
3F8
100
AcDbEntity
  8
AM_4
100
AcDbLine
 10
72.0
 20
98.8673038400678
 30
0.0
 11
61.0
 21
98.8673038400678
 31
0.0
  0
LINE
  5
4D3
330
3F8
100
AcDbEntity
  8
AM_4
100
AcDbLine
 10
72.0
 20
72.13269615993221
 30
0.0
 11
61.0
 21
72.13269615993221
 31
0.0
  0
LINE
  5
4D4
330
3F8
100
AcDbEntity
  8
AM_4
100
AcDbLine
 10
72.00000000000011
 20
70.80916073259604
 30
0.0
 11
61.0
 21
70.80916073259604
 31
0.0
  0
LINE
  5
4D5
330
3F8
100
AcDbEntity
  8
AM_4
100
AcDbLine
 10
72.0
 20
71.48575194889521
 30
0.0
 11
61.0
 21
71.48575194889521
 31
0.0
  0
LINE
  5
4D6
330
3F8
100
AcDbEntity
  8
AM_4
100
AcDbLine
 10
72.0
 20
99.51424805110479
 30
0.0
 11
61.0
 21
99.51424805110479
 31
0.0
  0
LINE
  5
4D7
330
3F8
100
AcDbEntity
  8
AM_4
100
AcDbLine
 10
72.0
 20
100.1908394495215
 30
0.0
 11
61.0
 21
100.1908394495215
 31
0.0
  0
LINE
  5
4D8
330
3F8
100
AcDbEntity
  8
AM_4
100
AcDbLine
 10
72.0
 20
98.22148244466221
 30
0.0
 11
61.0
 21
98.22148244466221
 31
0.0
  0
LINE
  5
4D9
330
3F8
100
AcDbEntity
  8
AM_4
100
AcDbLine
 10
72.0
 20
72.7785174259616
 30
0.0
 11
61.0
 21
72.7785174259616
 31
0.0
  0
LINE
  5
4DA
330
3F8
100
AcDbEntity
  8
vis
100
AcDbLine
 10
61.0
 20
72.99709140387606
 30
0.0
 11
72.0
 21
72.99709140387606
 31
0.0
  0
LINE
  5
4DB
330
3F8
100
AcDbEntity
  8
vis
100
AcDbLine
 10
72.0
 20
98.00290859612396
 30
0.0
 11
61.0
 21
98.00290859612396
 31
0.0
  0
LINE
  5
4DC
330
3F8
100
AcDbEntity
  8
vis
100
AcDbLine
 10
74.44311111670676
 20
70.5
 30
0.0
 11
74.5
 21
70.5
 31
0.0
  0
LINE
  5
4DD
330
3F8
100
AcDbEntity
  8
vis
100
AcDbLine
 10
74.5
 20
100.5
 30
0.0
 11
74.44311111670676
 21
100.5
 31
0.0
  0
LINE
  5
4DE
330
3F8
100
AcDbEntity
  8
vis
100
AcDbLine
 10
74.5
 20
100.5
 30
0.0
 11
74.5
 21
70.5
 31
0.0
  0
LINE
  5
4DF
330
3F8
100
AcDbEntity
  8
vis
100
AcDbLine
 10
58.5
 20
70.5
 30
0.0
 11
58.55688888329324
 21
70.5
 31
0.0
  0
LINE
  5
4E0
330
3F8
100
AcDbEntity
  8
vis
100
AcDbLine
 10
58.55688888329324
 20
100.5
 30
0.0
 11
58.5
 21
100.5
 31
0.0
  0
LINE
  5
4E1
330
3F8
100
AcDbEntity
  8
vis
100
AcDbLine
 10
58.5
 20
100.5
 30
0.0
 11
58.5
 21
70.5
 31
0.0
  0
LINE
  5
4E2
330
3F8
100
AcDbEntity
  8
AM_4
100
AcDbLine
 10
72.0
 20
76.41577377115553
 30
0.0
 11
61.0
 21
76.41577377115553
 31
0.0
  0
LINE
  5
4E3
330
3F8
100
AcDbEntity
  8
AM_4
100
AcDbLine
 10
72.0
 20
94.58422606946374
 30
0.0
 11
61.0
 21
94.58422606946374
 31
0.0
  0
LINE
  5
4E4
330
3F8
100
AcDbEntity
  8
AM_4
100
AcDbLine
 10
72.00000000000011
 20
97.78420701252298
 30
0.0
 11
61.0
 21
97.78420701252298
 31
0.0
  0
LINE
  5
4E5
330
3F8
100
AcDbEntity
  8
AM_4
100
AcDbLine
 10
72.0
 20
73.21579290098309
 30
0.0
 11
61.0
 21
73.21579290098309
 31
0.0
  0
LINE
  5
4E6
330
3F8
100
AcDbEntity
  8
AM_4
100
AcDbLine
 10
72.0
 20
95.24629816485493
 30
0.0
 11
61.0
 21
95.24629816485493
 31
0.0
  0
LINE
  5
4E7
330
3F8
100
AcDbEntity
  8
AM_4
100
AcDbLine
 10
72.0
 20
75.75370183514508
 30
0.0
 11
61.0
 21
75.75370183514508
 31
0.0
  0
LINE
  5
4E8
330
3F8
100
AcDbEntity
  8
AM_4
100
AcDbLine
 10
72.00000000000011
 20
74.48912568067561
 30
0.0
 11
61.0
 21
74.48912568067561
 31
0.0
  0
LINE
  5
4E9
330
3F8
100
AcDbEntity
  8
AM_4
100
AcDbLine
 10
72.0
 20
75.18974542930604
 30
0.0
 11
61.0
 21
75.18974542930604
 31
0.0
  0
LINE
  5
4EA
330
3F8
100
AcDbEntity
  8
AM_4
100
AcDbLine
 10
72.0
 20
95.81025457069396
 30
0.0
 11
61.0
 21
95.81025457069396
 31
0.0
  0
LINE
  5
4EB
330
3F8
100
AcDbEntity
  8
AM_4
100
AcDbLine
 10
72.0
 20
96.51087456494255
 30
0.0
 11
61.0
 21
96.51087456494255
 31
0.0
  0
LINE
  5
4EC
330
3F8
100
AcDbEntity
  8
AM_4
100
AcDbLine
 10
72.0
 20
94.16411619582242
 30
0.0
 11
61.0
 21
94.16411619582242
 31
0.0
  0
LINE
  5
4ED
330
3F8
100
AcDbEntity
  8
AM_4
100
AcDbLine
 10
72.0
 20
76.835883671815
 30
0.0
 11
61.0
 21
76.835883671815
 31
0.0
  0
LINE
  5
4EE
330
3F8
100
AcDbEntity
  8
AM_4
100
AcDbLine
 10
72.0
 20
90.3278947000247
 30
0.0
 11
61.0
 21
90.3278947000247
 31
0.0
  0
LINE
  5
4EF
330
3F8
100
AcDbEntity
  8
AM_4
100
AcDbLine
 10
72.0
 20
80.67210512145158
 30
0.0
 11
61.0
 21
80.67210512145158
 31
0.0
  0
LINE
  5
4F0
330
3F8
100
AcDbEntity
  8
vis
100
AcDbLine
 10
72.0
 20
93.91651525486475
 30
0.0
 11
61.0
 21
93.91651525486475
 31
0.0
  0
LINE
  5
4F1
330
3F8
100
AcDbEntity
  8
vis
100
AcDbLine
 10
61.0
 20
77.08348474513525
 30
0.0
 11
72.0
 21
77.08348474513525
 31
0.0
  0
LINE
  5
4F2
330
3F8
100
AcDbEntity
  8
AM_4
100
AcDbLine
 10
72.0
 20
89.85932335079094
 30
0.0
 11
61.0
 21
89.85932335079094
 31
0.0
  0
LINE
  5
4F3
330
3F8
100
AcDbEntity
  8
AM_4
100
AcDbLine
 10
72.0
 20
81.14067682904503
 30
0.0
 11
61.0
 21
81.14067682904503
 31
0.0
  0
LINE
  5
4F4
330
3F8
100
AcDbEntity
  8
AM_4
100
AcDbLine
 10
72.0
 20
90.96109837622647
 30
0.0
 11
61.0
 21
90.96109837622647
 31
0.0
  0
LINE
  5
4F5
330
3F8
100
AcDbEntity
  8
AM_4
100
AcDbLine
 10
72.0
 20
80.03890162377354
 30
0.0
 11
61.0
 21
80.03890162377354
 31
0.0
  0
LINE
  5
4F6
330
3F8
100
AcDbEntity
  8
AM_4
100
AcDbLine
 10
72.00000000000011
 20
93.56336382063935
 30
0.0
 11
61.0
 21
93.56336382063935
 31
0.0
  0
LINE
  5
4F7
330
3F8
100
AcDbEntity
  8
AM_4
100
AcDbLine
 10
72.0
 20
77.43663645165628
 30
0.0
 11
61.0
 21
77.43663645165628
 31
0.0
  0
LINE
  5
4F8
330
3F8
100
AcDbEntity
  8
AM_4
100
AcDbLine
 10
72.00000000000011
 20
78.91946350683091
 30
0.0
 11
61.0
 21
78.91946350683091
 31
0.0
  0
LINE
  5
4F9
330
3F8
100
AcDbEntity
  8
AM_4
100
AcDbLine
 10
72.0
 20
79.59636572020838
 30
0.0
 11
61.0
 21
79.59636572020838
 31
0.0
  0
LINE
  5
4FA
330
3F8
100
AcDbEntity
  8
AM_4
100
AcDbLine
 10
72.0
 20
91.40363427979162
 30
0.0
 11
61.0
 21
91.40363427979162
 31
0.0
  0
LINE
  5
4FB
330
3F8
100
AcDbEntity
  8
AM_4
100
AcDbLine
 10
72.0
 20
92.08053677509335
 30
0.0
 11
61.0
 21
92.08053677509335
 31
0.0
  0
LINE
  5
4FC
330
3F8
100
AcDbEntity
  8
AM_4
100
AcDbLine
 10
72.0
 20
85.25744952924717
 30
0.0
 11
61.0
 21
85.25744952924717
 31
0.0
  0
LINE
  5
4FD
330
3F8
100
AcDbEntity
  8
AM_4
100
AcDbLine
 10
72.0
 20
85.74255028525221
 30
0.0
 11
61.0
 21
85.74255028525221
 31
0.0
  0
LINE
  5
4FE
330
3F8
100
AcDbEntity
  8
AM_4
100
AcDbLine
 10
72.0
 20
81.59159601268833
 30
0.0
 11
61.0
 21
81.59159601268833
 31
0.0
  0
LINE
  5
4FF
330
3F8
100
AcDbEntity
  8
AM_4
100
AcDbLine
 10
72.0
 20
89.40840398731167
 30
0.0
 11
61.0
 21
89.40840398731167
 31
0.0
  0
LINE
  5
500
330
3F8
100
AcDbEntity
  8
AM_4
100
AcDbLine
 10
72.0
 20
86.30373375814995
 30
0.0
 11
61.0
 21
86.30373375814995
 31
0.0
  0
LINE
  5
501
330
3F8
100
AcDbEntity
  8
AM_4
100
AcDbLine
 10
72.0
 20
84.69626624185007
 30
0.0
 11
61.0
 21
84.69626624185007
 31
0.0
  0
LINE
  5
502
330
3F8
100
AcDbEntity
  8
AM_4
100
AcDbLine
 10
72.0
 20
89.2888535292004
 30
0.0
 11
61.0
 21
89.2888535292004
 31
0.0
  0
LINE
  5
503
330
3F8
100
AcDbEntity
  8
AM_4
100
AcDbLine
 10
72.0
 20
81.7111464707996
 30
0.0
 11
61.0
 21
81.7111464707996
 31
0.0
  0
LINE
  5
504
330
3F8
100
AcDbEntity
  8
AM_4
100
AcDbLine
 10
72.00000000000011
 20
88.7930157097179
 30
0.0
 11
61.0
 21
88.7930157097179
 31
0.0
  0
LINE
  5
505
330
3F8
100
AcDbEntity
  8
AM_4
100
AcDbLine
 10
72.0
 20
82.20698458601562
 30
0.0
 11
61.0
 21
82.20698458601562
 31
0.0
  0
LINE
  5
506
330
3F8
100
AcDbEntity
  8
AM_4
100
AcDbLine
 10
72.00000000000011
 20
83.79825402014495
 30
0.0
 11
61.0
 21
83.79825402014495
 31
0.0
  0
LINE
  5
507
330
3F8
100
AcDbEntity
  8
AM_4
100
AcDbLine
 10
72.0
 20
84.40530893106157
 30
0.0
 11
61.0
 21
84.40530893106157
 31
0.0
  0
LINE
  5
508
330
3F8
100
AcDbEntity
  8
AM_4
100
AcDbLine
 10
72.0
 20
86.59469106893843
 30
0.0
 11
61.0
 21
86.59469106893843
 31
0.0
  0
LINE
  5
509
330
3F8
100
AcDbEntity
  8
AM_4
100
AcDbLine
 10
72.0
 20
87.20174627887272
 30
0.0
 11
61.0
 21
87.20174627887272
 31
0.0
  0
LINE
  5
50A
330
3F8
100
AcDbEntity
  8
vis
100
AcDbLine
 10
72.00000000000011
 20
104.65
 30
0.0
 11
72.00000000000011
 21
66.35
 31
0.0
  0
LINE
  5
50B
330
3F8
100
AcDbEntity
  8
vis
100
AcDbLine
 10
72.00000000000011
 20
66.35
 30
0.0
 11
72.89762979464429
 21
62.99999999999999
 31
0.0
  0
LINE
  5
50C
330
3F8
100
AcDbEntity
  8
vis
100
AcDbLine
 10
72.89762979464429
 20
108.0
 30
0.0
 11
72.00000000000011
 21
104.65
 31
0.0
  0
LINE
  5
50D
330
3F8
100
AcDbEntity
  8
vis
100
AcDbLine
 10
74.44311111670676
 20
107.5858895278359
 30
0.0
 11
72.89762979464429
 21
108.0
 31
0.0
  0
LINE
  5
50E
330
3F8
100
AcDbEntity
  8
vis
100
AcDbLine
 10
72.89762979464429
 20
62.99999999999999
 30
0.0
 11
74.44311111670676
 21
63.41411047216411
 31
0.0
  0
LINE
  5
50F
330
3F8
100
AcDbEntity
  8
vis
100
AcDbLine
 10
74.44311111670676
 20
107.5858895278359
 30
0.0
 11
74.44311111670676
 21
63.41411047216411
 31
0.0
  0
LINE
  5
510
330
3F8
100
AcDbEntity
  8
vis
100
AcDbLine
 10
72.89762979464429
 20
108.0
 30
0.0
 11
72.89762979464429
 21
62.99999999999999
 31
0.0
  0
LINE
  5
511
330
3F8
100
AcDbEntity
  8
vis
100
AcDbLine
 10
58.55688888329324
 20
63.41411047216411
 30
0.0
 11
60.10237020535573
 21
62.99999999999999
 31
0.0
  0
LINE
  5
512
330
3F8
100
AcDbEntity
  8
vis
100
AcDbLine
 10
60.10237020535573
 20
108.0
 30
0.0
 11
58.55688888329324
 21
107.5858895278359
 31
0.0
  0
LINE
  5
513
330
3F8
100
AcDbEntity
  8
vis
100
AcDbLine
 10
58.55688888329324
 20
107.5858895278359
 30
0.0
 11
58.55688888329324
 21
63.41411047216411
 31
0.0
  0
LINE
  5
514
330
3F8
100
AcDbEntity
  8
vis
100
AcDbLine
 10
60.99999999999987
 20
104.65
 30
0.0
 11
60.99999999999987
 21
66.35
 31
0.0
  0
LINE
  5
515
330
3F8
100
AcDbEntity
  8
vis
100
AcDbLine
 10
60.99999999999987
 20
104.65
 30
0.0
 11
60.10237020535573
 21
108.0
 31
0.0
  0
LINE
  5
516
330
3F8
100
AcDbEntity
  8
vis
100
AcDbLine
 10
60.10237020535573
 20
62.99999999999999
 30
0.0
 11
60.99999999999987
 21
66.35
 31
0.0
  0
LINE
  5
517
330
3F8
100
AcDbEntity
  8
vis
100
AcDbLine
 10
60.10237020535573
 20
108.0
 30
0.0
 11
60.10237020535573
 21
62.99999999999999
 31
0.0
  0
ENDBLK
  5
3FB
330
3F8
100
AcDbEntity
  8
0
100
AcDbBlockEnd
  0
BLOCK
  5
51A
330
518
100
AcDbEntity
  8
0
100
AcDbBlockBegin
  2
10_SET_SCREW4_3_1_0_in_MTP24XL037_A_C10_900
 70
     2
 10
0.0
 20
0.0
 30
0.0
  3
10_SET_SCREW4_3_1_0_in_MTP24XL037_A_C10_900
  1

  0
ATTDEF
  5
51C
330
518
100
AcDbEntity
  8
attrib
100
AcDbText
 10
123.2134532302755
 20
84.73205080756888
 30
0.0
 40
0.5
  1
SET-SCREW4-3
100
AcDbAttributeDefinition
  3

  2
NB
 70
     8
280
     0
  0
ATTDEF
  5
51D
330
518
100
AcDbEntity
  8
attrib
100
AcDbText
 10
123.2134532302755
 20
84.23205080756888
 30
0.0
 40
0.5
  1
SET-SCREW
100
AcDbAttributeDefinition
  3

  2
NN
 70
     8
280
     0
  0
ATTDEF
  5
51E
330
518
100
AcDbEntity
  8
attrib
100
AcDbText
 10
123.2134532302755
 20
83.73205080756888
 30
0.0
 40
0.5
  1
Set Screw - Flat End
100
AcDbAttributeDefinition
  3

  2
NT
 70
     8
280
     0
  0
ATTDEF
  5
51F
330
518
100
AcDbEntity
  8
attrib
100
AcDbText
 10
123.2134532302755
 20
83.23205080756888
 30
0.0
 40
0.5
  1
$PN.
100
AcDbAttributeDefinition
  3

  2
NBSYN
 70
     8
280
     0
  0
ATTDEF
  5
520
330
518
100
AcDbEntity
  8
attrib
100
AcDbText
 10
123.2134532302755
 20
82.73205080756888
 30
0.0
 40
0.5
  1
SET-SCREW4-3
100
AcDbAttributeDefinition
  3

  2
LINA
 70
     8
280
     0
  0
ATTDEF
  5
521
330
518
100
AcDbEntity
  8
attrib
100
AcDbText
 10
123.2134532302755
 20
82.23205080756888
 30
0.0
 40
0.5
  1
Misumi
100
AcDbAttributeDefinition
  3

  2
CATALOG
 70
     8
280
     0
  0
ATTDEF
  5
522
330
518
100
AcDbEntity
  8
attrib
100
AcDbText
 10
123.2134532302755
 20
81.73205080756888
 30
0.0
 40
0.5
  1
SET-SCREW4-3
100
AcDbAttributeDefinition
  3

  2
PN
 70
     8
280
     0
  0
ATTDEF
  5
523
330
518
100
AcDbEntity
  8
attrib
100
AcDbText
 10
123.2134532302755
 20
81.23205080756888
 30
0.0
 40
0.5
  1
4.0
100
AcDbAttributeDefinition
  3

  2
M
 70
     8
280
     0
  0
ATTDEF
  5
524
330
518
100
AcDbEntity
  8
attrib
100
AcDbText
 10
123.2134532302755
 20
80.73205080756888
 30
0.0
 40
0.5
  1
0.70
100
AcDbAttributeDefinition
  3

  2
P
 70
     8
280
     0
  0
ATTDEF
  5
525
330
518
100
AcDbEntity
  8
attrib
100
AcDbText
 10
123.2134532302755
 20
80.23205080756888
 30
0.0
 40
0.5
  1
3
100
AcDbAttributeDefinition
  3

  2
L
 70
     8
280
     0
  0
ATTDEF
  5
526
330
518
100
AcDbEntity
  8
attrib
100
AcDbText
 10
123.2134532302755
 20
79.73205080756888
 30
0.0
 40
0.5
  1
2.0
100
AcDbAttributeDefinition
  3

  2
B
 70
     8
280
     0
  0
ATTDEF
  5
527
330
518
100
AcDbEntity
  8
attrib
100
AcDbText
 10
123.2134532302755
 20
79.23205080756888
 30
0.0
 40
0.5
  1
1.5
100
AcDbAttributeDefinition
  3

  2
C
 70
     8
280
     0
  0
ATTDEF
  5
528
330
518
100
AcDbEntity
  8
attrib
100
AcDbText
 10
123.2134532302755
 20
78.73205080756888
 30
0.0
 40
0.5
  1
2.5
100
AcDbAttributeDefinition
  3

  2
DD
 70
     8
280
     0
  0
ATTDEF
  5
529
330
518
100
AcDbEntity
  8
attrib
100
AcDbText
 10
123.2134532302755
 20
78.23205080756888
 30
0.0
 40
0.5
  1
misumi
100
AcDbAttributeDefinition
  3

  2
COMPANY
 70
     8
280
     0
  0
ATTDEF
  5
52A
330
518
100
AcDbEntity
  8
attrib
100
AcDbText
 10
123.2134532302755
 20
77.73205080756888
 30
0.0
 40
0.5
  1
1
100
AcDbAttributeDefinition
  3

  2
ExcludeFromBOM
 70
     8
280
     0
  0
ATTDEF
  5
52B
330
518
100
AcDbEntity
  8
attrib
100
AcDbText
 10
123.2134532302755
 20
77.23205080756888
 30
0.0
 40
0.5
  1
{$CADENAS_DATA/23d-libs/misumi/metric/accessories/set_screw.prj},169 {VTYP=3D},{NB=SET-SCREW4-3},{LINA=SET-SCREW4-3},{NN=SET-SCREW},{DATE=29.11.2024 04:47:07},{GEOMDATE=11.12.2013 00:00:00},{VERSION=},{LINEID=90},{WBVAR=L},{WBNUMERIC=L}  {NB=SET-SCR
100
AcDbAttributeDefinition
  3

  2
PSOL_0
 70
     9
280
     0
  0
ATTDEF
  5
52C
330
518
100
AcDbEntity
  8
attrib
100
AcDbText
 10
123.2134532302755
 20
76.73205080756888
 30
0.0
 40
0.5
  1
,{LINA=SET-SCREW4-3},{KT=DUMMY},{PN=SET-SCREW4-3},{TYPE=SET-SCREW},{M=4.0},{P=0.70},{L=3},{LMIN=2.1},{LALG=[2.1:42/0.1]},{B=2.0},{C=1.5},{DD=2.5}
100
AcDbAttributeDefinition
  3

  2
PSOL_1
 70
     9
280
     0
  0
LINE
  5
52D
330
518
100
AcDbEntity
  8
hidden
100
AcDbLine
 10
116.6291651245989
 20
83.11602540378443
 30
0.0
 11
117.9282032302755
 21
82.36602540378443
 31
0.0
  0
LINE
  5
52E
330
518
100
AcDbEntity
  8
hidden
100
AcDbLine
 10
115.6291651245989
 20
81.38397459621557
 30
0.0
 11
116.9282032302755
 21
80.63397459621557
 31
0.0
  0
LINE
  5
52F
330
518
100
AcDbEntity
  8
hidden
100
AcDbLine
 10
116.6291651245989
 20
83.11602540378443
 30
0.0
 11
115.6291651245989
 21
81.38397459621557
 31
0.0
  0
LINE
  5
530
330
518
100
AcDbEntity
  8
hidden
100
AcDbLine
 10
115.6291651245989
 20
82.53867513459481
 30
0.0
 11
115.6291651245989
 21
81.38397459621557
 31
0.0
  0
LINE
  5
531
330
518
100
AcDbEntity
  8
hidden
100
AcDbLine
 10
116.6291651245989
 20
83.11602540378443
 30
0.0
 11
115.6291651245989
 21
82.53867513459481
 31
0.0
  0
LINE
  5
532
330
518
100
AcDbEntity
  8
hidden
100
AcDbLine
 10
116.1291651245989
 20
82.25
 30
0.0
 11
117.4282032302755
 21
81.5
 31
0.0
  0
LINE
  5
533
330
518
100
AcDbEntity
  8
hidden
100
AcDbLine
 10
114.2051270189222
 20
81.91746824526945
 30
0.0
 11
115.4551270189222
 21
84.08253175473055
 31
0.0
  0
LINE
  5
534
330
518
100
AcDbEntity
  8
hidden
100
AcDbLine
 10
114.2051270189222
 20
81.91746824526945
 30
0.0
 11
114.4796460717605
 21
80.89294919243112
 31
0.0
  0
LINE
  5
535
330
518
100
AcDbEntity
  8
hidden
100
AcDbLine
 10
116.4796460717605
 20
84.35705080756888
 30
0.0
 11
115.4551270189222
 21
84.08253175473055
 31
0.0
  0
LINE
  5
536
330
518
100
AcDbEntity
  8
hidden
100
AcDbLine
 10
116.6429532302755
 20
80.13990710335653
 30
0.0
 11
118.2134532302755
 21
82.86009289664347
 31
0.0
  0
LINE
  5
537
330
518
100
AcDbEntity
  8
hidden
100
AcDbLine
 10
118.2134532302755
 20
82.86009289664347
 30
0.0
 11
118.0562453193501
 21
83.44680080756888
 31
0.0
  0
LINE
  5
538
330
518
100
AcDbEntity
  8
hidden
100
AcDbLine
 10
116.0562453193501
 20
79.98269919243113
 30
0.0
 11
116.6429532302755
 21
80.13990710335653
 31
0.0
  0
LINE
  5
539
330
518
100
AcDbEntity
  8
hidden
100
AcDbLine
 10
114.4796460717605
 20
80.89294919243112
 30
0.0
 11
116.4796460717605
 21
84.35705080756888
 31
0.0
  0
LINE
  5
53A
330
518
100
AcDbEntity
  8
hidden
100
AcDbLine
 10
116.0562453193501
 20
79.98269919243113
 30
0.0
 11
118.0562453193501
 21
83.44680080756888
 31
0.0
  0
LINE
  5
53B
330
518
100
AcDbEntity
  8
hidden
100
AcDbLine
 10
118.0562453193501
 20
83.44680080756888
 30
0.0
 11
116.4796460717605
 21
84.35705080756888
 31
0.0
  0
LINE
  5
53C
330
518
100
AcDbEntity
  8
hidden
100
AcDbLine
 10
114.4796460717605
 20
80.89294919243112
 30
0.0
 11
116.0562453193501
 21
79.98269919243113
 31
0.0
  0
LINE
  5
53D
330
518
100
AcDbEntity
  8
AM_5
  6
Dashed
100
AcDbLine
 10
118.2134532302755
 20
82.86009289664347
 30
0.0
 11
115.8929381608351
 21
84.19984289664346
 31
0.0
  0
LINE
  5
53E
330
518
100
AcDbEntity
  8
AM_5
  6
Dashed
100
AcDbLine
 10
116.6429532302755
 20
80.13990710335653
 30
0.0
 11
114.3224381608351
 21
81.47965710335654
 31
0.0
  0
LINE
  5
53F
330
518
100
AcDbEntity
  8
AM_5
  6
Dashed
100
AcDbLine
 10
113.8301270189222
 20
81.26794919243112
 30
0.0
 11
115.8301270189222
 21
84.73205080756888
 31
0.0
  0
ENDBLK
  5
51B
330
518
100
AcDbEntity
  8
0
100
AcDbBlockEnd
  0
BLOCK
  5
542
330
540
100
AcDbEntity
  8
0
100
AcDbBlockBegin
  2
11_SET_SCREW4_3_2_0_in_MTP24XL037_A_C10_900
 70
     2
 10
0.0
 20
0.0
 30
0.0
  3
11_SET_SCREW4_3_2_0_in_MTP24XL037_A_C10_900
  1

  0
ATTDEF
  5
544
330
540
100
AcDbEntity
  8
attrib
100
AcDbText
 10
117.5
 20
95.0
 30
0.0
 40
0.5
  1
SET-SCREW4-3
100
AcDbAttributeDefinition
  3

  2
NB
 70
     8
280
     0
  0
ATTDEF
  5
545
330
540
100
AcDbEntity
  8
attrib
100
AcDbText
 10
117.5
 20
94.5
 30
0.0
 40
0.5
  1
SET-SCREW
100
AcDbAttributeDefinition
  3

  2
NN
 70
     8
280
     0
  0
ATTDEF
  5
546
330
540
100
AcDbEntity
  8
attrib
100
AcDbText
 10
117.5
 20
94.0
 30
0.0
 40
0.5
  1
Set Screw - Flat End
100
AcDbAttributeDefinition
  3

  2
NT
 70
     8
280
     0
  0
ATTDEF
  5
547
330
540
100
AcDbEntity
  8
attrib
100
AcDbText
 10
117.5
 20
93.5
 30
0.0
 40
0.5
  1
$PN.
100
AcDbAttributeDefinition
  3

  2
NBSYN
 70
     8
280
     0
  0
ATTDEF
  5
548
330
540
100
AcDbEntity
  8
attrib
100
AcDbText
 10
117.5
 20
93.0
 30
0.0
 40
0.5
  1
SET-SCREW4-3
100
AcDbAttributeDefinition
  3

  2
LINA
 70
     8
280
     0
  0
ATTDEF
  5
549
330
540
100
AcDbEntity
  8
attrib
100
AcDbText
 10
117.5
 20
92.5
 30
0.0
 40
0.5
  1
Misumi
100
AcDbAttributeDefinition
  3

  2
CATALOG
 70
     8
280
     0
  0
ATTDEF
  5
54A
330
540
100
AcDbEntity
  8
attrib
100
AcDbText
 10
117.5
 20
92.0
 30
0.0
 40
0.5
  1
SET-SCREW4-3
100
AcDbAttributeDefinition
  3

  2
PN
 70
     8
280
     0
  0
ATTDEF
  5
54B
330
540
100
AcDbEntity
  8
attrib
100
AcDbText
 10
117.5
 20
91.5
 30
0.0
 40
0.5
  1
4.0
100
AcDbAttributeDefinition
  3

  2
M
 70
     8
280
     0
  0
ATTDEF
  5
54C
330
540
100
AcDbEntity
  8
attrib
100
AcDbText
 10
117.5
 20
91.0
 30
0.0
 40
0.5
  1
0.70
100
AcDbAttributeDefinition
  3

  2
P
 70
     8
280
     0
  0
ATTDEF
  5
54D
330
540
100
AcDbEntity
  8
attrib
100
AcDbText
 10
117.5
 20
90.5
 30
0.0
 40
0.5
  1
3
100
AcDbAttributeDefinition
  3

  2
L
 70
     8
280
     0
  0
ATTDEF
  5
54E
330
540
100
AcDbEntity
  8
attrib
100
AcDbText
 10
117.5
 20
90.0
 30
0.0
 40
0.5
  1
2.0
100
AcDbAttributeDefinition
  3

  2
B
 70
     8
280
     0
  0
ATTDEF
  5
54F
330
540
100
AcDbEntity
  8
attrib
100
AcDbText
 10
117.5
 20
89.5
 30
0.0
 40
0.5
  1
1.5
100
AcDbAttributeDefinition
  3

  2
C
 70
     8
280
     0
  0
ATTDEF
  5
550
330
540
100
AcDbEntity
  8
attrib
100
AcDbText
 10
117.5
 20
89.0
 30
0.0
 40
0.5
  1
2.5
100
AcDbAttributeDefinition
  3

  2
DD
 70
     8
280
     0
  0
ATTDEF
  5
551
330
540
100
AcDbEntity
  8
attrib
100
AcDbText
 10
117.5
 20
88.5
 30
0.0
 40
0.5
  1
misumi
100
AcDbAttributeDefinition
  3

  2
COMPANY
 70
     8
280
     0
  0
ATTDEF
  5
552
330
540
100
AcDbEntity
  8
attrib
100
AcDbText
 10
117.5
 20
88.0
 30
0.0
 40
0.5
  1
1
100
AcDbAttributeDefinition
  3

  2
ExcludeFromBOM
 70
     8
280
     0
  0
ATTDEF
  5
553
330
540
100
AcDbEntity
  8
attrib
100
AcDbText
 10
117.5
 20
87.5
 30
0.0
 40
0.5
  1
{$CADENAS_DATA/23d-libs/misumi/metric/accessories/set_screw.prj},169 {VTYP=3D},{NB=SET-SCREW4-3},{LINA=SET-SCREW4-3},{NN=SET-SCREW},{DATE=29.11.2024 04:47:07},{GEOMDATE=11.12.2013 00:00:00},{VERSION=},{LINEID=90},{WBVAR=L},{WBNUMERIC=L}  {NB=SET-SCR
100
AcDbAttributeDefinition
  3

  2
PSOL_0
 70
     9
280
     0
  0
ATTDEF
  5
554
330
540
100
AcDbEntity
  8
attrib
100
AcDbText
 10
117.5
 20
87.0
 30
0.0
 40
0.5
  1
,{LINA=SET-SCREW4-3},{KT=DUMMY},{PN=SET-SCREW4-3},{TYPE=SET-SCREW},{M=4.0},{P=0.70},{L=3},{LMIN=2.1},{LALG=[2.1:42/0.1]},{B=2.0},{C=1.5},{DD=2.5}
100
AcDbAttributeDefinition
  3

  2
PSOL_1
 70
     9
280
     0
  0
LINE
  5
555
330
540
100
AcDbEntity
  8
hidden
100
AcDbLine
 10
109.5
 20
93.5
 30
0.0
 11
109.5
 21
95.0
 31
0.0
  0
LINE
  5
556
330
540
100
AcDbEntity
  8
hidden
100
AcDbLine
 10
111.5
 20
93.5
 30
0.0
 11
111.5
 21
95.0
 31
0.0
  0
LINE
  5
557
330
540
100
AcDbEntity
  8
hidden
100
AcDbLine
 10
109.5
 20
93.5
 30
0.0
 11
111.5
 21
93.5
 31
0.0
  0
LINE
  5
558
330
540
100
AcDbEntity
  8
hidden
100
AcDbLine
 10
110.5
 20
92.92264973081038
 30
0.0
 11
111.5
 21
93.5
 31
0.0
  0
LINE
  5
559
330
540
100
AcDbEntity
  8
hidden
100
AcDbLine
 10
109.5
 20
93.5
 30
0.0
 11
110.5
 21
92.92264973081038
 31
0.0
  0
LINE
  5
55A
330
540
100
AcDbEntity
  8
hidden
100
AcDbLine
 10
110.5
 20
93.5
 30
0.0
 11
110.5
 21
95.0
 31
0.0
  0
LINE
  5
55B
330
540
100
AcDbEntity
  8
hidden
100
AcDbLine
 10
111.75
 20
92.0
 30
0.0
 11
112.5
 21
92.75
 31
0.0
  0
LINE
  5
55C
330
540
100
AcDbEntity
  8
hidden
100
AcDbLine
 10
108.5
 20
92.75
 30
0.0
 11
109.25
 21
92.0
 31
0.0
  0
LINE
  5
55D
330
540
100
AcDbEntity
  8
hidden
100
AcDbLine
 10
112.0705
 20
95.0
 30
0.0
 11
108.9295
 21
95.0
 31
0.0
  0
LINE
  5
55E
330
540
100
AcDbEntity
  8
hidden
100
AcDbLine
 10
108.9295
 20
95.0
 30
0.0
 11
108.5
 21
94.5705
 31
0.0
  0
LINE
  5
55F
330
540
100
AcDbEntity
  8
hidden
100
AcDbLine
 10
112.5
 20
94.5705
 30
0.0
 11
112.0705
 21
95.0
 31
0.0
  0
LINE
  5
560
330
540
100
AcDbEntity
  8
hidden
100
AcDbLine
 10
112.5
 20
92.75
 30
0.0
 11
108.5
 21
92.75
 31
0.0
  0
LINE
  5
561
330
540
100
AcDbEntity
  8
hidden
100
AcDbLine
 10
112.5
 20
94.5705
 30
0.0
 11
108.5
 21
94.5705
 31
0.0
  0
LINE
  5
562
330
540
100
AcDbEntity
  8
hidden
100
AcDbLine
 10
108.5
 20
94.5705
 30
0.0
 11
108.5
 21
92.75
 31
0.0
  0
LINE
  5
563
330
540
100
AcDbEntity
  8
hidden
100
AcDbLine
 10
112.5
 20
92.75
 30
0.0
 11
112.5
 21
94.5705
 31
0.0
  0
LINE
  5
564
330
540
100
AcDbEntity
  8
AM_5
  6
Dashed
100
AcDbLine
 10
108.9295
 20
95.0
 30
0.0
 11
108.9295
 21
92.3205
 31
0.0
  0
LINE
  5
565
330
540
100
AcDbEntity
  8
AM_5
  6
Dashed
100
AcDbLine
 10
112.0705
 20
95.0
 30
0.0
 11
112.0705
 21
92.3205
 31
0.0
  0
LINE
  5
566
330
540
100
AcDbEntity
  8
AM_5
  6
Dashed
100
AcDbLine
 10
112.5
 20
92.0
 30
0.0
 11
108.5
 21
92.0
 31
0.0
  0
ENDBLK
  5
543
330
540
100
AcDbEntity
  8
0
100
AcDbBlockEnd
  0
BLOCK
  5
569
330
567
100
AcDbEntity
  8
0
100
AcDbBlockBegin
  2
12_MTP24XL037_A_C10_b_0_in_MTP24XL037_A_C10_900
 70
     2
 10
0.0
 20
0.0
 30
0.0
  3
12_MTP24XL037_A_C10_b_0_in_MTP24XL037_A_C10_900
  1

  0
ATTDEF
  5
56B
330
567
100
AcDbEntity
  8
attrib
100
AcDbText
 10
139.125
 20
109.125
 30
0.0
 40
0.5
  1
MTP24XL037-A-C10_b
100
AcDbAttributeDefinition
  3

  2
NB
 70
     8
280
     0
  0
ATTDEF
  5
56C
330
567
100
AcDbEntity
  8
attrib
100
AcDbText
 10
139.125
 20
108.625
 30
0.0
 40
0.5
  1
ATP__XL025, ATP__XL031, ATP__ XL037, ATP__XL050, BTP__XL025, BTP__XL031, BTP__XL037, BTP__XL050, KTP__XL025, KTP__XL031, KTP__ XL037, KTP__XL050, NTP__XL025, NTP__XL031, NTP__ XL037, NTP__XL050, MTP__XL025, MTP__ XL037, MTP__XL050, MTPB__XL025, MTPB
100
AcDbAttributeDefinition
  3

  2
NN
 70
     8
280
     0
  0
ATTDEF
  5
56D
330
567
100
AcDbEntity
  8
attrib
100
AcDbText
 10
139.125
 20
108.125
 30
0.0
 40
0.5
  1
Timing Pulleys XL Type
100
AcDbAttributeDefinition
  3

  2
NT
 70
     8
280
     0
  0
ATTDEF
  5
56E
330
567
100
AcDbEntity
  8
attrib
100
AcDbText
 10
139.125
 20
107.625
 30
0.0
 40
0.5
  1
$PN._b
100
AcDbAttributeDefinition
  3

  2
NBSYN
 70
     8
280
     0
  0
ATTDEF
  5
56F
330
567
100
AcDbEntity
  8
attrib
100
AcDbText
 10
139.125
 20
107.125
 30
0.0
 40
0.5
  1
MTP24XL037-A-C10
100
AcDbAttributeDefinition
  3

  2
LINA
 70
     8
280
     0
  0
ATTDEF
  5
570
330
567
100
AcDbEntity
  8
attrib
100
AcDbText
 10
139.125
 20
106.625
 30
0.0
 40
0.5
  1
Misumi
100
AcDbAttributeDefinition
  3

  2
CATALOG
 70
     8
280
     0
  0
ATTDEF
  5
571
330
567
100
AcDbEntity
  8
attrib
100
AcDbText
 10
139.125
 20
106.125
 30
0.0
 40
0.5
  1
MTP24XL037-A-C10
100
AcDbAttributeDefinition
  3

  2
PN
 70
     8
280
     0
  0
ATTDEF
  5
572
330
567
100
AcDbEntity
  8
attrib
100
AcDbText
 10
139.125
 20
105.625
 30
0.0
 40
0.5
  1
1045 Carbon Steel Equivalent
100
AcDbAttributeDefinition
  3

  2
MATP
 70
     8
280
     0
  0
ATTDEF
  5
573
330
567
100
AcDbEntity
  8
attrib
100
AcDbText
 10
139.125
 20
105.125
 30
0.0
 40
0.5
  1
-
100
AcDbAttributeDefinition
  3

  2
ST
 70
     8
280
     0
  0
ATTDEF
  5
574
330
567
100
AcDbEntity
  8
attrib
100
AcDbText
 10
139.125
 20
104.625
 30
0.0
 40
0.5
  1
24
100
AcDbAttributeDefinition
  3

  2
NT
 70
     8
280
     0
  0
ATTDEF
  5
575
330
567
100
AcDbEntity
  8
attrib
100
AcDbText
 10
139.125
 20
104.125
 30
0.0
 40
0.5
  1
XL037
100
AcDbAttributeDefinition
  3

  2
TNW
 70
     8
280
     0
  0
ATTDEF
  5
576
330
567
100
AcDbEntity
  8
attrib
100
AcDbText
 10
139.125
 20
103.625
 30
0.0
 40
0.5
  1
9.5mm (3/8inch)
100
AcDbAttributeDefinition
  3

  2
BW
 70
     8
280
     0
  0
ATTDEF
  5
577
330
567
100
AcDbEntity
  8
attrib
100
AcDbText
 10
139.125
 20
103.125
 30
0.0
 40
0.5
  1
A
100
AcDbAttributeDefinition
  3

  2
PS
 70
     8
280
     0
  0
ATTDEF
  5
578
330
567
100
AcDbEntity
  8
attrib
100
AcDbText
 10
139.125
 20
102.625
 30
0.0
 40
0.5
  1
Old JIS Keywayed Bore + Tap
100
AcDbAttributeDefinition
  3

  2
SBS
 70
     8
280
     0
  0
ATTDEF
  5
579
330
567
100
AcDbEntity
  8
attrib
100
AcDbText
 10
139.125
 20
102.125
 30
0.0
 40
0.5
  1
10.00
100
AcDbAttributeDefinition
  3

  2
DD
 70
     8
280
     0
  0
ATTDEF
  5
57A
330
567
100
AcDbEntity
  8
attrib
100
AcDbText
 10
139.125
 20
101.625
 30
0.0
 40
0.5
  1
0
100
AcDbAttributeDefinition
  3

  2
Z
 70
     8
280
     0
  0
ATTDEF
  5
57B
330
567
100
AcDbEntity
  8
attrib
100
AcDbText
 10
139.125
 20
101.125
 30
0.0
 40
0.5
  1
0.0
100
AcDbAttributeDefinition
  3

  2
J
 70
     8
280
     0
  0
ATTDEF
  5
57C
330
567
100
AcDbEntity
  8
attrib
100
AcDbText
 10
139.125
 20
100.625
 30
0.0
 40
0.5
  1
0
100
AcDbAttributeDefinition
  3

  2
Q
 70
     8
280
     0
  0
ATTDEF
  5
57D
330
567
100
AcDbEntity
  8
attrib
100
AcDbText
 10
139.125
 20
100.125
 30
0.0
 40
0.5
  1
0
100
AcDbAttributeDefinition
  3

  2
R
 70
     8
280
     0
  0
ATTDEF
  5
57E
330
567
100
AcDbEntity
  8
attrib
100
AcDbText
 10
139.125
 20
99.62500000000001
 30
0.0
 40
0.5
  1
0.0
100
AcDbAttributeDefinition
  3

  2
S
 70
     8
280
     0
  0
ATTDEF
  5
57F
330
567
100
AcDbEntity
  8
attrib
100
AcDbText
 10
139.125
 20
99.12500000000001
 30
0.0
 40
0.5
  1
0.0
100
AcDbAttributeDefinition
  3

  2
T
 70
     8
280
     0
  0
ATTDEF
  5
580
330
567
100
AcDbEntity
  8
attrib
100
AcDbText
 10
139.125
 20
98.62500000000001
 30
0.0
 40
0.5
  1
11.0
100
AcDbAttributeDefinition
  3

  2
A
 70
     8
280
     0
  0
ATTDEF
  5
581
330
567
100
AcDbEntity
  8
attrib
100
AcDbText
 10
139.125
 20
98.12500000000001
 30
0.0
 40
0.5
  1
16.0
100
AcDbAttributeDefinition
  3

  2
W
 70
     8
280
     0
  0
ATTDEF
  5
582
330
567
100
AcDbEntity
  8
attrib
100
AcDbText
 10
139.125
 20
97.62500000000001
 30
0.0
 40
0.5
  1
0
100
AcDbAttributeDefinition
  3

  2
L
 70
     8
280
     0
  0
ATTDEF
  5
583
330
567
100
AcDbEntity
  8
attrib
100
AcDbText
 10
139.125
 20
97.12500000000001
 30
0.0
 40
0.5
  1
38.81
100
AcDbAttributeDefinition
  3

  2
PD
 70
     8
280
     0
  0
ATTDEF
  5
584
330
567
100
AcDbEntity
  8
attrib
100
AcDbText
 10
139.125
 20
96.62500000000001
 30
0.0
 40
0.5
  1
38.30
100
AcDbAttributeDefinition
  3

  2
OD
 70
     8
280
     0
  0
ATTDEF
  5
585
330
567
100
AcDbEntity
  8
attrib
100
AcDbText
 10
139.125
 20
96.12500000000001
 30
0.0
 40
0.5
  1
0
100
AcDbAttributeDefinition
  3

  2
D
 70
     8
280
     0
  0
ATTDEF
  5
586
330
567
100
AcDbEntity
  8
attrib
100
AcDbText
 10
139.125
 20
95.62500000000001
 30
0.0
 40
0.5
  1
45
100
AcDbAttributeDefinition
  3

  2
F
 70
     8
280
     0
  0
ATTDEF
  5
587
330
567
100
AcDbEntity
  8
attrib
100
AcDbText
 10
139.125
 20
95.12500000000001
 30
0.0
 40
0.5
  1
30
100
AcDbAttributeDefinition
  3

  2
E
 70
     8
280
     0
  0
ATTDEF
  5
588
330
567
100
AcDbEntity
  8
attrib
100
AcDbText
 10
139.125
 20
94.62500000000001
 30
0.0
 40
0.5
  1
1.6
100
AcDbAttributeDefinition
  3

  2
TT
 70
     8
280
     0
  0
ATTDEF
  5
589
330
567
100
AcDbEntity
  8
attrib
100
AcDbText
 10
139.125
 20
94.12500000000001
 30
0.0
 40
0.5
  1
w/o KC90 (Set Screw Angle)
100
AcDbAttributeDefinition
  3

  2
ALT1
 70
     8
280
     0
  0
ATTDEF
  5
58A
330
567
100
AcDbEntity
  8
attrib
100
AcDbText
 10
139.125
 20
93.62500000000001
 30
0.0
 40
0.5
  1
w/o Side Tapped Hole
100
AcDbAttributeDefinition
  3

  2
ALT2
 70
     8
280
     0
  0
ATTDEF
  5
58B
330
567
100
AcDbEntity
  8
attrib
100
AcDbText
 10
139.125
 20
93.12500000000001
 30
0.0
 40
0.5
  1
N/A
100
AcDbAttributeDefinition
  3

  2
M
 70
     8
280
     0
  0
ATTDEF
  5
58C
330
567
100
AcDbEntity
  8
attrib
100
AcDbText
 10
139.125
 20
92.62500000000001
 30
0.0
 40
0.5
  1
0.0
100
AcDbAttributeDefinition
  3

  2
QSC
 70
     8
280
     0
  0
ATTDEF
  5
58D
330
567
100
AcDbEntity
  8
attrib
100
AcDbText
 10
139.125
 20
92.12500000000001
 30
0.0
 40
0.5
  1
0.0
100
AcDbAttributeDefinition
  3

  2
QFC
 70
     8
280
     0
  0
ATTDEF
  5
58E
330
567
100
AcDbEntity
  8
attrib
100
AcDbText
 10
139.125
 20
91.62500000000001
 30
0.0
 40
0.5
  1
0.0
100
AcDbAttributeDefinition
  3

  2
QTC
 70
     8
280
     0
  0
ATTDEF
  5
58F
330
567
100
AcDbEntity
  8
attrib
100
AcDbText
 10
139.125
 20
91.12500000000001
 30
0.0
 40
0.5
  1
w/o Side Through Hole
100
AcDbAttributeDefinition
  3

  2
ALT3
 70
     8
280
     0
  0
ATTDEF
  5
590
330
567
100
AcDbEntity
  8
attrib
100
AcDbText
 10
139.125
 20
90.62500000000001
 30
0.0
 40
0.5
  1
0.0
100
AcDbAttributeDefinition
  3

  2
K
 70
     8
280
     0
  0
ATTDEF
  5
591
330
567
100
AcDbEntity
  8
attrib
100
AcDbText
 10
139.125
 20
90.12500000000001
 30
0.0
 40
0.5
  1
0.0
100
AcDbAttributeDefinition
  3

  2
KSC
 70
     8
280
     0
  0
ATTDEF
  5
592
330
567
100
AcDbEntity
  8
attrib
100
AcDbText
 10
139.125
 20
89.62500000000001
 30
0.0
 40
0.5
  1
0.0
100
AcDbAttributeDefinition
  3

  2
KFC
 70
     8
280
     0
  0
ATTDEF
  5
593
330
567
100
AcDbEntity
  8
attrib
100
AcDbText
 10
139.125
 20
89.12500000000001
 30
0.0
 40
0.5
  1
0.0
100
AcDbAttributeDefinition
  3

  2
KTC
 70
     8
280
     0
  0
ATTDEF
  5
594
330
567
100
AcDbEntity
  8
attrib
100
AcDbText
 10
139.125
 20
88.62500000000001
 30
0.0
 40
0.5
  1
Not applicable
100
AcDbAttributeDefinition
  3

  2
ALT4
 70
     8
280
     0
  0
ATTDEF
  5
595
330
567
100
AcDbEntity
  8
attrib
100
AcDbText
 10
139.125
 20
88.12500000000001
 30
0.0
 40
0.5
  1
N/A
100
AcDbAttributeDefinition
  3

  2
ZM
 70
     8
280
     0
  0
ATTDEF
  5
596
330
567
100
AcDbEntity
  8
attrib
100
AcDbText
 10
139.125
 20
87.62500000000001
 30
0.0
 40
0.5
  1
0.0
100
AcDbAttributeDefinition
  3

  2
ZMDD1
 70
     8
280
     0
  0
ATTDEF
  5
597
330
567
100
AcDbEntity
  8
attrib
100
AcDbText
 10
139.125
 20
87.12500000000001
 30
0.0
 40
0.5
  1
0.0
100
AcDbAttributeDefinition
  3

  2
ZMDD2
 70
     8
280
     0
  0
ATTDEF
  5
598
330
567
100
AcDbEntity
  8
attrib
100
AcDbText
 10
139.125
 20
86.62500000000001
 30
0.0
 40
0.5
  1
0.0
100
AcDbAttributeDefinition
  3

  2
ZMHH
 70
     8
280
     0
  0
ATTDEF
  5
599
330
567
100
AcDbEntity
  8
attrib
100
AcDbText
 10
139.125
 20
86.12500000000001
 30
0.0
 40
0.5
  1
0.0
100
AcDbAttributeDefinition
  3

  2
ZSC
 70
     8
280
     0
  0
ATTDEF
  5
59A
330
567
100
AcDbEntity
  8
attrib
100
AcDbText
 10
139.125
 20
85.62500000000001
 30
0.0
 40
0.5
  1
0.0
100
AcDbAttributeDefinition
  3

  2
ZFC
 70
     8
280
     0
  0
ATTDEF
  5
59B
330
567
100
AcDbEntity
  8
attrib
100
AcDbText
 10
139.125
 20
85.12500000000001
 30
0.0
 40
0.5
  1
0.0
100
AcDbAttributeDefinition
  3

  2
ZTC
 70
     8
280
     0
  0
ATTDEF
  5
59C
330
567
100
AcDbEntity
  8
attrib
100
AcDbText
 10
139.125
 20
84.62500000000001
 30
0.0
 40
0.5
  1
w/o Flange not Attached
100
AcDbAttributeDefinition
  3

  2
ALT5
 70
     8
280
     0
  0
ATTDEF
  5
59D
330
567
100
AcDbEntity
  8
attrib
100
AcDbText
 10
139.125
 20
84.12500000000001
 30
0.0
 40
0.5
  1
w/o Flange Attached on One Side Only
100
AcDbAttributeDefinition
  3

  2
ALT6
 70
     8
280
     0
  0
ATTDEF
  5
59E
330
567
100
AcDbEntity
  8
attrib
100
AcDbText
 10
139.125
 20
83.62500000000001
 30
0.0
 40
0.5
  1
w/o FC (Flange Cut)
100
AcDbAttributeDefinition
  3

  2
ALT7
 70
     8
280
     0
  0
ATTDEF
  5
59F
330
567
100
AcDbEntity
  8
attrib
100
AcDbText
 10
139.125
 20
83.12500000000001
 30
0.0
 40
0.5
  1
0.0
100
AcDbAttributeDefinition
  3

  2
FC
 70
     8
280
     0
  0
ATTDEF
  5
5A0
330
567
100
AcDbEntity
  8
attrib
100
AcDbText
 10
139.125
 20
82.62500000000001
 30
0.0
 40
0.5
  1
Not applicable
100
AcDbAttributeDefinition
  3

  2
ALT8
 70
     8
280
     0
  0
ATTDEF
  5
5A1
330
567
100
AcDbEntity
  8
attrib
100
AcDbText
 10
139.125
 20
82.12500000000001
 30
0.0
 40
0.5
  1
0.0
100
AcDbAttributeDefinition
  3

  2
SRG
 70
     8
280
     0
  0
ATTDEF
  5
5A2
330
567
100
AcDbEntity
  8
attrib
100
AcDbText
 10
139.125
 20
81.62500000000001
 30
0.0
 40
0.5
  1
0.0
100
AcDbAttributeDefinition
  3

  2
DD2
 70
     8
280
     0
  0
ATTDEF
  5
5A3
330
567
100
AcDbEntity
  8
attrib
100
AcDbText
 10
139.125
 20
81.12500000000001
 30
0.0
 40
0.5
  1
0.00
100
AcDbAttributeDefinition
  3

  2
MM
 70
     8
280
     0
  0
ATTDEF
  5
5A4
330
567
100
AcDbEntity
  8
attrib
100
AcDbText
 10
139.125
 20
80.62500000000001
 30
0.0
 40
0.5
  1
0.00
100
AcDbAttributeDefinition
  3

  2
NN
 70
     8
280
     0
  0
ATTDEF
  5
5A5
330
567
100
AcDbEntity
  8
attrib
100
AcDbText
 10
139.125
 20
80.12500000000001
 30
0.0
 40
0.5
  1
Not applicable
100
AcDbAttributeDefinition
  3

  2
ALT9
 70
     8
280
     0
  0
ATTDEF
  5
5A6
330
567
100
AcDbEntity
  8
attrib
100
AcDbText
 10
139.125
 20
79.62500000000001
 30
0.0
 40
0.5
  1
0
100
AcDbAttributeDefinition
  3

  2
BTC
 70
     8
280
     0
  0
ATTDEF
  5
5A7
330
567
100
AcDbEntity
  8
attrib
100
AcDbText
 10
139.125
 20
79.12500000000001
 30
0.0
 40
0.5
  1
0.0
100
AcDbAttributeDefinition
  3

  2
TL
 70
     8
280
     0
  0
ATTDEF
  5
5A8
330
567
100
AcDbEntity
  8
attrib
100
AcDbText
 10
139.125
 20
78.62500000000001
 30
0.0
 40
0.5
  1
0
100
AcDbAttributeDefinition
  3

  2
BTCL
 70
     8
280
     0
  0
ATTDEF
  5
5A9
330
567
100
AcDbEntity
  8
attrib
100
AcDbText
 10
139.125
 20
78.12500000000001
 30
0.0
 40
0.5
  1
0
100
AcDbAttributeDefinition
  3

  2
BTCD
 70
     8
280
     0
  0
ATTDEF
  5
5AA
330
567
100
AcDbEntity
  8
attrib
100
AcDbText
 10
139.125
 20
77.62500000000001
 30
0.0
 40
0.5
  1
w/o TPC (Tapped Hole Dimension)
100
AcDbAttributeDefinition
  3

  2
ALT10
 70
     8
280
     0
  0
ATTDEF
  5
5AB
330
567
100
AcDbEntity
  8
attrib
100
AcDbText
 10
139.125
 20
77.12500000000001
 30
0.0
 40
0.5
  1
N/A
100
AcDbAttributeDefinition
  3

  2
TPC
 70
     8
280
     0
  0
ATTDEF
  5
5AC
330
567
100
AcDbEntity
  8
attrib
100
AcDbText
 10
139.125
 20
76.62500000000001
 30
0.0
 40
0.5
  1
Not applicable
100
AcDbAttributeDefinition
  3

  2
ALT11
 70
     8
280
     0
  0
ATTDEF
  5
5AD
330
567
100
AcDbEntity
  8
attrib
100
AcDbText
 10
139.125
 20
76.12500000000001
 30
0.0
 40
0.5
  1
0.0
100
AcDbAttributeDefinition
  3

  2
BC
 70
     8
280
     0
  0
ATTDEF
  5
5AE
330
567
100
AcDbEntity
  8
attrib
100
AcDbText
 10
139.125
 20
75.62500000000001
 30
0.0
 40
0.5
  1
w/o SLH (Set Screw Length)
100
AcDbAttributeDefinition
  3

  2
ALT12
 70
     8
280
     0
  0
ATTDEF
  5
5AF
330
567
100
AcDbEntity
  8
attrib
100
AcDbText
 10
139.125
 20
75.12500000000001
 30
0.0
 40
0.5
  1
0
100
AcDbAttributeDefinition
  3

  2
SLH
 70
     8
280
     0
  0
ATTDEF
  5
5B0
330
567
100
AcDbEntity
  8
attrib
100
AcDbText
 10
139.125
 20
74.62500000000001
 30
0.0
 40
0.5
  1
Not applicable
100
AcDbAttributeDefinition
  3

  2
ALT13
 70
     8
280
     0
  0
ATTDEF
  5
5B1
330
567
100
AcDbEntity
  8
attrib
100
AcDbText
 10
139.125
 20
74.12500000000001
 30
0.0
 40
0.5
  1
0.0
100
AcDbAttributeDefinition
  3

  2
BN
 70
     8
280
     0
  0
ATTDEF
  5
5B2
330
567
100
AcDbEntity
  8
attrib
100
AcDbText
 10
139.125
 20
73.62500000000001
 30
0.0
 40
0.5
  1
M4x3
100
AcDbAttributeDefinition
  3

  2
AC
 70
     8
280
     0
  0
ATTDEF
  5
5B3
330
567
100
AcDbEntity
  8
attrib
100
AcDbText
 10
139.125
 20
73.12500000000001
 30
0.0
 40
0.5
  1
misumi
100
AcDbAttributeDefinition
  3

  2
COMPANY
 70
     8
280
     0
  0
ATTDEF
  5
5B4
330
567
100
AcDbEntity
  8
attrib
100
AcDbText
 10
139.125
 20
72.62500000000001
 30
0.0
 40
0.5
  1
1
100
AcDbAttributeDefinition
  3

  2
ExcludeFromBOM
 70
     8
280
     0
  0
ATTDEF
  5
5B5
330
567
100
AcDbEntity
  8
attrib
100
AcDbText
 10
139.125
 20
72.12500000000001
 30
0.0
 40
0.5
  1
{$CADENAS_DATA/23d-libs/misumi/metric/51_timing_pulleys/mtp_xl/mtp_xl.prj},888 {VTYP=3D},{NB=MTP24XL037-A-C10_b},{LINA=MTP24XL037-A-C10},{NN=ATP__XL025, ATP__XL031, ATP__ XL037, ATP__XL050, BTP__XL025, BTP__XL031, BTP__XL037, BTP__XL050, KTP__XL025,
100
AcDbAttributeDefinition
  3

  2
PSOL_0
 70
     9
280
     0
  0
ATTDEF
  5
5B6
330
567
100
AcDbEntity
  8
attrib
100
AcDbText
 10
139.125
 20
71.62500000000001
 30
0.0
 40
0.5
  1
XL031, KTP__ XL037, KTP__XL050, NTP__XL025, NTP__XL031, NTP__ XL037, NTP__XL050, MTP__XL025, MTP__ XL037, MTP__XL050, MTPB__XL025, MTPB__ XL037, MTPB__XL050, MTPP__XL025, MTPP__ XL037, MTPP__XL050, STP__XL025, STP__XL031, STP__ XL037, STP__XL050, KA
100
AcDbAttributeDefinition
  3

  2
PSOL_1
 70
     9
280
     0
  0
ATTDEF
  5
5B7
330
567
100
AcDbEntity
  8
attrib
100
AcDbText
 10
139.125
 20
71.12500000000001
 30
0.0
 40
0.5
  1
025, KATP__XL031, KATP__ XL037, KATP__XL050, KKTP__XL025, KKTP__XL031, KKTP__ XL037, KKTP__XL050_body},{DATE=06.01.2023 09:07:12},{GEOMDATE=06.01.2023 09:06:51},{VERSION=},{LINEID=110},{WBVAR=MATP,ST,TNW,PS,SBS,DD,Z,J,Q,R,S,T,ALT1,ALT2,M,QSC,QFC,QTC
100
AcDbAttributeDefinition
  3

  2
PSOL_2
 70
     9
280
     0
  0
ATTDEF
  5
5B8
330
567
100
AcDbEntity
  8
attrib
100
AcDbText
 10
139.125
 20
70.62500000000001
 30
0.0
 40
0.5
  1
K,KSC,KFC,KTC,ALT4,ZM,ZSC,ZFC,ZTC,ALT5,ALT6,ALT7,FC,ALT8,SRG,ALT9,BTC,TL,ALT10,TPC,ALT11,BC,ALT12,SLH,ALT13,BN},{WBNUMERIC=DD,Z,J,Q,R,S,T,QSC,QFC,QTC,K,KSC,KFC,KTC,ZSC,ZFC,ZTC,FC,SRG,BTC,TL,BC,SLH,BN}  {NB=MTP24XL037-A-C10_b},{LINA=MTP24XL037-A-C10}
100
AcDbAttributeDefinition
  3

  2
PSOL_3
 70
     9
280
     0
  0
ATTDEF
  5
5B9
330
567
100
AcDbEntity
  8
attrib
100
AcDbText
 10
139.125
 20
70.12500000000001
 30
0.0
 40
0.5
  1
UMMY},{PN=MTP24XL037-A-C10},{TYPE=MTP},{MATP=S45C},{MATPALG= 'A2017','Aluminum Alloy 2000 series','S45C','1045 Carbon Steel Equivalent','SUS304','SUS304', 'A6000', '6000 Series Aluminum Alloy' },{ST=-},{STALG= '-','-','BO','Black Oxide','ENP','Elect
100
AcDbAttributeDefinition
  3

  2
PSOL_4
 70
     9
280
     0
  0
ATTDEF
  5
5BA
330
567
100
AcDbEntity
  8
attrib
100
AcDbText
 10
139.125
 20
69.62500000000001
 30
0.0
 40
0.5
  1
 Nickel Plating' },{NT=24},{TNW=XL037},{TNWALG= 'XL025','XL031','XL037','XL050' },{BW=9.5mm (3/8inch)},{PS=A},{PSALG= 'A','B' },{SBS=C},{SBSALG= 'H','Round Hole','P','Round Hole + Tap','N','New JIS Keywayed Bore + Tap (Standard)','NK','New JIS Keywa
100
AcDbAttributeDefinition
  3

  2
PSOL_5
 70
     9
280
     0
  0
ATTDEF
  5
5BB
330
567
100
AcDbEntity
  8
attrib
100
AcDbText
 10
139.125
 20
69.12500000000001
 30
0.0
 40
0.5
  1
re + Tap (width 4.0mm, height 1.8mm)','C','Old JIS Keywayed Bore + Tap','V','Stepped Hole','Y','Both Ends Stepped Hole','WB','Double Stepped Hole' },{DD=10.00},{DDALG=[10,12,15,16,18,19,20]},{DDHA=[6:6/1],6.35,[7:12/1],12.7,[13:26/1]},{DDPA=[8:12/1]
100
AcDbAttributeDefinition
  3

  2
PSOL_6
 70
     9
280
     0
  0
ATTDEF
  5
5BC
330
567
100
AcDbEntity
  8
attrib
100
AcDbText
 10
139.125
 20
68.62500000000001
 30
0.0
 40
0.5
  1
[13:22/1]},{DDNA=[8:8/1],[10:22/1]},{DDNK=[10:10/1]},{DDCA=[10,12,15,16,18,19,20]},{DDVA=[8:12/1],12.7,[13:21/1]},{DDY=[8:21/1]},{DDWB=[8:19/1]},{DDHB=},{DDPB=},{DDNB=},{DDCB=},{DDVFB=},{Z=0},{ZALG=[0]},{ZMIN=12.000},{ZAMAX=23.000},{ZBMAX=0.000},{DD
100
AcDbAttributeDefinition
  3

  2
PSOL_7
 70
     9
280
     0
  0
ATTDEF
  5
5BD
330
567
100
AcDbEntity
  8
attrib
100
AcDbText
 10
139.125
 20
68.12500000000001
 30
0.0
 40
0.5
  1
00},{J=0.0},{JALG=[0]},{JMIN=2.000},{JMAX=14.0},{JPN=},{Q=0},{QALG=[0]},{QRMIN=12.000},{QRMAX=23},{WBQMIN=14.000},{R=0},{RALG=[0]},{WBRMAX=-2.000},{S=0.0},{SALG=[0]},{SMAX=8},{T=0.0},{TALG=[0]},{TMAX=8},{SBSPN=-C10},{A=11.0},{W=16.0},{L=0},{PD=38.81
100
AcDbAttributeDefinition
  3

  2
PSOL_8
 70
     9
280
     0
  0
ATTDEF
  5
5BE
330
567
100
AcDbEntity
  8
attrib
100
AcDbText
 10
139.125
 20
67.62500000000001
 30
0.0
 40
0.5
  1
38.30},{D=0},{DALG=26.000},{DE=30},{F=45},{E=30},{TT=1.6},{BBK=4.000},{TTK=1.5},{ALT1=},{ANG=120.000},{ALT1ALG= '','w/o KC90 (Set Screw Angle)','KC90','with KC90 (Set Screw Angle)' },{ALT1PN=},{ALT2=},{ALT2ALG= '','w/o Side Tapped Hole','QTC','with 
100
AcDbAttributeDefinition
  3

  2
PSOL_9
 70
     9
280
     0
  0
ATTDEF
  5
5BF
330
567
100
AcDbEntity
  8
attrib
100
AcDbText
 10
139.125
 20
67.12500000000001
 30
0.0
 40
0.5
  1
 Places Side Tapped Hole)' },{M=N/A},{MALG= 'N/A' },{MFTALG= 'N/A' },{MSALG= 'N/A' },{M3D=0.000},{KDML=0.000},{ML=0.000},{MUL=0.000},{PITCH=0.000},{QSC=0.0},{QSCALG=0},{QFC=0.0},{QFCALG=0},{QTC=0.0},{QTCALG=0},{QPCDMIN=0.000},{QPCDMINALG=0.000},{QPC
100
AcDbAttributeDefinition
  3

  2
PSOL_10
 70
     9
280
     0
  0
ATTDEF
  5
5C0
330
567
100
AcDbEntity
  8
attrib
100
AcDbText
 10
139.125
 20
66.62500000000001
 30
0.0
 40
0.5
  1
6.000},{ALT2PN=},{TAP=0.000},{ALT3=},{ALT3ALG= '','w/o Side Through Hole','KTC','with KTC (3 Places Side Through Hole)' },{K=0.0},{KALG=0},{KMIN=4.000},{KFTMAX=6.000},{KSMAX=6.000},{KSC=0.0},{KSCALG=0},{KFC=0.0},{KFCALG=0},{KTC=0.0},{KTCALG=0},{KSCM
100
AcDbAttributeDefinition
  3

  2
PSOL_11
 70
     9
280
     0
  0
ATTDEF
  5
5C1
330
567
100
AcDbEntity
  8
attrib
100
AcDbText
 10
139.125
 20
66.12500000000001
 30
0.0
 40
0.5
  1
000},{KPCDMIN=14.000},{KPCDMAX=26.000},{ALT3PN=},{ALT4=},{ALT4ALG= '','Not applicable' },{ALT4MIN=20.500},{ALT4MAX=19.500},{ZM=N/A},{ZMALG= 'N/A' },{ZMFTALG= 'N/A' },{ZMSALG= 'N/A' },{ZMDD1=0.0},{ZMDD2=0.0},{ZMHH=0.0},{ZSC=0.0},{ZSCALG=[0]},{ZFC=0.0
100
AcDbAttributeDefinition
  3

  2
PSOL_12
 70
     9
280
     0
  0
ATTDEF
  5
5C2
330
567
100
AcDbEntity
  8
attrib
100
AcDbText
 10
139.125
 20
65.62500000000001
 30
0.0
 40
0.5
  1
ALG=[0]},{ZTC=0.0},{ZTCALG=[0]},{ZPCDMIN=0.000},{ZPCDMINALG=0.000},{ZPCDMAX=26.000},{ALT4PN=},{ALT5=},{ALT5ALG= '','w/o Flange not Attached','NFC','with NFC (Flange not Attached)' },{ALT5PN=},{ALT6=},{ALT6ALG= '','w/o Flange Attached on One Side Onl
100
AcDbAttributeDefinition
  3

  2
PSOL_13
 70
     9
280
     0
  0
ATTDEF
  5
5C3
330
567
100
AcDbEntity
  8
attrib
100
AcDbText
 10
139.125
 20
65.12500000000001
 30
0.0
 40
0.5
  1
C','with RFC (Flange Attached on The Boss Side Only)','LFC','with LFC (Flange Attached on The Opposite Side Only)' },{ALT6PN=},{ALT7=},{ALT7ALG= '','w/o FC (Flange Cut)','FC','with FC (Flange Cut)' },{FC=0.0},{FCALG=0},{FCMIN=39.5},{FCMAX=43.0},{ALT
100
AcDbAttributeDefinition
  3

  2
PSOL_14
 70
     9
280
     0
  0
ATTDEF
  5
5C4
330
567
100
AcDbEntity
  8
attrib
100
AcDbText
 10
139.125
 20
64.62500000000001
 30
0.0
 40
0.5
  1
{ALT8=},{ALT8ALG= '','Not applicable' },{ALT8ALGALG=26.000},{ALT8DD2=0.000},{ALT8MM=0.000},{ALT8NN=0.000},{QC=0.000},{KC=0.000},{ZC=0.000},{SRG=0.0},{SRGALG=[0]},{SRGMAX=0.000},{DD2=0.0},{MM=0.00},{NN=0.00},{ALT8PN=},{ALT9=},{ALT9ALG= '','Not applic
100
AcDbAttributeDefinition
  3

  2
PSOL_15
 70
     9
280
     0
  0
ATTDEF
  5
5C5
330
567
100
AcDbEntity
  8
attrib
100
AcDbText
 10
139.125
 20
64.12500000000001
 30
0.0
 40
0.5
  1
},{BTC9=11.000},{TL9=1.000},{BTC=0},{BTCALG=[0]},{TL=0.0},{TLALG=0},{TLMIN=1.000},{TLMAX=-16.500},{BTCL=0},{BTCD=0},{ALT9PN=},{WLBCTL=16.000},{ALT10=},{ALT10ALG= '','w/o TPC (Tapped Hole Dimension)','TPC','with TPC (Tapped Hole Dimension)' },{TPC=N/
100
AcDbAttributeDefinition
  3

  2
PSOL_16
 70
     9
280
     0
  0
ATTDEF
  5
5C6
330
567
100
AcDbEntity
  8
attrib
100
AcDbText
 10
139.125
 20
63.62500000000001
 30
0.0
 40
0.5
  1
CALG= 'N/A' },{TPCM=4.000},{ALT10PN=},{ALT11=},{ALT11ALG= '','Not applicable' },{BC=0.0},{BCALG=0},{BCMIN=7},{BCMAX=-16.5},{M1WBC=8},{ALT11PN=},{KTT=12.65},{ALT12=},{ALT12ALG= '','w/o SLH (Set Screw Length)','SLH','with SLH (Set Screw Length)' },{SL
100
AcDbAttributeDefinition
  3

  2
PSOL_17
 70
     9
280
     0
  0
ATTDEF
  5
5C7
330
567
100
AcDbEntity
  8
attrib
100
AcDbText
 10
139.125
 20
63.12500000000001
 30
0.0
 40
0.5
  1
0]},{SLH=0},{ALT12PN=},{ALT13=},{ALT13ALG= '', 'Not applicable' },{BN=0.0},{BNALG=0},{BNMIN=-15.5},{BNMAX=-6},{ALT13PN=},{AC=M4x3},{M1=4.000},{M1L=3.000},{KEYA=1.000},{KEYB=0.000},{KEYM=1.000}
100
AcDbAttributeDefinition
  3

  2
PSOL_18
 70
     9
280
     0
  0
LINE
  5
5C8
330
567
100
AcDbEntity
  8
hidden
100
AcDbLine
 10
108.879
 20
104.5766514517328
 30
0.0
 11
108.879
 21
92.0
 31
0.0
  0
LINE
  5
5C9
330
567
100
AcDbEntity
  8
hidden
100
AcDbLine
 10
112.121
 20
92.0
 30
0.0
 11
112.121
 21
104.5766514517328
 31
0.0
  0
LINE
  5
5CA
330
567
100
AcDbEntity
  8
hidden
100
AcDbLine
 10
127.8310128556732
 20
77.36570463516101
 30
0.0
 11
115.4072058227802
 21
84.53859296996171
 31
0.0
  0
LINE
  5
5CB
330
567
100
AcDbEntity
  8
hidden
100
AcDbLine
 10
113.785750633201
 20
81.73120141471863
 30
0.0
 11
126.2100128556732
 21
74.5580502760918
 31
0.0
  0
LINE
  5
5CC
330
567
100
AcDbEntity
  8
hidden
100
AcDbLine
 10
127.7757078273795
 20
90.96109837622646
 30
0.0
 11
128.3031015803052
 21
91.40363427979162
 31
0.0
  0
LINE
  5
5CD
330
567
100
AcDbEntity
  8
hidden
100
AcDbLine
 10
126.5773498490941
 20
77.14580954001902
 30
0.0
 11
127.2631936864728
 21
77.08580597929928
 31
0.0
  0
ARC
  5
5CE
330
567
100
AcDbEntity
  8
hidden
100
AcDbCircle
 10
127.9110011383965
 20
79.12907860990569
 30
0.0
 40
0.610000000000025
100
AcDbArc
 50
339.9017031884408
 51
50.00000000001284
  0
ARC
  5
5CF
330
567
100
AcDbEntity
  8
hidden
100
AcDbCircle
 10
110.5000000000767
 20
85.50000000004412
 30
0.0
 40
17.74999999991154
100
AcDbArc
 50
29.21703882410586
 51
30.78296169820306
  0
ARC
  5
5D0
330
567
100
AcDbEntity
  8
hidden
100
AcDbCircle
 10
110.4999999999574
 20
85.50000000002463
 30
0.0
 40
17.75000000004924
100
AcDbArc
 50
329.2170388241116
 51
330.7829606098195
  0
ARC
  5
5D1
330
567
100
AcDbEntity
  8
hidden
100
AcDbCircle
 10
126.2732988379604
 20
76.10358346131919
 30
0.0
 40
0.6099999999999824
100
AcDbArc
 50
149.2170558618526
 51
215.000000000001
  0
ARC
  5
5D2
330
567
100
AcDbEntity
  8
hidden
100
AcDbCircle
 10
125.6688198705181
 20
74.83986380313179
 30
0.0
 40
0.6100000000000106
100
AcDbArc
 50
324.9017807637501
 51
35.00000000001099
  0
ARC
  5
5D3
330
567
100
AcDbEntity
  8
hidden
100
AcDbCircle
 10
126.524184846018
 20
76.53813077418312
 30
0.0
 40
0.6099999999999353
100
AcDbArc
 50
84.99999999999919
 51
150.7829606098255
  0
ARC
  5
5D4
330
567
100
AcDbEntity
  8
hidden
100
AcDbCircle
 10
127.3163586895488
 20
77.69348474513525
 30
0.0
 40
0.6100000000000073
100
AcDbArc
 50
264.9999999999984
 51
335.0982732438663
  0
LINE
  5
5D5
330
567
100
AcDbEntity
  8
hidden
100
AcDbLine
 10
126.1685026175343
 20
75.18974542930603
 30
0.0
 11
125.7736160909442
 21
75.75370183514505
 31
0.0
  0
ARC
  5
5D6
330
567
100
AcDbEntity
  8
hidden
100
AcDbCircle
 10
126.2732988379604
 20
94.89641653868073
 30
0.0
 40
0.609999999999947
100
AcDbArc
 50
144.99999999999
 51
210.782928939834
  0
ARC
  5
5D7
330
567
100
AcDbEntity
  8
hidden
100
AcDbCircle
 10
128.1678082692883
 20
90.49381126592381
 30
0.0
 40
0.6100000000000688
100
AcDbArc
 50
129.9999999999971
 51
195.7829289398264
  0
LINE
  5
5D8
330
567
100
AcDbEntity
  8
hidden
100
AcDbLine
 10
127.2631936864728
 20
93.9141940207007
 30
0.0
 11
126.5773498490941
 21
93.85419045998096
 31
0.0
  0
ARC
  5
5D9
330
567
100
AcDbEntity
  8
hidden
100
AcDbCircle
 10
127.316358689549
 20
93.30651525486475
 30
0.0
 40
0.6099999999999991
100
AcDbArc
 50
24.90178076375014
 51
95.0000000000123
  0
ARC
  5
5DA
330
567
100
AcDbEntity
  8
hidden
100
AcDbCircle
 10
125.6688198705181
 20
96.1601361968681
 30
0.0
 40
0.6099999999999959
100
AcDbArc
 50
324.9999999999997
 51
35.09827582452761
  0
LINE
  5
5DB
330
567
100
AcDbEntity
  8
hidden
100
AcDbLine
 10
125.7736160909442
 20
95.24629816485492
 30
0.0
 11
126.1685026175343
 21
95.81025457069396
 31
0.0
  0
ARC
  5
5DC
330
567
100
AcDbEntity
  8
hidden
100
AcDbCircle
 10
126.524184846018
 20
94.46186922581691
 30
0.0
 40
0.6099999999999894
100
AcDbArc
 50
209.2170558618527
 51
275.0000000000003
  0
ARC
  5
5DD
330
567
100
AcDbEntity
  8
hidden
100
AcDbCircle
 10
128.7638299862182
 20
82.31187920013706
 30
0.0
 40
0.6100000000000029
100
AcDbArc
 50
279.9999999999991
 51
350.0982732438666
  0
ARC
  5
5DE
330
567
100
AcDbEntity
  8
hidden
100
AcDbCircle
 10
128.9666514517328
 20
83.85246118096917
 30
0.0
 40
0.6100000000000609
100
AcDbArc
 50
354.9017419760933
 51
64.99999999999449
  0
LINE
  5
5DF
330
567
100
AcDbEntity
  8
hidden
100
AcDbLine
 10
129.2244485913947
 20
84.40530893106155
 30
0.0
 11
128.6004886248359
 21
84.69626624185005
 31
0.0
  0
ARC
  5
5E0
330
567
100
AcDbEntity
  8
hidden
100
AcDbCircle
 10
127.9110011383963
 20
91.87092139009425
 30
0.0
 40
0.6100000000001219
100
AcDbArc
 50
310.0000000000051
 51
20.09827582451751
  0
ARC
  5
5E1
330
567
100
AcDbEntity
  8
hidden
100
AcDbCircle
 10
128.2976764233583
 20
90.00913671664907
 30
0.0
 40
0.6099999999999596
100
AcDbArc
 50
194.217055861851
 51
260.0000000000029
  0
ARC
  5
5E2
330
567
100
AcDbEntity
  8
hidden
100
AcDbCircle
 10
128.8582857644976
 20
85.75088600805755
 30
0.0
 40
0.6099999999999712
100
AcDbArc
 50
114.9999999999916
 51
180.7829289398307
  0
ARC
  5
5E3
330
567
100
AcDbEntity
  8
hidden
100
AcDbCircle
 10
110.5000000000024
 20
85.49999999999913
 30
0.0
 40
17.74999999999746
100
AcDbArc
 50
344.21703882411
 51
345.7829616981996
  0
ARC
  5
5E4
330
567
100
AcDbEntity
  8
hidden
100
AcDbCircle
 10
128.1678082692882
 20
80.50618873407609
 30
0.0
 40
0.6099999999999399
100
AcDbArc
 50
164.217055861851
 51
230.0000000000039
  0
ARC
  5
5E5
330
567
100
AcDbEntity
  8
hidden
100
AcDbCircle
 10
110.4999999998988
 20
85.49999999997283
 30
0.0
 40
17.75000000010481
100
AcDbArc
 50
14.21703882411411
 51
15.78296169819432
  0
LINE
  5
5E6
330
567
100
AcDbEntity
  8
hidden
100
AcDbLine
 10
128.869755374595
 20
89.28885352920038
 30
0.0
 11
128.1917510349815
 21
89.40840398731166
 31
0.0
  0
ARC
  5
5E7
330
567
100
AcDbEntity
  8
hidden
100
AcDbCircle
 10
128.7638299862182
 20
88.688120799863
 30
0.0
 40
0.6099999999999443
100
AcDbArc
 50
9.901741976084761
 51
79.99999999999982
  0
LINE
  5
5E8
330
567
100
AcDbEntity
  8
hidden
100
AcDbLine
 10
128.1917510349815
 20
81.59159601268831
 30
0.0
 11
128.869755374595
 21
81.7111464707996
 31
0.0
  0
ARC
  5
5E9
330
567
100
AcDbEntity
  8
hidden
100
AcDbCircle
 10
128.8582857644977
 20
85.24911399194237
 30
0.0
 40
0.6099999999999455
100
AcDbArc
 50
179.2170558618494
 51
245.0000000000014
  0
LINE
  5
5EA
330
567
100
AcDbEntity
  8
hidden
100
AcDbLine
 10
128.3031015803052
 20
79.59636572020837
 30
0.0
 11
127.7757078273795
 21
80.03890162377353
 31
0.0
  0
ARC
  5
5EB
330
567
100
AcDbEntity
  8
hidden
100
AcDbCircle
 10
128.9666514517328
 20
87.14753881903077
 30
0.0
 40
0.6100000000000055
100
AcDbArc
 50
295.0000000000048
 51
5.098258023910957
  0
LINE
  5
5EC
330
567
100
AcDbEntity
  8
hidden
100
AcDbLine
 10
128.6004886248359
 20
86.30373375814992
 30
0.0
 11
129.2244485913947
 21
86.59469106893843
 31
0.0
  0
ARC
  5
5ED
330
567
100
AcDbEntity
  8
hidden
100
AcDbCircle
 10
128.2976764233583
 20
80.99086328335085
 30
0.0
 40
0.6100000000000071
100
AcDbArc
 50
99.99999999999355
 51
165.7829289398303
  0
ARC
  5
5EE
330
567
100
AcDbEntity
  8
hidden
100
AcDbCircle
 10
110.4999999999578
 20
85.49999999999987
 30
0.0
 40
17.75000000004218
100
AcDbArc
 50
359.2170388241116
 51
0.7829616981973723
  0
ARC
  5
5EF
330
567
100
AcDbEntity
  8
hidden
100
AcDbCircle
 10
97.34132844736082
 20
98.30386515743449
 30
0.0
 40
0.6100000000000043
100
AcDbArc
 50
250.0000000000045
 51
315.7829606098213
  0
LINE
  5
5F0
330
567
100
AcDbEntity
  8
hidden
100
AcDbLine
 10
98.03387890519664
 20
99.51424805110479
 30
0.0
 11
98.26934734124494
 21
98.8673038400678
 31
0.0
  0
ARC
  5
5F1
330
567
100
AcDbEntity
  8
hidden
100
AcDbCircle
 10
110.2491139919424
 20
103.8582857644978
 30
0.0
 40
0.6100000000000184
100
AcDbArc
 50
205.0000000000042
 51
270.7829606098218
  0
ARC
  5
5F2
330
567
100
AcDbEntity
  8
hidden
100
AcDbCircle
 10
124.7228803385336
 20
97.39290859612402
 30
0.0
 40
0.6099999999999897
100
AcDbArc
 50
39.90178076374708
 51
110.000000000012
  0
ARC
  5
5F3
330
567
100
AcDbEntity
  8
hidden
100
AcDbCircle
 10
123.3038651574344
 20
98.65867155263906
 30
0.0
 40
0.6099999999999898
100
AcDbArc
 50
159.9999999999927
 51
225.7829289398313
  0
LINE
  5
5F4
330
567
100
AcDbEntity
  8
hidden
100
AcDbLine
 10
97.13269615993221
 20
97.73065265875506
 30
0.0
 11
96.48575194889521
 21
97.96612109480336
 31
0.0
  0
ARC
  5
5F5
330
567
100
AcDbEntity
  8
hidden
100
AcDbCircle
 10
119.8964165386808
 20
101.2732988379604
 30
0.0
 40
0.6099999999999824
100
AcDbArc
 50
239.2170558618525
 51
305.000000000001
  0
LINE
  5
5F6
330
567
100
AcDbEntity
  8
hidden
100
AcDbLine
 10
111.3037337581499
 20
67.39951137516411
 30
0.0
 11
111.5946910689384
 21
66.77555140860531
 31
0.0
  0
ARC
  5
5F7
330
567
100
AcDbEntity
  8
hidden
100
AcDbCircle
 10
110.4999999999997
 20
85.50000000001155
 30
0.0
 40
17.75000000001155
100
AcDbArc
 50
269.2170388241109
 51
270.7829606098223
  0
ARC
  5
5F8
330
567
100
AcDbEntity
  8
hidden
100
AcDbCircle
 10
112.1475388190308
 20
67.03334854826717
 30
0.0
 40
0.6100000000000253
100
AcDbArc
 50
205.0000000000024
 51
275.0982720725848
  0
ARC
  5
5F9
330
567
100
AcDbEntity
  8
hidden
100
AcDbCircle
 10
110.7508860080576
 20
67.14171423550228
 30
0.0
 40
0.6099999999999747
100
AcDbArc
 50
25.0000000000017
 51
90.78296060982314
  0
ARC
  5
5FA
330
567
100
AcDbEntity
  8
hidden
100
AcDbCircle
 10
110.2491139919424
 20
67.14171423550228
 30
0.0
 40
0.6099999999999874
100
AcDbArc
 50
89.21705586185342
 51
155.0000000000007
  0
LINE
  5
5FB
330
567
100
AcDbEntity
  8
hidden
100
AcDbLine
 10
109.4053089310616
 20
66.77555140860532
 30
0.0
 11
109.6962662418501
 21
67.3995113751641
 31
0.0
  0
ARC
  5
5FC
330
567
100
AcDbEntity
  8
hidden
100
AcDbCircle
 10
108.8524611809692
 20
67.03334854826714
 30
0.0
 40
0.6099999999999798
100
AcDbArc
 50
264.9017419760886
 51
335.0000000000001
  0
ARC
  5
5FD
330
567
100
AcDbEntity
  8
hidden
100
AcDbCircle
 10
97.69613484256556
 20
98.65867155263913
 30
0.0
 40
0.6099999999999755
100
AcDbArc
 50
314.2170219649379
 51
20.00000000000184
  0
LINE
  5
5FE
330
567
100
AcDbEntity
  8
hidden
100
AcDbLine
 10
114.2888535292004
 20
67.13024462540501
 30
0.0
 11
114.4084039873117
 21
67.80824896501848
 31
0.0
  0
ARC
  5
5FF
330
567
100
AcDbEntity
  8
hidden
100
AcDbCircle
 10
110.5000000000006
 20
85.49999999999754
 30
0.0
 40
17.74999999999747
100
AcDbArc
 50
284.2170388241094
 51
285.7829616981991
  0
ARC
  5
600
330
567
100
AcDbEntity
  8
hidden
100
AcDbCircle
 10
115.4938112659239
 20
67.83219173071186
 30
0.0
 40
0.6099999999999448
100
AcDbArc
 50
39.99999999998941
 51
105.7829289398339
  0
LINE
  5
601
330
567
100
AcDbEntity
  8
hidden
100
AcDbLine
 10
115.9610983762265
 20
68.22429217262052
 30
0.0
 11
116.4036342797916
 21
67.6968984196948
 31
0.0
  0
ARC
  5
602
330
567
100
AcDbEntity
  8
hidden
100
AcDbCircle
 10
113.6881207998629
 20
67.23617001378184
 30
0.0
 40
0.6099999999999935
100
AcDbArc
 50
279.901741976088
 51
349.9999999999994
  0
ARC
  5
603
330
567
100
AcDbEntity
  8
hidden
100
AcDbCircle
 10
116.8709213900942
 20
68.08899886160363
 30
0.0
 40
0.6100000000000344
100
AcDbArc
 50
220.0000000000015
 51
290.0982720725848
  0
ARC
  5
604
330
567
100
AcDbEntity
  8
hidden
100
AcDbCircle
 10
115.0091367166491
 20
67.70232357664162
 30
0.0
 40
0.6100000000000286
100
AcDbArc
 50
104.2170558618549
 51
169.9999999999973
  0
ARC
  5
605
330
567
100
AcDbEntity
  8
hidden
100
AcDbCircle
 10
121.1601361968682
 20
100.6688198705181
 30
0.0
 40
0.6099999999999873
100
AcDbArc
 50
54.90178076374864
 51
125.0000000000125
  0
ARC
  5
606
330
567
100
AcDbEntity
  8
hidden
100
AcDbCircle
 10
123.6586715526391
 20
98.30386515743447
 30
0.0
 40
0.6100000000000055
100
AcDbArc
 50
224.2170568154184
 51
289.9999999999992
  0
LINE
  5
607
330
567
100
AcDbEntity
  8
hidden
100
AcDbLine
 10
122.7306526587551
 20
98.86730384006779
 30
0.0
 11
122.9661210948034
 21
99.5142480511048
 31
0.0
  0
LINE
  5
608
330
567
100
AcDbEntity
  8
hidden
100
AcDbLine
 10
124.5142480511048
 20
97.96612109480336
 30
0.0
 11
123.8673038400678
 21
97.73065265875505
 31
0.0
  0
ARC
  5
609
330
567
100
AcDbEntity
  8
hidden
100
AcDbCircle
 10
110.4999999999034
 20
85.49999999990357
 30
0.0
 40
17.7500000001365
100
AcDbArc
 50
44.21703879134461
 51
45.78296169819233
  0
ARC
  5
60A
330
567
100
AcDbEntity
  8
hidden
100
AcDbCircle
 10
122.3929085961239
 20
99.72288033853343
 30
0.0
 40
0.6100000000000759
100
AcDbArc
 50
340.0000000000056
 51
50.09827582452214
  0
ARC
  5
60B
330
567
100
AcDbEntity
  8
hidden
100
AcDbCircle
 10
112.1475388190307
 20
103.9666514517329
 30
0.0
 40
0.6099999999999128
100
AcDbArc
 50
84.90174197608397
 51
155.0000000000057
  0
ARC
  5
60C
330
567
100
AcDbEntity
  8
hidden
100
AcDbCircle
 10
110.5000000000054
 20
85.49999999999466
 30
0.0
 40
17.75000000000759
100
AcDbArc
 50
134.2170399890179
 51
135.7829606098216
  0
ARC
  5
60D
330
567
100
AcDbEntity
  8
hidden
100
AcDbCircle
 10
110.499999999974
 20
85.50000000009632
 30
0.0
 40
17.74999999990023
100
AcDbArc
 50
104.2170400200802
 51
105.7829606098255
  0
ARC
  5
60E
330
567
100
AcDbEntity
  8
hidden
100
AcDbCircle
 10
110.5000000000003
 20
85.49999999998832
 30
0.0
 40
17.75000000001168
100
AcDbArc
 50
89.21704002008683
 51
90.7829606098223
  0
ARC
  5
60F
330
567
100
AcDbEntity
  8
hidden
100
AcDbCircle
 10
110.5000000000134
 20
85.50000000002322
 30
0.0
 40
17.7499999999732
100
AcDbArc
 50
59.21703882410811
 51
60.78296060982287
  0
ARC
  5
610
330
567
100
AcDbEntity
  8
hidden
100
AcDbCircle
 10
119.461869225817
 20
101.5241848460181
 30
0.0
 40
0.6100000000000306
100
AcDbArc
 50
175.000000000004
 51
240.7829606098199
  0
LINE
  5
611
330
567
100
AcDbEntity
  8
hidden
100
AcDbLine
 10
120.810254570694
 20
101.1685026175343
 30
0.0
 11
120.2462981648549
 21
100.7736160909442
 31
0.0
  0
LINE
  5
612
330
567
100
AcDbEntity
  8
hidden
100
AcDbLine
 10
118.854190459981
 20
101.5773498490941
 30
0.0
 11
118.9141940207007
 21
102.2631936864728
 31
0.0
  0
ARC
  5
613
330
567
100
AcDbEntity
  8
hidden
100
AcDbCircle
 10
118.3065152548648
 20
102.3163586895489
 30
0.0
 40
0.6099999999999802
100
AcDbArc
 50
354.9999999999969
 51
65.09827676274196
  0
ARC
  5
614
330
567
100
AcDbEntity
  8
hidden
100
AcDbCircle
 10
110.7508860080576
 20
103.8582857644977
 30
0.0
 40
0.6099999999999796
100
AcDbArc
 50
269.2170210609156
 51
335.0000000000001
  0
ARC
  5
615
330
567
100
AcDbEntity
  8
hidden
100
AcDbCircle
 10
108.8524611809692
 20
103.9666514517328
 30
0.0
 40
0.6100000000000133
100
AcDbArc
 50
25.00000000000001
 51
95.09825138488561
  0
LINE
  5
616
330
567
100
AcDbEntity
  8
hidden
100
AcDbLine
 10
102.0858059792993
 20
102.2631936864727
 30
0.0
 11
102.145809540019
 21
101.5773498490941
 31
0.0
  0
ARC
  5
617
330
567
100
AcDbEntity
  8
hidden
100
AcDbCircle
 10
98.60709140387598
 20
99.72288033853357
 30
0.0
 40
0.6099999999999808
100
AcDbArc
 50
129.901703188439
 51
200.0000000000132
  0
LINE
  5
618
330
567
100
AcDbEntity
  8
hidden
100
AcDbLine
 10
111.5946910689384
 20
104.2244485913947
 30
0.0
 11
111.3037337581499
 21
103.6004886248359
 31
0.0
  0
LINE
  5
619
330
567
100
AcDbEntity
  8
hidden
100
AcDbLine
 10
104.5963657202084
 20
67.69689841969482
 30
0.0
 11
105.0389016237735
 21
68.22429217262052
 31
0.0
  0
ARC
  5
61A
330
567
100
AcDbEntity
  8
hidden
100
AcDbCircle
 10
113.688120799863
 20
103.7638299862182
 30
0.0
 40
0.6099999999999889
100
AcDbArc
 50
9.999999999999265
 51
80.09827676274121
  0
ARC
  5
61B
330
567
100
AcDbEntity
  8
hidden
100
AcDbCircle
 10
116.8709213900943
 20
102.9110011383965
 30
0.0
 40
0.6100000000000174
100
AcDbArc
 50
69.90178076375095
 51
140.000000000011
  0
LINE
  5
61C
330
567
100
AcDbEntity
  8
hidden
100
AcDbLine
 10
106.7111464707996
 20
103.869755374595
 30
0.0
 11
106.5915960126883
 21
103.1917510349815
 31
0.0
  0
LINE
  5
61D
330
567
100
AcDbEntity
  8
hidden
100
AcDbLine
 10
114.4084039873117
 20
103.1917510349815
 30
0.0
 11
114.2888535292004
 21
103.869755374595
 31
0.0
  0
LINE
  5
61E
330
567
100
AcDbEntity
  8
hidden
100
AcDbLine
 10
116.4036342797916
 20
103.3031015803052
 30
0.0
 11
115.9610983762265
 21
102.7757078273795
 31
0.0
  0
ARC
  5
61F
330
567
100
AcDbEntity
  8
hidden
100
AcDbCircle
 10
115.4938112659239
 20
103.1678082692882
 30
0.0
 40
0.6099999999999711
100
AcDbArc
 50
254.2170558618504
 51
320.0
  0
ARC
  5
620
330
567
100
AcDbEntity
  8
hidden
100
AcDbCircle
 10
110.4999999999829
 20
85.49999999993501
 30
0.0
 40
17.75000000006721
100
AcDbArc
 50
74.21703882411319
 51
75.78296060981965
  0
ARC
  5
621
330
567
100
AcDbEntity
  8
hidden
100
AcDbCircle
 10
115.0091367166492
 20
103.2976764233584
 30
0.0
 40
0.6100000000000267
100
AcDbArc
 50
190.000000000004
 51
255.7829606098202
  0
ARC
  5
622
330
567
100
AcDbEntity
  8
hidden
100
AcDbCircle
 10
110.5000000000386
 20
85.49999999993258
 30
0.0
 40
17.75000000007768
100
AcDbArc
 50
119.2170387602738
 51
120.7829606098174
  0
LINE
  5
623
330
567
100
AcDbEntity
  8
hidden
100
AcDbLine
 10
109.6962662418501
 20
103.6004886248359
 30
0.0
 11
109.4053089310616
 21
104.2244485913947
 31
0.0
  0
ARC
  5
624
330
567
100
AcDbEntity
  8
hidden
100
AcDbCircle
 10
107.311879200137
 20
103.7638299862182
 30
0.0
 40
0.6099999999999656
100
AcDbArc
 50
99.90174197608849
 51
170.0000000000018
  0
ARC
  5
625
330
567
100
AcDbEntity
  8
hidden
100
AcDbCircle
 10
105.5061887340761
 20
67.83219173071178
 30
0.0
 40
0.6099999999999536
100
AcDbArc
 50
74.21705586185132
 51
140.0000000000029
  0
ARC
  5
626
330
567
100
AcDbEntity
  8
hidden
100
AcDbCircle
 10
121.1601361968681
 20
70.33118012948195
 30
0.0
 40
0.6099999999999959
100
AcDbArc
 50
234.9999999999997
 51
305.0982732438689
  0
ARC
  5
627
330
567
100
AcDbEntity
  8
hidden
100
AcDbCircle
 10
118.3065152548647
 20
68.68364131045105
 30
0.0
 40
0.6100000000000249
100
AcDbArc
 50
294.901780763749
 51
5.000000000010863
  0
ARC
  5
628
330
567
100
AcDbEntity
  8
hidden
100
AcDbCircle
 10
105.5061887340761
 20
103.1678082692882
 30
0.0
 40
0.6099999999999561
100
AcDbArc
 50
219.999999999999
 51
285.7829606098239
  0
ARC
  5
629
330
567
100
AcDbEntity
  8
hidden
100
AcDbCircle
 10
110.5000000000717
 20
85.49999999987556
 30
0.0
 40
17.74999999985638
100
AcDbArc
 50
299.2170388241034
 51
300.7829616982055
  0
LINE
  5
62A
330
567
100
AcDbEntity
  8
hidden
100
AcDbLine
 10
118.9141940207007
 20
68.73680631352724
 30
0.0
 11
118.854190459981
 21
69.42265015090588
 31
0.0
  0
ARC
  5
62B
330
567
100
AcDbEntity
  8
hidden
100
AcDbCircle
 10
119.461869225817
 20
69.47581515398193
 30
0.0
 40
0.6100000000000421
100
AcDbArc
 50
119.2170558618561
 51
184.9999999999972
  0
ARC
  5
62C
330
567
100
AcDbEntity
  8
hidden
100
AcDbCircle
 10
119.8964165386807
 20
69.72670116203963
 30
0.0
 40
0.609999999999947
100
AcDbArc
 50
54.99999999999
 51
120.782928939834
  0
LINE
  5
62D
330
567
100
AcDbEntity
  8
hidden
100
AcDbLine
 10
120.2462981648549
 20
70.22638390905581
 30
0.0
 11
120.810254570694
 21
69.83149738246567
 31
0.0
  0
ARC
  5
62E
330
567
100
AcDbEntity
  8
hidden
100
AcDbCircle
 10
99.8398638031319
 20
100.668819870518
 30
0.0
 40
0.6100000000000309
100
AcDbArc
 50
55.00000000000203
 51
125.0982669035579
  0
ARC
  5
62F
330
567
100
AcDbEntity
  8
hidden
100
AcDbCircle
 10
124.7228803385334
 20
73.60709140387607
 30
0.0
 40
0.6100000000000323
100
AcDbArc
 50
250.0000000000012
 51
320.0982720725846
  0
ARC
  5
630
330
567
100
AcDbEntity
  8
hidden
100
AcDbCircle
 10
122.392908596124
 20
71.27711966146643
 30
0.0
 40
0.6099999999999897
100
AcDbArc
 50
309.901780763747
 51
20.00000000001199
  0
ARC
  5
631
330
567
100
AcDbEntity
  8
hidden
100
AcDbCircle
 10
110.5000000000552
 20
85.49999999994391
 30
0.0
 40
17.74999999992128
100
AcDbArc
 50
314.2170387913375
 51
315.7829616982042
  0
LINE
  5
632
330
567
100
AcDbEntity
  8
hidden
100
AcDbLine
 10
122.9661210948034
 20
71.4857519488952
 30
0.0
 11
122.730652658755
 21
72.1326961599322
 31
0.0
  0
ARC
  5
633
330
567
100
AcDbEntity
  8
hidden
100
AcDbCircle
 10
123.3038651574345
 20
72.34132844736084
 30
0.0
 40
0.6100000000000059
100
AcDbArc
 50
134.2170568154166
 51
199.9999999999984
  0
ARC
  5
634
330
567
100
AcDbEntity
  8
hidden
100
AcDbCircle
 10
123.658671552639
 20
72.69613484256556
 30
0.0
 40
0.6099999999999947
100
AcDbArc
 50
69.99999999999145
 51
135.7829289398304
  0
LINE
  5
635
330
567
100
AcDbEntity
  8
hidden
100
AcDbLine
 10
123.8673038400678
 20
73.26934734124492
 30
0.0
 11
124.5142480511048
 21
73.03387890519663
 31
0.0
  0
LINE
  5
636
330
567
100
AcDbEntity
  8
hidden
100
AcDbLine
 10
106.5915960126883
 20
67.80824896501848
 30
0.0
 11
106.7111464707996
 21
67.13024462540501
 31
0.0
  0
LINE
  5
637
330
567
100
AcDbEntity
  8
hidden
100
AcDbLine
 10
105.0389016237735
 20
102.7757078273795
 30
0.0
 11
104.5963657202084
 21
103.3031015803052
 31
0.0
  0
ARC
  5
638
330
567
100
AcDbEntity
  8
hidden
100
AcDbCircle
 10
102.6934847451353
 20
68.6836413104512
 30
0.0
 40
0.6100000000000319
100
AcDbArc
 50
175.0000000000026
 51
245.0982701450485
  0
ARC
  5
639
330
567
100
AcDbEntity
  8
hidden
100
AcDbCircle
 10
99.83986380313189
 20
70.33118012948202
 30
0.0
 40
0.6100000000000376
100
AcDbArc
 50
234.9017419760949
 51
304.9999999999972
  0
ARC
  5
63A
330
567
100
AcDbEntity
  8
hidden
100
AcDbCircle
 10
105.9908632833509
 20
103.2976764233583
 30
0.0
 40
0.6099999999999406
100
AcDbArc
 50
284.2170210609135
 51
350.0000000000039
  0
LINE
  5
63B
330
567
100
AcDbEntity
  8
hidden
100
AcDbLine
 10
102.145809540019
 20
69.4226501509059
 30
0.0
 11
102.0858059792993
 21
68.73680631352724
 31
0.0
  0
ARC
  5
63C
330
567
100
AcDbEntity
  8
hidden
100
AcDbCircle
 10
102.6934847451353
 20
102.3163586895488
 30
0.0
 40
0.6099999999999899
100
AcDbArc
 50
114.9017419760904
 51
185.0000000000017
  0
ARC
  5
63D
330
567
100
AcDbEntity
  8
hidden
100
AcDbCircle
 10
101.538130774183
 20
101.524184846018
 30
0.0
 40
0.610000000000024
100
AcDbArc
 50
299.2170577194425
 51
4.999999999999994
  0
ARC
  5
63E
330
567
100
AcDbEntity
  8
hidden
100
AcDbCircle
 10
101.1035834613192
 20
101.2732988379605
 30
0.0
 40
0.6099999999999796
100
AcDbArc
 50
235.0000000000019
 51
300.7829606098225
  0
LINE
  5
63F
330
567
100
AcDbEntity
  8
hidden
100
AcDbLine
 10
100.7537018351451
 20
100.7736160909442
 30
0.0
 11
100.189745429306
 21
101.1685026175343
 31
0.0
  0
ARC
  5
640
330
567
100
AcDbEntity
  8
hidden
100
AcDbCircle
 10
98.60709140387604
 20
71.27711966146656
 30
0.0
 40
0.6100000000000055
100
AcDbArc
 50
160.0000000000003
 51
230.0982701450513
  0
ARC
  5
641
330
567
100
AcDbEntity
  8
hidden
100
AcDbCircle
 10
104.1290786099058
 20
102.9110011383963
 30
0.0
 40
0.6100000000000527
100
AcDbArc
 50
40.00000000000355
 51
110.0982491442566
  0
ARC
  5
642
330
567
100
AcDbEntity
  8
hidden
100
AcDbCircle
 10
97.69613484256557
 20
72.34132844736085
 30
0.0
 40
0.6099999999999473
100
AcDbArc
 50
339.9999999999998
 51
45.78296060982517
  0
LINE
  5
643
330
567
100
AcDbEntity
  8
hidden
100
AcDbLine
 10
96.48575194889521
 20
73.03387890519664
 30
0.0
 11
97.1326961599322
 21
73.26934734124494
 31
0.0
  0
ARC
  5
644
330
567
100
AcDbEntity
  8
hidden
100
AcDbCircle
 10
107.3118792001371
 20
67.23617001378184
 30
0.0
 40
0.6100000000000054
100
AcDbArc
 50
190.0000000000004
 51
260.0982701450517
  0
ARC
  5
645
330
567
100
AcDbEntity
  8
hidden
100
AcDbCircle
 10
104.1290786099058
 20
68.08899886160357
 30
0.0
 40
0.6099999999999605
100
AcDbArc
 50
249.9017419760872
 51
320.000000000001
  0
ARC
  5
646
330
567
100
AcDbEntity
  8
hidden
100
AcDbCircle
 10
110.4999999999866
 20
85.49999999997678
 30
0.0
 40
17.7499999999732
100
AcDbArc
 50
239.2170388241081
 51
240.7829606098229
  0
ARC
  5
647
330
567
100
AcDbEntity
  8
hidden
100
AcDbCircle
 10
101.5381307741831
 20
69.47581515398197
 30
0.0
 40
0.6099999999999353
100
AcDbArc
 50
354.9999999999992
 51
60.78296060982546
  0
LINE
  5
648
330
567
100
AcDbEntity
  8
hidden
100
AcDbLine
 10
100.189745429306
 20
69.83149738246568
 30
0.0
 11
100.7537018351451
 21
70.22638390905583
 31
0.0
  0
ARC
  5
649
330
567
100
AcDbEntity
  8
hidden
100
AcDbCircle
 10
101.1035834613192
 20
69.72670116203948
 30
0.0
 40
0.6100000000000557
100
AcDbArc
 50
59.21705586185667
 51
124.9999999999965
  0
ARC
  5
64A
330
567
100
AcDbEntity
  8
hidden
100
AcDbCircle
 10
105.9908632833508
 20
67.7023235766417
 30
0.0
 40
0.6100000000000235
100
AcDbArc
 50
9.999999999994625
 51
75.78292893982962
  0
ARC
  5
64B
330
567
100
AcDbEntity
  8
hidden
100
AcDbCircle
 10
97.34132844736087
 20
72.69613484256557
 30
0.0
 40
0.6099999999999657
100
AcDbArc
 50
44.2170568154165
 51
110.0000000000023
  0
ARC
  5
64C
330
567
100
AcDbEntity
  8
hidden
100
AcDbCircle
 10
110.5000000000093
 20
85.50000000003567
 30
0.0
 40
17.75000000003687
100
AcDbArc
 50
254.2170388241117
 51
255.7829616981979
  0
ARC
  5
64D
330
567
100
AcDbEntity
  8
hidden
100
AcDbCircle
 10
110.5000000000031
 20
85.50000000000315
 30
0.0
 40
17.75000000000442
100
AcDbArc
 50
224.2170387913393
 51
225.7829606098217
  0
LINE
  5
64E
330
567
100
AcDbEntity
  8
hidden
100
AcDbLine
 10
98.26934734124492
 20
72.13269615993221
 30
0.0
 11
98.03387890519663
 21
71.48575194889521
 31
0.0
  0
LINE
  5
64F
330
567
100
AcDbEntity
  8
hidden
100
AcDbLine
 10
94.83149738246568
 20
95.81025457069396
 30
0.0
 11
95.22638390905581
 21
95.24629816485493
 31
0.0
  0
ARC
  5
650
330
567
100
AcDbEntity
  8
hidden
100
AcDbCircle
 10
93.68364131045105
 20
77.69348474513528
 30
0.0
 40
0.6100000000000342
100
AcDbArc
 50
204.901703188442
 51
275.0000000000121
  0
LINE
  5
651
330
567
100
AcDbEntity
  8
hidden
100
AcDbLine
 10
92.13024462540503
 20
81.7111464707996
 30
0.0
 11
92.80824896501846
 21
81.59159601268833
 31
0.0
  0
ARC
  5
652
330
567
100
AcDbEntity
  8
hidden
100
AcDbCircle
 10
95.33118012948196
 20
74.8398638031319
 30
0.0
 40
0.6100000000000075
100
AcDbArc
 50
145.0000000000005
 51
215.0982686140243
  0
ARC
  5
653
330
567
100
AcDbEntity
  8
hidden
100
AcDbCircle
 10
92.83219173071166
 20
90.49381126592385
 30
0.0
 40
0.6100000000000799
100
AcDbArc
 50
344.2170219649448
 51
49.99999999999714
  0
ARC
  5
654
330
567
100
AcDbEntity
  8
hidden
100
AcDbCircle
 10
92.70232357664166
 20
80.9908632833509
 30
0.0
 40
0.6099999999999782
100
AcDbArc
 50
14.21705681541707
 51
80.00000000000182
  0
ARC
  5
655
330
567
100
AcDbEntity
  8
hidden
100
AcDbCircle
 10
93.08899886160353
 20
91.8709213900943
 30
0.0
 40
0.610000000000025
100
AcDbArc
 50
159.9017031884407
 51
230.0000000000128
  0
ARC
  5
656
330
567
100
AcDbEntity
  8
hidden
100
AcDbCircle
 10
93.68364131045121
 20
93.30651525486469
 30
0.0
 40
0.6100000000000602
100
AcDbArc
 50
85.00000000000291
 51
155.0982686140204
  0
ARC
  5
657
330
567
100
AcDbEntity
  8
hidden
100
AcDbCircle
 10
95.33118012948187
 20
96.16013619686821
 30
0.0
 40
0.6099999999999856
100
AcDbArc
 50
144.9017031884389
 51
215.0000000000144
  0
LINE
  5
658
330
567
100
AcDbEntity
  8
hidden
100
AcDbLine
 10
92.69689841969483
 20
91.40363427979162
 30
0.0
 11
93.22429217262052
 21
90.96109837622647
 31
0.0
  0
ARC
  5
659
330
567
100
AcDbEntity
  8
hidden
100
AcDbCircle
 10
92.033348548267
 20
87.14753881903083
 30
0.0
 40
0.6099999999999659
100
AcDbArc
 50
174.9017031884385
 51
245.0000000000144
  0
LINE
  5
65A
330
567
100
AcDbEntity
  8
hidden
100
AcDbLine
 10
94.42265015090588
 20
93.85419045998097
 30
0.0
 11
93.73680631352725
 21
93.91419402070072
 31
0.0
  0
ARC
  5
65B
330
567
100
AcDbEntity
  8
hidden
100
AcDbCircle
 10
94.47581515398204
 20
94.46186922581691
 30
0.0
 40
0.6099999999999851
100
AcDbArc
 50
264.9999999999915
 51
330.7829289398319
  0
ARC
  5
65C
330
567
100
AcDbEntity
  8
hidden
100
AcDbCircle
 10
110.4999999999286
 20
85.50000000004151
 30
0.0
 40
17.74999999991746
100
AcDbArc
 50
149.2170399890147
 51
150.7829616982033
  0
ARC
  5
65D
330
567
100
AcDbEntity
  8
hidden
100
AcDbCircle
 10
94.72670116203959
 20
94.8964165386808
 30
0.0
 40
0.6099999999999542
100
AcDbArc
 50
329.2170219649366
 51
35.00000000000334
  0
ARC
  5
65E
330
567
100
AcDbEntity
  8
hidden
100
AcDbCircle
 10
96.27711966146657
 20
73.6070914038761
 30
0.0
 40
0.6100000000000383
100
AcDbArc
 50
219.9017419760918
 51
289.9999999999971
  0
ARC
  5
65F
330
567
100
AcDbEntity
  8
hidden
100
AcDbCircle
 10
92.23617001378184
 20
88.68812079986293
 30
0.0
 40
0.6100000000000194
100
AcDbArc
 50
100.0000000000001
 51
170.0982686140222
  0
ARC
  5
660
330
567
100
AcDbEntity
  8
hidden
100
AcDbCircle
 10
92.7023235766416
 20
90.00913671664914
 30
0.0
 40
0.6100000000000267
100
AcDbArc
 50
280.000000000004
 51
345.7829606098198
  0
LINE
  5
661
330
567
100
AcDbEntity
  8
hidden
100
AcDbLine
 10
92.80824896501848
 20
89.40840398731167
 30
0.0
 11
92.13024462540501
 21
89.2888535292004
 31
0.0
  0
ARC
  5
662
330
567
100
AcDbEntity
  8
hidden
100
AcDbCircle
 10
110.5000000000057
 20
85.4999999999983
 30
0.0
 40
17.75000000000598
100
AcDbArc
 50
164.2170399890172
 51
165.782960609821
  0
ARC
  5
663
330
567
100
AcDbEntity
  8
hidden
100
AcDbCircle
 10
96.27711966146656
 20
97.3929085961239
 30
0.0
 40
0.6100000000000456
100
AcDbArc
 50
70.0000000000017
 51
140.0982686140206
  0
ARC
  5
664
330
567
100
AcDbEntity
  8
hidden
100
AcDbCircle
 10
110.4999999999741
 20
85.49999999999329
 30
0.0
 40
17.74999999997326
100
AcDbArc
 50
194.2170387913385
 51
195.7829606098237
  0
LINE
  5
665
330
567
100
AcDbEntity
  8
hidden
100
AcDbLine
 10
93.73680631352725
 20
77.0858059792993
 30
0.0
 11
94.42265015090588
 21
77.14580954001903
 31
0.0
  0
LINE
  5
666
330
567
100
AcDbEntity
  8
hidden
100
AcDbLine
 10
91.77555140860532
 20
86.59469106893843
 30
0.0
 11
92.3995113751641
 21
86.30373375814995
 31
0.0
  0
ARC
  5
667
330
567
100
AcDbEntity
  8
hidden
100
AcDbCircle
 10
93.08899886160367
 20
79.12907860990579
 30
0.0
 40
0.6100000000000527
100
AcDbArc
 50
130.0000000000036
 51
200.0982686140218
  0
ARC
  5
668
330
567
100
AcDbEntity
  8
hidden
100
AcDbCircle
 10
92.03334854826714
 20
83.85246118096921
 30
0.0
 40
0.6099999999999944
100
AcDbArc
 50
114.9999999999993
 51
185.0982686140236
  0
ARC
  5
669
330
567
100
AcDbEntity
  8
hidden
100
AcDbCircle
 10
94.47581515398198
 20
76.53813077418312
 30
0.0
 40
0.6099999999999483
100
AcDbArc
 50
29.21705681541563
 51
95.00000000000335
  0
ARC
  5
66A
330
567
100
AcDbEntity
  8
hidden
100
AcDbCircle
 10
110.4999999999239
 20
85.49999999995599
 30
0.0
 40
17.74999999991207
100
AcDbArc
 50
209.217038791335
 51
210.7829606098255
  0
ARC
  5
66B
330
567
100
AcDbEntity
  8
hidden
100
AcDbCircle
 10
94.72670116203953
 20
76.10358346131919
 30
0.0
 40
0.6099999999999796
100
AcDbArc
 50
325.0000000000019
 51
30.78296060982243
  0
LINE
  5
66C
330
567
100
AcDbEntity
  8
hidden
100
AcDbLine
 10
95.22638390905581
 20
75.75370183514508
 30
0.0
 11
94.83149738246567
 21
75.18974542930604
 31
0.0
  0
ARC
  5
66D
330
567
100
AcDbEntity
  8
hidden
100
AcDbCircle
 10
110.5000000000024
 20
85.50000000000026
 30
0.0
 40
17.75000000000243
100
AcDbArc
 50
179.2170399890184
 51
180.7829606098225
  0
ARC
  5
66E
330
567
100
AcDbEntity
  8
hidden
100
AcDbCircle
 10
92.14171423550228
 20
85.75088600805759
 30
0.0
 40
0.6099999999999927
100
AcDbArc
 50
359.2170219649387
 51
65.00000000000064
  0
LINE
  5
66F
330
567
100
AcDbEntity
  8
hidden
100
AcDbLine
 10
93.22429217262052
 20
80.03890162377354
 30
0.0
 11
92.69689841969482
 21
79.59636572020838
 31
0.0
  0
ARC
  5
670
330
567
100
AcDbEntity
  8
hidden
100
AcDbCircle
 10
92.23617001378175
 20
82.31187920013713
 30
0.0
 40
0.6100000000000457
100
AcDbArc
 50
189.9017031884439
 51
260.0000000000113
  0
ARC
  5
671
330
567
100
AcDbEntity
  8
hidden
100
AcDbCircle
 10
92.83219173071171
 20
80.5061887340761
 30
0.0
 40
0.6100000000000035
100
AcDbArc
 50
310.0000000000022
 51
15.7829606098225
  0
ARC
  5
672
330
567
100
AcDbEntity
  8
hidden
100
AcDbCircle
 10
92.14171423550223
 20
85.24911399194242
 30
0.0
 40
0.6100000000000184
100
AcDbArc
 50
295.0000000000042
 51
0.7829606098217434
  0
LINE
  5
673
330
567
100
AcDbEntity
  8
hidden
100
AcDbLine
 10
92.39951137516411
 20
84.69626624185007
 30
0.0
 11
91.77555140860532
 21
84.40530893106157
 31
0.0
  0
LINE
  5
674
330
567
100
AcDbEntity
  8
AM_5
  6
Dashed
100
AcDbLine
 10
113.8301270189222
 20
81.26794919243112
 30
0.0
 11
115.8301270189222
 21
84.73205080756888
 31
0.0
  0
CIRCLE
  5
675
330
567
100
AcDbEntity
  8
hidden
100
AcDbCircle
 10
110.4999999999994
 20
85.49999999999996
 30
0.0
 40
19.14999999999953
  0
LINE
  5
676
330
567
100
AcDbEntity
  8
center
100
AcDbLine
 10
86.87499999999999
 20
85.5
 30
0.0
 11
134.125
 21
85.5
 31
0.0
  0
LINE
  5
677
330
567
100
AcDbEntity
  8
center
100
AcDbLine
 10
110.5
 20
61.87499999999999
 30
0.0
 11
110.5
 21
109.125
 31
0.0
  0
LINE
  5
678
330
567
100
AcDbEntity
  8
center
100
AcDbLine
 10
109.0021181758764
 20
86.36480247437201
 30
0.0
 11
128.5822683065956
 21
75.060197525628
 31
0.0
  0
CIRCLE
  5
679
330
567
100
AcDbEntity
  8
vis
100
AcDbCircle
 10
110.5
 20
85.5
 30
0.0
 40
18.93935600386025
  0
CIRCLE
  5
67A
330
567
100
AcDbEntity
  8
vis
100
AcDbCircle
 10
110.5
 20
85.5
 30
0.0
 40
22.08588952783607
  0
CIRCLE
  5
67B
330
567
100
AcDbEntity
  8
vis
100
AcDbCircle
 10
110.5
 20
85.5
 30
0.0
 40
22.50000000000019
  0
ARC
  5
67C
330
567
100
AcDbEntity
  8
vis
100
AcDbCircle
 10
110.5
 20
85.5
 30
0.0
 40
4.999999999999996
100
AcDbArc
 50
113.5781784782018
 51
66.42182152179815
  0
LINE
  5
67D
330
567
100
AcDbEntity
  8
vis
100
AcDbLine
 10
112.5
 20
92.0
 30
0.0
 11
108.5
 21
92.0
 31
0.0
  0
LINE
  5
67E
330
567
100
AcDbEntity
  8
vis
100
AcDbLine
 10
112.5
 20
90.08257569495584
 30
0.0
 11
112.5
 21
92.0
 31
0.0
  0
LINE
  5
67F
330
567
100
AcDbEntity
  8
vis
100
AcDbLine
 10
108.5
 20
92.0
 30
0.0
 11
108.5
 21
90.08257569495584
 31
0.0
  0
CIRCLE
  5
680
330
567
100
AcDbEntity
  8
vis
100
AcDbCircle
 10
110.5
 20
85.5
 30
0.0
 40
15.00000000000012
  0
ENDBLK
  5
56A
330
567
100
AcDbEntity
  8
0
100
AcDbBlockEnd
  0
BLOCK
  5
683
330
681
100
AcDbEntity
  8
0
100
AcDbBlockBegin
  2
13_SET_SCREW4_3_1_0_in_MTP24XL037_A_C10_900
 70
     2
 10
0.0
 20
0.0
 30
0.0
  3
13_SET_SCREW4_3_1_0_in_MTP24XL037_A_C10_900
  1

  0
ATTDEF
  5
685
330
681
100
AcDbEntity
  8
attrib
100
AcDbText
 10
161.5
 20
84.3566498412362
 30
0.0
 40
0.5
  1
SET-SCREW4-3
100
AcDbAttributeDefinition
  3

  2
NB
 70
     8
280
     0
  0
ATTDEF
  5
686
330
681
100
AcDbEntity
  8
attrib
100
AcDbText
 10
161.5
 20
83.8566498412362
 30
0.0
 40
0.5
  1
SET-SCREW
100
AcDbAttributeDefinition
  3

  2
NN
 70
     8
280
     0
  0
ATTDEF
  5
687
330
681
100
AcDbEntity
  8
attrib
100
AcDbText
 10
161.5
 20
83.3566498412362
 30
0.0
 40
0.5
  1
Set Screw - Flat End
100
AcDbAttributeDefinition
  3

  2
NT
 70
     8
280
     0
  0
ATTDEF
  5
688
330
681
100
AcDbEntity
  8
attrib
100
AcDbText
 10
161.5
 20
82.8566498412362
 30
0.0
 40
0.5
  1
$PN.
100
AcDbAttributeDefinition
  3

  2
NBSYN
 70
     8
280
     0
  0
ATTDEF
  5
689
330
681
100
AcDbEntity
  8
attrib
100
AcDbText
 10
161.5
 20
82.3566498412362
 30
0.0
 40
0.5
  1
SET-SCREW4-3
100
AcDbAttributeDefinition
  3

  2
LINA
 70
     8
280
     0
  0
ATTDEF
  5
68A
330
681
100
AcDbEntity
  8
attrib
100
AcDbText
 10
161.5
 20
81.8566498412362
 30
0.0
 40
0.5
  1
Misumi
100
AcDbAttributeDefinition
  3

  2
CATALOG
 70
     8
280
     0
  0
ATTDEF
  5
68B
330
681
100
AcDbEntity
  8
attrib
100
AcDbText
 10
161.5
 20
81.3566498412362
 30
0.0
 40
0.5
  1
SET-SCREW4-3
100
AcDbAttributeDefinition
  3

  2
PN
 70
     8
280
     0
  0
ATTDEF
  5
68C
330
681
100
AcDbEntity
  8
attrib
100
AcDbText
 10
161.5
 20
80.8566498412362
 30
0.0
 40
0.5
  1
4.0
100
AcDbAttributeDefinition
  3

  2
M
 70
     8
280
     0
  0
ATTDEF
  5
68D
330
681
100
AcDbEntity
  8
attrib
100
AcDbText
 10
161.5
 20
80.3566498412362
 30
0.0
 40
0.5
  1
0.70
100
AcDbAttributeDefinition
  3

  2
P
 70
     8
280
     0
  0
ATTDEF
  5
68E
330
681
100
AcDbEntity
  8
attrib
100
AcDbText
 10
161.5
 20
79.8566498412362
 30
0.0
 40
0.5
  1
3
100
AcDbAttributeDefinition
  3

  2
L
 70
     8
280
     0
  0
ATTDEF
  5
68F
330
681
100
AcDbEntity
  8
attrib
100
AcDbText
 10
161.5
 20
79.3566498412362
 30
0.0
 40
0.5
  1
2.0
100
AcDbAttributeDefinition
  3

  2
B
 70
     8
280
     0
  0
ATTDEF
  5
690
330
681
100
AcDbEntity
  8
attrib
100
AcDbText
 10
161.5
 20
78.8566498412362
 30
0.0
 40
0.5
  1
1.5
100
AcDbAttributeDefinition
  3

  2
C
 70
     8
280
     0
  0
ATTDEF
  5
691
330
681
100
AcDbEntity
  8
attrib
100
AcDbText
 10
161.5
 20
78.3566498412362
 30
0.0
 40
0.5
  1
2.5
100
AcDbAttributeDefinition
  3

  2
DD
 70
     8
280
     0
  0
ATTDEF
  5
692
330
681
100
AcDbEntity
  8
attrib
100
AcDbText
 10
161.5
 20
77.8566498412362
 30
0.0
 40
0.5
  1
misumi
100
AcDbAttributeDefinition
  3

  2
COMPANY
 70
     8
280
     0
  0
ATTDEF
  5
693
330
681
100
AcDbEntity
  8
attrib
100
AcDbText
 10
161.5
 20
77.3566498412362
 30
0.0
 40
0.5
  1
1
100
AcDbAttributeDefinition
  3

  2
ExcludeFromBOM
 70
     8
280
     0
  0
ATTDEF
  5
694
330
681
100
AcDbEntity
  8
attrib
100
AcDbText
 10
161.5
 20
76.8566498412362
 30
0.0
 40
0.5
  1
{$CADENAS_DATA/23d-libs/misumi/metric/accessories/set_screw.prj},169 {VTYP=3D},{NB=SET-SCREW4-3},{LINA=SET-SCREW4-3},{NN=SET-SCREW},{DATE=29.11.2024 04:47:07},{GEOMDATE=11.12.2013 00:00:00},{VERSION=},{LINEID=90},{WBVAR=L},{WBNUMERIC=L}  {NB=SET-SCR
100
AcDbAttributeDefinition
  3

  2
PSOL_0
 70
     9
280
     0
  0
ATTDEF
  5
695
330
681
100
AcDbEntity
  8
attrib
100
AcDbText
 10
161.5
 20
76.3566498412362
 30
0.0
 40
0.5
  1
,{LINA=SET-SCREW4-3},{KT=DUMMY},{PN=SET-SCREW4-3},{TYPE=SET-SCREW},{M=4.0},{P=0.70},{L=3},{LMIN=2.1},{LALG=[2.1:42/0.1]},{B=2.0},{C=1.5},{DD=2.5}
100
AcDbAttributeDefinition
  3

  2
PSOL_1
 70
     9
280
     0
  0
ELLIPSE
  5
696
330
681
100
AcDbEntity
  8
hidden
100
AcDbEllipse
 10
154.5
 20
83.0
 30
0.0
 11
-1.25000000000001
 21
1.530808498934204E-16
 31
0.0
210
0.0
220
0.0
230
1.0
 40
0.8660254037844387
 41
0.0
 42
6.283185307179586
  0
LINE
  5
697
330
681
100
AcDbEntity
  8
hidden
100
AcDbLine
 10
153.9226497308104
 20
83.11602540378443
 30
0.0
 11
153.3452994616208
 21
82.25
 31
0.0
  0
LINE
  5
698
330
681
100
AcDbEntity
  8
hidden
100
AcDbLine
 10
155.6547005383792
 20
82.25
 30
0.0
 11
155.0773502691896
 21
83.11602540378443
 31
0.0
  0
ELLIPSE
  5
699
330
681
100
AcDbEntity
  8
hidden
100
AcDbEllipse
 10
154.5
 20
82.25
 30
0.0
 11
1.000000000000013
 21
1.421085471520219E-14
 31
0.0
210
0.0
220
0.0
230
1.0
 40
0.8660254037844398
 41
1.570796326794884
 42
4.712388980384677
  0
ELLIPSE
  5
69A
330
681
100
AcDbEntity
  8
hidden
100
AcDbEllipse
 10
154.5
 20
82.25
 30
0.0
 11
1.00000000000001
 21
0.0
 31
0.0
210
0.0
220
0.0
230
1.0
 40
0.8660254037844385
 41
4.71238898038469
 42
7.853981633974483
  0
LINE
  5
69B
330
681
100
AcDbEntity
  8
hidden
100
AcDbLine
 10
155.0773502691896
 20
83.11602540378443
 30
0.0
 11
153.9226497308104
 21
83.11602540378443
 31
0.0
  0
LINE
  5
69C
330
681
100
AcDbEntity
  8
hidden
100
AcDbLine
 10
153.9226497308104
 20
81.38397459621557
 30
0.0
 11
155.0773502691896
 21
81.38397459621557
 31
0.0
  0
LINE
  5
69D
330
681
100
AcDbEntity
  8
hidden
100
AcDbLine
 10
153.3452994616208
 20
82.25
 30
0.0
 11
153.3452994616208
 21
81.5
 31
0.0
  0
LINE
  5
69E
330
681
100
AcDbEntity
  8
hidden
100
AcDbLine
 10
153.9226497308104
 20
81.38397459621557
 30
0.0
 11
153.9226497308104
 21
80.63397459621557
 31
0.0
  0
LINE
  5
69F
330
681
100
AcDbEntity
  8
hidden
100
AcDbLine
 10
153.3452994616208
 20
82.25
 30
0.0
 11
153.9226497308104
 21
81.38397459621557
 31
0.0
  0
LINE
  5
6A0
330
681
100
AcDbEntity
  8
hidden
100
AcDbLine
 10
155.6547005383792
 20
82.25
 30
0.0
 11
155.6547005383792
 21
81.5
 31
0.0
  0
LINE
  5
6A1
330
681
100
AcDbEntity
  8
hidden
100
AcDbLine
 10
155.0773502691896
 20
81.38397459621557
 30
0.0
 11
155.6547005383792
 21
82.25
 31
0.0
  0
LINE
  5
6A2
330
681
100
AcDbEntity
  8
hidden
100
AcDbLine
 10
155.0773502691896
 20
81.38397459621557
 30
0.0
 11
155.0773502691896
 21
80.63397459621557
 31
0.0
  0
LINE
  5
6A3
330
681
100
AcDbEntity
  8
hidden
100
AcDbLine
 10
155.0773502691896
 20
83.11602540378443
 30
0.0
 11
155.0773502691896
 21
82.36602540378443
 31
0.0
  0
LINE
  5
6A4
330
681
100
AcDbEntity
  8
hidden
100
AcDbLine
 10
153.9226497308104
 20
83.11602540378443
 30
0.0
 11
153.9226497308104
 21
82.36602540378443
 31
0.0
  0
LINE
  5
6A5
330
681
100
AcDbEntity
  8
hidden
100
AcDbLine
 10
156.5
 20
81.71475
 30
0.0
 11
156.5
 21
82.625
 31
0.0
  0
LINE
  5
6A6
330
681
100
AcDbEntity
  8
hidden
100
AcDbLine
 10
152.5
 20
82.625
 30
0.0
 11
152.5
 21
81.71475
 31
0.0
  0
LINE
  5
6A7
330
681
100
AcDbEntity
  8
hidden
100
AcDbLine
 10
155.6547005383792
 20
81.5
 30
0.0
 11
155.0773502691896
 21
82.36602540378443
 31
0.0
  0
LINE
  5
6A8
330
681
100
AcDbEntity
  8
hidden
100
AcDbLine
 10
155.0773502691896
 20
80.63397459621557
 30
0.0
 11
155.6547005383792
 21
81.5
 31
0.0
  0
LINE
  5
6A9
330
681
100
AcDbEntity
  8
hidden
100
AcDbLine
 10
153.9226497308104
 20
80.63397459621557
 30
0.0
 11
155.0773502691896
 21
80.63397459621557
 31
0.0
  0
LINE
  5
6AA
330
681
100
AcDbEntity
  8
hidden
100
AcDbLine
 10
153.3452994616208
 20
81.5
 30
0.0
 11
153.9226497308104
 21
80.63397459621557
 31
0.0
  0
LINE
  5
6AB
330
681
100
AcDbEntity
  8
hidden
100
AcDbLine
 10
153.9226497308104
 20
82.36602540378443
 30
0.0
 11
153.3452994616208
 21
81.5
 31
0.0
  0
LINE
  5
6AC
330
681
100
AcDbEntity
  8
hidden
100
AcDbLine
 10
153.9226497308104
 20
82.36602540378443
 30
0.0
 11
155.0773502691896
 21
82.36602540378443
 31
0.0
  0
ELLIPSE
  5
6AD
330
681
100
AcDbEntity
  8
hidden
100
AcDbEllipse
 10
154.5
 20
81.5
 30
0.0
 11
-1.570500000000012
 21
1.923307798060933E-16
 31
0.0
210
0.0
220
0.0
230
1.0
 40
0.8660254037844388
 41
0.0
 42
6.283185307179586
  0
ELLIPSE
  5
6AE
330
681
100
AcDbEntity
  8
hidden
100
AcDbEllipse
 10
154.5
 20
82.625
 30
0.0
 11
2.000000000000015
 21
0.0
 31
0.0
210
0.0
220
0.0
230
1.0
 40
0.8660254037844388
 41
0.0
 42
6.283185307179586
  0
ELLIPSE
  5
6AF
330
681
100
AcDbEntity
  8
hidden
100
AcDbEllipse
 10
154.5
 20
81.71475000000001
 30
0.0
 11
2.000000000000017
 21
-1.470071343486107E-14
 31
0.0
210
0.0
220
0.0
230
1.0
 40
0.8660254037844388
 41
0.0
 42
6.283185307179586
  0
ENDBLK
  5
684
330
681
100
AcDbEntity
  8
0
100
AcDbBlockEnd
  0
BLOCK
  5
6B2
330
6B0
100
AcDbEntity
  8
0
100
AcDbBlockBegin
  2
14_SET_SCREW4_3_2_0_in_MTP24XL037_A_C10_900
 70
     2
 10
0.0
 20
0.0
 30
0.0
  3
14_SET_SCREW4_3_2_0_in_MTP24XL037_A_C10_900
  1

  0
ATTDEF
  5
6B4
330
6B0
100
AcDbEntity
  8
attrib
100
AcDbText
 10
161.5
 20
95.0
 30
0.0
 40
0.5
  1
SET-SCREW4-3
100
AcDbAttributeDefinition
  3

  2
NB
 70
     8
280
     0
  0
ATTDEF
  5
6B5
330
6B0
100
AcDbEntity
  8
attrib
100
AcDbText
 10
161.5
 20
94.5
 30
0.0
 40
0.5
  1
SET-SCREW
100
AcDbAttributeDefinition
  3

  2
NN
 70
     8
280
     0
  0
ATTDEF
  5
6B6
330
6B0
100
AcDbEntity
  8
attrib
100
AcDbText
 10
161.5
 20
94.0
 30
0.0
 40
0.5
  1
Set Screw - Flat End
100
AcDbAttributeDefinition
  3

  2
NT
 70
     8
280
     0
  0
ATTDEF
  5
6B7
330
6B0
100
AcDbEntity
  8
attrib
100
AcDbText
 10
161.5
 20
93.5
 30
0.0
 40
0.5
  1
$PN.
100
AcDbAttributeDefinition
  3

  2
NBSYN
 70
     8
280
     0
  0
ATTDEF
  5
6B8
330
6B0
100
AcDbEntity
  8
attrib
100
AcDbText
 10
161.5
 20
93.0
 30
0.0
 40
0.5
  1
SET-SCREW4-3
100
AcDbAttributeDefinition
  3

  2
LINA
 70
     8
280
     0
  0
ATTDEF
  5
6B9
330
6B0
100
AcDbEntity
  8
attrib
100
AcDbText
 10
161.5
 20
92.5
 30
0.0
 40
0.5
  1
Misumi
100
AcDbAttributeDefinition
  3

  2
CATALOG
 70
     8
280
     0
  0
ATTDEF
  5
6BA
330
6B0
100
AcDbEntity
  8
attrib
100
AcDbText
 10
161.5
 20
92.0
 30
0.0
 40
0.5
  1
SET-SCREW4-3
100
AcDbAttributeDefinition
  3

  2
PN
 70
     8
280
     0
  0
ATTDEF
  5
6BB
330
6B0
100
AcDbEntity
  8
attrib
100
AcDbText
 10
161.5
 20
91.5
 30
0.0
 40
0.5
  1
4.0
100
AcDbAttributeDefinition
  3

  2
M
 70
     8
280
     0
  0
ATTDEF
  5
6BC
330
6B0
100
AcDbEntity
  8
attrib
100
AcDbText
 10
161.5
 20
91.0
 30
0.0
 40
0.5
  1
0.70
100
AcDbAttributeDefinition
  3

  2
P
 70
     8
280
     0
  0
ATTDEF
  5
6BD
330
6B0
100
AcDbEntity
  8
attrib
100
AcDbText
 10
161.5
 20
90.5
 30
0.0
 40
0.5
  1
3
100
AcDbAttributeDefinition
  3

  2
L
 70
     8
280
     0
  0
ATTDEF
  5
6BE
330
6B0
100
AcDbEntity
  8
attrib
100
AcDbText
 10
161.5
 20
90.0
 30
0.0
 40
0.5
  1
2.0
100
AcDbAttributeDefinition
  3

  2
B
 70
     8
280
     0
  0
ATTDEF
  5
6BF
330
6B0
100
AcDbEntity
  8
attrib
100
AcDbText
 10
161.5
 20
89.5
 30
0.0
 40
0.5
  1
1.5
100
AcDbAttributeDefinition
  3

  2
C
 70
     8
280
     0
  0
ATTDEF
  5
6C0
330
6B0
100
AcDbEntity
  8
attrib
100
AcDbText
 10
161.5
 20
89.0
 30
0.0
 40
0.5
  1
2.5
100
AcDbAttributeDefinition
  3

  2
DD
 70
     8
280
     0
  0
ATTDEF
  5
6C1
330
6B0
100
AcDbEntity
  8
attrib
100
AcDbText
 10
161.5
 20
88.5
 30
0.0
 40
0.5
  1
misumi
100
AcDbAttributeDefinition
  3

  2
COMPANY
 70
     8
280
     0
  0
ATTDEF
  5
6C2
330
6B0
100
AcDbEntity
  8
attrib
100
AcDbText
 10
161.5
 20
88.0
 30
0.0
 40
0.5
  1
1
100
AcDbAttributeDefinition
  3

  2
ExcludeFromBOM
 70
     8
280
     0
  0
ATTDEF
  5
6C3
330
6B0
100
AcDbEntity
  8
attrib
100
AcDbText
 10
161.5
 20
87.5
 30
0.0
 40
0.5
  1
{$CADENAS_DATA/23d-libs/misumi/metric/accessories/set_screw.prj},169 {VTYP=3D},{NB=SET-SCREW4-3},{LINA=SET-SCREW4-3},{NN=SET-SCREW},{DATE=29.11.2024 04:47:07},{GEOMDATE=11.12.2013 00:00:00},{VERSION=},{LINEID=90},{WBVAR=L},{WBNUMERIC=L}  {NB=SET-SCR
100
AcDbAttributeDefinition
  3

  2
PSOL_0
 70
     9
280
     0
  0
ATTDEF
  5
6C4
330
6B0
100
AcDbEntity
  8
attrib
100
AcDbText
 10
161.5
 20
87.0
 30
0.0
 40
0.5
  1
,{LINA=SET-SCREW4-3},{KT=DUMMY},{PN=SET-SCREW4-3},{TYPE=SET-SCREW},{M=4.0},{P=0.70},{L=3},{LMIN=2.1},{LALG=[2.1:42/0.1]},{B=2.0},{C=1.5},{DD=2.5}
100
AcDbAttributeDefinition
  3

  2
PSOL_1
 70
     9
280
     0
  0
LINE
  5
6C5
330
6B0
100
AcDbEntity
  8
hidden
100
AcDbLine
 10
153.3452994616208
 20
93.5
 30
0.0
 11
153.3452994616208
 21
95.0
 31
0.0
  0
LINE
  5
6C6
330
6B0
100
AcDbEntity
  8
hidden
100
AcDbLine
 10
155.6547005383792
 20
93.5
 30
0.0
 11
155.6547005383792
 21
95.0
 31
0.0
  0
LINE
  5
6C7
330
6B0
100
AcDbEntity
  8
hidden
100
AcDbLine
 10
153.3452994616208
 20
93.5
 30
0.0
 11
155.6547005383792
 21
93.5
 31
0.0
  0
LINE
  5
6C8
330
6B0
100
AcDbEntity
  8
hidden
100
AcDbLine
 10
155.0773502691896
 20
93.5
 30
0.0
 11
155.0773502691896
 21
95.0
 31
0.0
  0
LINE
  5
6C9
330
6B0
100
AcDbEntity
  8
hidden
100
AcDbLine
 10
153.9226497308104
 20
93.5
 30
0.0
 11
153.9226497308104
 21
95.0
 31
0.0
  0
LINE
  5
6CA
330
6B0
100
AcDbEntity
  8
hidden
100
AcDbLine
 10
154.5
 20
92.92264973081038
 30
0.0
 11
155.5
 21
93.5
 31
0.0
  0
LINE
  5
6CB
330
6B0
100
AcDbEntity
  8
hidden
100
AcDbLine
 10
153.5
 20
93.5
 30
0.0
 11
154.5
 21
92.92264973081038
 31
0.0
  0
LINE
  5
6CC
330
6B0
100
AcDbEntity
  8
hidden
100
AcDbLine
 10
152.9295
 20
95.0
 30
0.0
 11
152.5
 21
94.5705
 31
0.0
  0
LINE
  5
6CD
330
6B0
100
AcDbEntity
  8
hidden
100
AcDbLine
 10
156.5
 20
94.5705
 30
0.0
 11
156.0705
 21
95.0
 31
0.0
  0
LINE
  5
6CE
330
6B0
100
AcDbEntity
  8
hidden
100
AcDbLine
 10
156.0705
 20
95.0
 30
0.0
 11
152.9295
 21
95.0
 31
0.0
  0
LINE
  5
6CF
330
6B0
100
AcDbEntity
  8
hidden
100
AcDbLine
 10
155.75
 20
92.0
 30
0.0
 11
156.5
 21
92.75
 31
0.0
  0
LINE
  5
6D0
330
6B0
100
AcDbEntity
  8
hidden
100
AcDbLine
 10
152.5
 20
92.75
 30
0.0
 11
153.25
 21
92.0
 31
0.0
  0
LINE
  5
6D1
330
6B0
100
AcDbEntity
  8
hidden
100
AcDbLine
 10
152.5
 20
94.5705
 30
0.0
 11
152.5
 21
92.75
 31
0.0
  0
LINE
  5
6D2
330
6B0
100
AcDbEntity
  8
hidden
100
AcDbLine
 10
156.5
 20
92.75
 30
0.0
 11
156.5
 21
94.5705
 31
0.0
  0
LINE
  5
6D3
330
6B0
100
AcDbEntity
  8
hidden
100
AcDbLine
 10
156.5
 20
92.75
 30
0.0
 11
152.5
 21
92.75
 31
0.0
  0
LINE
  5
6D4
330
6B0
100
AcDbEntity
  8
hidden
100
AcDbLine
 10
156.5
 20
94.5705
 30
0.0
 11
152.5
 21
94.5705
 31
0.0
  0
LINE
  5
6D5
330
6B0
100
AcDbEntity
  8
AM_5
  6
Dashed
100
AcDbLine
 10
156.0705
 20
95.0
 30
0.0
 11
156.0705
 21
92.3205
 31
0.0
  0
LINE
  5
6D6
330
6B0
100
AcDbEntity
  8
AM_5
  6
Dashed
100
AcDbLine
 10
152.9295
 20
95.0
 30
0.0
 11
152.9295
 21
92.3205
 31
0.0
  0
LINE
  5
6D7
330
6B0
100
AcDbEntity
  8
AM_5
  6
Dashed
100
AcDbLine
 10
152.5
 20
92.0
 30
0.0
 11
156.5
 21
92.0
 31
0.0
  0
ENDBLK
  5
6B3
330
6B0
100
AcDbEntity
  8
0
100
AcDbBlockEnd
  0
BLOCK
  5
6DA
330
6D8
100
AcDbEntity
  8
0
100
AcDbBlockBegin
  2
15_MTP24XL037_A_C10_b_0_in_MTP24XL037_A_C10_900
 70
     2
 10
0.0
 20
0.0
 30
0.0
  3
15_MTP24XL037_A_C10_b_0_in_MTP24XL037_A_C10_900
  1

  0
ATTDEF
  5
6DC
330
6D8
100
AcDbEntity
  8
attrib
100
AcDbText
 10
168.3
 20
108.0
 30
0.0
 40
0.5
  1
MTP24XL037-A-C10_b
100
AcDbAttributeDefinition
  3

  2
NB
 70
     8
280
     0
  0
ATTDEF
  5
6DD
330
6D8
100
AcDbEntity
  8
attrib
100
AcDbText
 10
168.3
 20
107.5
 30
0.0
 40
0.5
  1
ATP__XL025, ATP__XL031, ATP__ XL037, ATP__XL050, BTP__XL025, BTP__XL031, BTP__XL037, BTP__XL050, KTP__XL025, KTP__XL031, KTP__ XL037, KTP__XL050, NTP__XL025, NTP__XL031, NTP__ XL037, NTP__XL050, MTP__XL025, MTP__ XL037, MTP__XL050, MTPB__XL025, MTPB
100
AcDbAttributeDefinition
  3

  2
NN
 70
     8
280
     0
  0
ATTDEF
  5
6DE
330
6D8
100
AcDbEntity
  8
attrib
100
AcDbText
 10
168.3
 20
107.0
 30
0.0
 40
0.5
  1
Timing Pulleys XL Type
100
AcDbAttributeDefinition
  3

  2
NT
 70
     8
280
     0
  0
ATTDEF
  5
6DF
330
6D8
100
AcDbEntity
  8
attrib
100
AcDbText
 10
168.3
 20
106.5
 30
0.0
 40
0.5
  1
$PN._b
100
AcDbAttributeDefinition
  3

  2
NBSYN
 70
     8
280
     0
  0
ATTDEF
  5
6E0
330
6D8
100
AcDbEntity
  8
attrib
100
AcDbText
 10
168.3
 20
106.0
 30
0.0
 40
0.5
  1
MTP24XL037-A-C10
100
AcDbAttributeDefinition
  3

  2
LINA
 70
     8
280
     0
  0
ATTDEF
  5
6E1
330
6D8
100
AcDbEntity
  8
attrib
100
AcDbText
 10
168.3
 20
105.5
 30
0.0
 40
0.5
  1
Misumi
100
AcDbAttributeDefinition
  3

  2
CATALOG
 70
     8
280
     0
  0
ATTDEF
  5
6E2
330
6D8
100
AcDbEntity
  8
attrib
100
AcDbText
 10
168.3
 20
105.0
 30
0.0
 40
0.5
  1
MTP24XL037-A-C10
100
AcDbAttributeDefinition
  3

  2
PN
 70
     8
280
     0
  0
ATTDEF
  5
6E3
330
6D8
100
AcDbEntity
  8
attrib
100
AcDbText
 10
168.3
 20
104.5
 30
0.0
 40
0.5
  1
1045 Carbon Steel Equivalent
100
AcDbAttributeDefinition
  3

  2
MATP
 70
     8
280
     0
  0
ATTDEF
  5
6E4
330
6D8
100
AcDbEntity
  8
attrib
100
AcDbText
 10
168.3
 20
104.0
 30
0.0
 40
0.5
  1
-
100
AcDbAttributeDefinition
  3

  2
ST
 70
     8
280
     0
  0
ATTDEF
  5
6E5
330
6D8
100
AcDbEntity
  8
attrib
100
AcDbText
 10
168.3
 20
103.5
 30
0.0
 40
0.5
  1
24
100
AcDbAttributeDefinition
  3

  2
NT
 70
     8
280
     0
  0
ATTDEF
  5
6E6
330
6D8
100
AcDbEntity
  8
attrib
100
AcDbText
 10
168.3
 20
103.0
 30
0.0
 40
0.5
  1
XL037
100
AcDbAttributeDefinition
  3

  2
TNW
 70
     8
280
     0
  0
ATTDEF
  5
6E7
330
6D8
100
AcDbEntity
  8
attrib
100
AcDbText
 10
168.3
 20
102.5
 30
0.0
 40
0.5
  1
9.5mm (3/8inch)
100
AcDbAttributeDefinition
  3

  2
BW
 70
     8
280
     0
  0
ATTDEF
  5
6E8
330
6D8
100
AcDbEntity
  8
attrib
100
AcDbText
 10
168.3
 20
102.0
 30
0.0
 40
0.5
  1
A
100
AcDbAttributeDefinition
  3

  2
PS
 70
     8
280
     0
  0
ATTDEF
  5
6E9
330
6D8
100
AcDbEntity
  8
attrib
100
AcDbText
 10
168.3
 20
101.5
 30
0.0
 40
0.5
  1
Old JIS Keywayed Bore + Tap
100
AcDbAttributeDefinition
  3

  2
SBS
 70
     8
280
     0
  0
ATTDEF
  5
6EA
330
6D8
100
AcDbEntity
  8
attrib
100
AcDbText
 10
168.3
 20
101.0
 30
0.0
 40
0.5
  1
10.00
100
AcDbAttributeDefinition
  3

  2
DD
 70
     8
280
     0
  0
ATTDEF
  5
6EB
330
6D8
100
AcDbEntity
  8
attrib
100
AcDbText
 10
168.3
 20
100.5
 30
0.0
 40
0.5
  1
0
100
AcDbAttributeDefinition
  3

  2
Z
 70
     8
280
     0
  0
ATTDEF
  5
6EC
330
6D8
100
AcDbEntity
  8
attrib
100
AcDbText
 10
168.3
 20
100.0
 30
0.0
 40
0.5
  1
0.0
100
AcDbAttributeDefinition
  3

  2
J
 70
     8
280
     0
  0
ATTDEF
  5
6ED
330
6D8
100
AcDbEntity
  8
attrib
100
AcDbText
 10
168.3
 20
99.50000000000001
 30
0.0
 40
0.5
  1
0
100
AcDbAttributeDefinition
  3

  2
Q
 70
     8
280
     0
  0
ATTDEF
  5
6EE
330
6D8
100
AcDbEntity
  8
attrib
100
AcDbText
 10
168.3
 20
99.00000000000001
 30
0.0
 40
0.5
  1
0
100
AcDbAttributeDefinition
  3

  2
R
 70
     8
280
     0
  0
ATTDEF
  5
6EF
330
6D8
100
AcDbEntity
  8
attrib
100
AcDbText
 10
168.3
 20
98.50000000000001
 30
0.0
 40
0.5
  1
0.0
100
AcDbAttributeDefinition
  3

  2
S
 70
     8
280
     0
  0
ATTDEF
  5
6F0
330
6D8
100
AcDbEntity
  8
attrib
100
AcDbText
 10
168.3
 20
98.00000000000001
 30
0.0
 40
0.5
  1
0.0
100
AcDbAttributeDefinition
  3

  2
T
 70
     8
280
     0
  0
ATTDEF
  5
6F1
330
6D8
100
AcDbEntity
  8
attrib
100
AcDbText
 10
168.3
 20
97.50000000000001
 30
0.0
 40
0.5
  1
11.0
100
AcDbAttributeDefinition
  3

  2
A
 70
     8
280
     0
  0
ATTDEF
  5
6F2
330
6D8
100
AcDbEntity
  8
attrib
100
AcDbText
 10
168.3
 20
97.00000000000001
 30
0.0
 40
0.5
  1
16.0
100
AcDbAttributeDefinition
  3

  2
W
 70
     8
280
     0
  0
ATTDEF
  5
6F3
330
6D8
100
AcDbEntity
  8
attrib
100
AcDbText
 10
168.3
 20
96.50000000000001
 30
0.0
 40
0.5
  1
0
100
AcDbAttributeDefinition
  3

  2
L
 70
     8
280
     0
  0
ATTDEF
  5
6F4
330
6D8
100
AcDbEntity
  8
attrib
100
AcDbText
 10
168.3
 20
96.00000000000001
 30
0.0
 40
0.5
  1
38.81
100
AcDbAttributeDefinition
  3

  2
PD
 70
     8
280
     0
  0
ATTDEF
  5
6F5
330
6D8
100
AcDbEntity
  8
attrib
100
AcDbText
 10
168.3
 20
95.50000000000001
 30
0.0
 40
0.5
  1
38.30
100
AcDbAttributeDefinition
  3

  2
OD
 70
     8
280
     0
  0
ATTDEF
  5
6F6
330
6D8
100
AcDbEntity
  8
attrib
100
AcDbText
 10
168.3
 20
95.00000000000001
 30
0.0
 40
0.5
  1
0
100
AcDbAttributeDefinition
  3

  2
D
 70
     8
280
     0
  0
ATTDEF
  5
6F7
330
6D8
100
AcDbEntity
  8
attrib
100
AcDbText
 10
168.3
 20
94.50000000000001
 30
0.0
 40
0.5
  1
45
100
AcDbAttributeDefinition
  3

  2
F
 70
     8
280
     0
  0
ATTDEF
  5
6F8
330
6D8
100
AcDbEntity
  8
attrib
100
AcDbText
 10
168.3
 20
94.00000000000001
 30
0.0
 40
0.5
  1
30
100
AcDbAttributeDefinition
  3

  2
E
 70
     8
280
     0
  0
ATTDEF
  5
6F9
330
6D8
100
AcDbEntity
  8
attrib
100
AcDbText
 10
168.3
 20
93.50000000000001
 30
0.0
 40
0.5
  1
1.6
100
AcDbAttributeDefinition
  3

  2
TT
 70
     8
280
     0
  0
ATTDEF
  5
6FA
330
6D8
100
AcDbEntity
  8
attrib
100
AcDbText
 10
168.3
 20
93.00000000000001
 30
0.0
 40
0.5
  1
w/o KC90 (Set Screw Angle)
100
AcDbAttributeDefinition
  3

  2
ALT1
 70
     8
280
     0
  0
ATTDEF
  5
6FB
330
6D8
100
AcDbEntity
  8
attrib
100
AcDbText
 10
168.3
 20
92.50000000000001
 30
0.0
 40
0.5
  1
w/o Side Tapped Hole
100
AcDbAttributeDefinition
  3

  2
ALT2
 70
     8
280
     0
  0
ATTDEF
  5
6FC
330
6D8
100
AcDbEntity
  8
attrib
100
AcDbText
 10
168.3
 20
92.00000000000001
 30
0.0
 40
0.5
  1
N/A
100
AcDbAttributeDefinition
  3

  2
M
 70
     8
280
     0
  0
ATTDEF
  5
6FD
330
6D8
100
AcDbEntity
  8
attrib
100
AcDbText
 10
168.3
 20
91.50000000000001
 30
0.0
 40
0.5
  1
0.0
100
AcDbAttributeDefinition
  3

  2
QSC
 70
     8
280
     0
  0
ATTDEF
  5
6FE
330
6D8
100
AcDbEntity
  8
attrib
100
AcDbText
 10
168.3
 20
91.00000000000001
 30
0.0
 40
0.5
  1
0.0
100
AcDbAttributeDefinition
  3

  2
QFC
 70
     8
280
     0
  0
ATTDEF
  5
6FF
330
6D8
100
AcDbEntity
  8
attrib
100
AcDbText
 10
168.3
 20
90.50000000000001
 30
0.0
 40
0.5
  1
0.0
100
AcDbAttributeDefinition
  3

  2
QTC
 70
     8
280
     0
  0
ATTDEF
  5
700
330
6D8
100
AcDbEntity
  8
attrib
100
AcDbText
 10
168.3
 20
90.00000000000001
 30
0.0
 40
0.5
  1
w/o Side Through Hole
100
AcDbAttributeDefinition
  3

  2
ALT3
 70
     8
280
     0
  0
ATTDEF
  5
701
330
6D8
100
AcDbEntity
  8
attrib
100
AcDbText
 10
168.3
 20
89.50000000000001
 30
0.0
 40
0.5
  1
0.0
100
AcDbAttributeDefinition
  3

  2
K
 70
     8
280
     0
  0
ATTDEF
  5
702
330
6D8
100
AcDbEntity
  8
attrib
100
AcDbText
 10
168.3
 20
89.00000000000001
 30
0.0
 40
0.5
  1
0.0
100
AcDbAttributeDefinition
  3

  2
KSC
 70
     8
280
     0
  0
ATTDEF
  5
703
330
6D8
100
AcDbEntity
  8
attrib
100
AcDbText
 10
168.3
 20
88.50000000000001
 30
0.0
 40
0.5
  1
0.0
100
AcDbAttributeDefinition
  3

  2
KFC
 70
     8
280
     0
  0
ATTDEF
  5
704
330
6D8
100
AcDbEntity
  8
attrib
100
AcDbText
 10
168.3
 20
88.00000000000001
 30
0.0
 40
0.5
  1
0.0
100
AcDbAttributeDefinition
  3

  2
KTC
 70
     8
280
     0
  0
ATTDEF
  5
705
330
6D8
100
AcDbEntity
  8
attrib
100
AcDbText
 10
168.3
 20
87.50000000000001
 30
0.0
 40
0.5
  1
Not applicable
100
AcDbAttributeDefinition
  3

  2
ALT4
 70
     8
280
     0
  0
ATTDEF
  5
706
330
6D8
100
AcDbEntity
  8
attrib
100
AcDbText
 10
168.3
 20
87.00000000000001
 30
0.0
 40
0.5
  1
N/A
100
AcDbAttributeDefinition
  3

  2
ZM
 70
     8
280
     0
  0
ATTDEF
  5
707
330
6D8
100
AcDbEntity
  8
attrib
100
AcDbText
 10
168.3
 20
86.50000000000001
 30
0.0
 40
0.5
  1
0.0
100
AcDbAttributeDefinition
  3

  2
ZMDD1
 70
     8
280
     0
  0
ATTDEF
  5
708
330
6D8
100
AcDbEntity
  8
attrib
100
AcDbText
 10
168.3
 20
86.00000000000001
 30
0.0
 40
0.5
  1
0.0
100
AcDbAttributeDefinition
  3

  2
ZMDD2
 70
     8
280
     0
  0
ATTDEF
  5
709
330
6D8
100
AcDbEntity
  8
attrib
100
AcDbText
 10
168.3
 20
85.50000000000001
 30
0.0
 40
0.5
  1
0.0
100
AcDbAttributeDefinition
  3

  2
ZMHH
 70
     8
280
     0
  0
ATTDEF
  5
70A
330
6D8
100
AcDbEntity
  8
attrib
100
AcDbText
 10
168.3
 20
85.00000000000001
 30
0.0
 40
0.5
  1
0.0
100
AcDbAttributeDefinition
  3

  2
ZSC
 70
     8
280
     0
  0
ATTDEF
  5
70B
330
6D8
100
AcDbEntity
  8
attrib
100
AcDbText
 10
168.3
 20
84.50000000000001
 30
0.0
 40
0.5
  1
0.0
100
AcDbAttributeDefinition
  3

  2
ZFC
 70
     8
280
     0
  0
ATTDEF
  5
70C
330
6D8
100
AcDbEntity
  8
attrib
100
AcDbText
 10
168.3
 20
84.00000000000001
 30
0.0
 40
0.5
  1
0.0
100
AcDbAttributeDefinition
  3

  2
ZTC
 70
     8
280
     0
  0
ATTDEF
  5
70D
330
6D8
100
AcDbEntity
  8
attrib
100
AcDbText
 10
168.3
 20
83.50000000000001
 30
0.0
 40
0.5
  1
w/o Flange not Attached
100
AcDbAttributeDefinition
  3

  2
ALT5
 70
     8
280
     0
  0
ATTDEF
  5
70E
330
6D8
100
AcDbEntity
  8
attrib
100
AcDbText
 10
168.3
 20
83.00000000000001
 30
0.0
 40
0.5
  1
w/o Flange Attached on One Side Only
100
AcDbAttributeDefinition
  3

  2
ALT6
 70
     8
280
     0
  0
ATTDEF
  5
70F
330
6D8
100
AcDbEntity
  8
attrib
100
AcDbText
 10
168.3
 20
82.50000000000001
 30
0.0
 40
0.5
  1
w/o FC (Flange Cut)
100
AcDbAttributeDefinition
  3

  2
ALT7
 70
     8
280
     0
  0
ATTDEF
  5
710
330
6D8
100
AcDbEntity
  8
attrib
100
AcDbText
 10
168.3
 20
82.00000000000001
 30
0.0
 40
0.5
  1
0.0
100
AcDbAttributeDefinition
  3

  2
FC
 70
     8
280
     0
  0
ATTDEF
  5
711
330
6D8
100
AcDbEntity
  8
attrib
100
AcDbText
 10
168.3
 20
81.50000000000001
 30
0.0
 40
0.5
  1
Not applicable
100
AcDbAttributeDefinition
  3

  2
ALT8
 70
     8
280
     0
  0
ATTDEF
  5
712
330
6D8
100
AcDbEntity
  8
attrib
100
AcDbText
 10
168.3
 20
81.00000000000001
 30
0.0
 40
0.5
  1
0.0
100
AcDbAttributeDefinition
  3

  2
SRG
 70
     8
280
     0
  0
ATTDEF
  5
713
330
6D8
100
AcDbEntity
  8
attrib
100
AcDbText
 10
168.3
 20
80.50000000000001
 30
0.0
 40
0.5
  1
0.0
100
AcDbAttributeDefinition
  3

  2
DD2
 70
     8
280
     0
  0
ATTDEF
  5
714
330
6D8
100
AcDbEntity
  8
attrib
100
AcDbText
 10
168.3
 20
80.00000000000001
 30
0.0
 40
0.5
  1
0.00
100
AcDbAttributeDefinition
  3

  2
MM
 70
     8
280
     0
  0
ATTDEF
  5
715
330
6D8
100
AcDbEntity
  8
attrib
100
AcDbText
 10
168.3
 20
79.50000000000001
 30
0.0
 40
0.5
  1
0.00
100
AcDbAttributeDefinition
  3

  2
NN
 70
     8
280
     0
  0
ATTDEF
  5
716
330
6D8
100
AcDbEntity
  8
attrib
100
AcDbText
 10
168.3
 20
79.00000000000001
 30
0.0
 40
0.5
  1
Not applicable
100
AcDbAttributeDefinition
  3

  2
ALT9
 70
     8
280
     0
  0
ATTDEF
  5
717
330
6D8
100
AcDbEntity
  8
attrib
100
AcDbText
 10
168.3
 20
78.50000000000001
 30
0.0
 40
0.5
  1
0
100
AcDbAttributeDefinition
  3

  2
BTC
 70
     8
280
     0
  0
ATTDEF
  5
718
330
6D8
100
AcDbEntity
  8
attrib
100
AcDbText
 10
168.3
 20
78.00000000000001
 30
0.0
 40
0.5
  1
0.0
100
AcDbAttributeDefinition
  3

  2
TL
 70
     8
280
     0
  0
ATTDEF
  5
719
330
6D8
100
AcDbEntity
  8
attrib
100
AcDbText
 10
168.3
 20
77.50000000000001
 30
0.0
 40
0.5
  1
0
100
AcDbAttributeDefinition
  3

  2
BTCL
 70
     8
280
     0
  0
ATTDEF
  5
71A
330
6D8
100
AcDbEntity
  8
attrib
100
AcDbText
 10
168.3
 20
77.00000000000001
 30
0.0
 40
0.5
  1
0
100
AcDbAttributeDefinition
  3

  2
BTCD
 70
     8
280
     0
  0
ATTDEF
  5
71B
330
6D8
100
AcDbEntity
  8
attrib
100
AcDbText
 10
168.3
 20
76.50000000000001
 30
0.0
 40
0.5
  1
w/o TPC (Tapped Hole Dimension)
100
AcDbAttributeDefinition
  3

  2
ALT10
 70
     8
280
     0
  0
ATTDEF
  5
71C
330
6D8
100
AcDbEntity
  8
attrib
100
AcDbText
 10
168.3
 20
76.00000000000001
 30
0.0
 40
0.5
  1
N/A
100
AcDbAttributeDefinition
  3

  2
TPC
 70
     8
280
     0
  0
ATTDEF
  5
71D
330
6D8
100
AcDbEntity
  8
attrib
100
AcDbText
 10
168.3
 20
75.50000000000001
 30
0.0
 40
0.5
  1
Not applicable
100
AcDbAttributeDefinition
  3

  2
ALT11
 70
     8
280
     0
  0
ATTDEF
  5
71E
330
6D8
100
AcDbEntity
  8
attrib
100
AcDbText
 10
168.3
 20
75.00000000000001
 30
0.0
 40
0.5
  1
0.0
100
AcDbAttributeDefinition
  3

  2
BC
 70
     8
280
     0
  0
ATTDEF
  5
71F
330
6D8
100
AcDbEntity
  8
attrib
100
AcDbText
 10
168.3
 20
74.50000000000001
 30
0.0
 40
0.5
  1
w/o SLH (Set Screw Length)
100
AcDbAttributeDefinition
  3

  2
ALT12
 70
     8
280
     0
  0
ATTDEF
  5
720
330
6D8
100
AcDbEntity
  8
attrib
100
AcDbText
 10
168.3
 20
74.00000000000001
 30
0.0
 40
0.5
  1
0
100
AcDbAttributeDefinition
  3

  2
SLH
 70
     8
280
     0
  0
ATTDEF
  5
721
330
6D8
100
AcDbEntity
  8
attrib
100
AcDbText
 10
168.3
 20
73.50000000000001
 30
0.0
 40
0.5
  1
Not applicable
100
AcDbAttributeDefinition
  3

  2
ALT13
 70
     8
280
     0
  0
ATTDEF
  5
722
330
6D8
100
AcDbEntity
  8
attrib
100
AcDbText
 10
168.3
 20
73.00000000000001
 30
0.0
 40
0.5
  1
0.0
100
AcDbAttributeDefinition
  3

  2
BN
 70
     8
280
     0
  0
ATTDEF
  5
723
330
6D8
100
AcDbEntity
  8
attrib
100
AcDbText
 10
168.3
 20
72.50000000000001
 30
0.0
 40
0.5
  1
M4x3
100
AcDbAttributeDefinition
  3

  2
AC
 70
     8
280
     0
  0
ATTDEF
  5
724
330
6D8
100
AcDbEntity
  8
attrib
100
AcDbText
 10
168.3
 20
72.00000000000001
 30
0.0
 40
0.5
  1
misumi
100
AcDbAttributeDefinition
  3

  2
COMPANY
 70
     8
280
     0
  0
ATTDEF
  5
725
330
6D8
100
AcDbEntity
  8
attrib
100
AcDbText
 10
168.3
 20
71.50000000000001
 30
0.0
 40
0.5
  1
1
100
AcDbAttributeDefinition
  3

  2
ExcludeFromBOM
 70
     8
280
     0
  0
ATTDEF
  5
726
330
6D8
100
AcDbEntity
  8
attrib
100
AcDbText
 10
168.3
 20
71.00000000000001
 30
0.0
 40
0.5
  1
{$CADENAS_DATA/23d-libs/misumi/metric/51_timing_pulleys/mtp_xl/mtp_xl.prj},888 {VTYP=3D},{NB=MTP24XL037-A-C10_b},{LINA=MTP24XL037-A-C10},{NN=ATP__XL025, ATP__XL031, ATP__ XL037, ATP__XL050, BTP__XL025, BTP__XL031, BTP__XL037, BTP__XL050, KTP__XL025,
100
AcDbAttributeDefinition
  3

  2
PSOL_0
 70
     9
280
     0
  0
ATTDEF
  5
727
330
6D8
100
AcDbEntity
  8
attrib
100
AcDbText
 10
168.3
 20
70.50000000000001
 30
0.0
 40
0.5
  1
XL031, KTP__ XL037, KTP__XL050, NTP__XL025, NTP__XL031, NTP__ XL037, NTP__XL050, MTP__XL025, MTP__ XL037, MTP__XL050, MTPB__XL025, MTPB__ XL037, MTPB__XL050, MTPP__XL025, MTPP__ XL037, MTPP__XL050, STP__XL025, STP__XL031, STP__ XL037, STP__XL050, KA
100
AcDbAttributeDefinition
  3

  2
PSOL_1
 70
     9
280
     0
  0
ATTDEF
  5
728
330
6D8
100
AcDbEntity
  8
attrib
100
AcDbText
 10
168.3
 20
70.00000000000001
 30
0.0
 40
0.5
  1
025, KATP__XL031, KATP__ XL037, KATP__XL050, KKTP__XL025, KKTP__XL031, KKTP__ XL037, KKTP__XL050_body},{DATE=06.01.2023 09:07:12},{GEOMDATE=06.01.2023 09:06:51},{VERSION=},{LINEID=110},{WBVAR=MATP,ST,TNW,PS,SBS,DD,Z,J,Q,R,S,T,ALT1,ALT2,M,QSC,QFC,QTC
100
AcDbAttributeDefinition
  3

  2
PSOL_2
 70
     9
280
     0
  0
ATTDEF
  5
729
330
6D8
100
AcDbEntity
  8
attrib
100
AcDbText
 10
168.3
 20
69.50000000000001
 30
0.0
 40
0.5
  1
K,KSC,KFC,KTC,ALT4,ZM,ZSC,ZFC,ZTC,ALT5,ALT6,ALT7,FC,ALT8,SRG,ALT9,BTC,TL,ALT10,TPC,ALT11,BC,ALT12,SLH,ALT13,BN},{WBNUMERIC=DD,Z,J,Q,R,S,T,QSC,QFC,QTC,K,KSC,KFC,KTC,ZSC,ZFC,ZTC,FC,SRG,BTC,TL,BC,SLH,BN}  {NB=MTP24XL037-A-C10_b},{LINA=MTP24XL037-A-C10}
100
AcDbAttributeDefinition
  3

  2
PSOL_3
 70
     9
280
     0
  0
ATTDEF
  5
72A
330
6D8
100
AcDbEntity
  8
attrib
100
AcDbText
 10
168.3
 20
69.00000000000001
 30
0.0
 40
0.5
  1
UMMY},{PN=MTP24XL037-A-C10},{TYPE=MTP},{MATP=S45C},{MATPALG= 'A2017','Aluminum Alloy 2000 series','S45C','1045 Carbon Steel Equivalent','SUS304','SUS304', 'A6000', '6000 Series Aluminum Alloy' },{ST=-},{STALG= '-','-','BO','Black Oxide','ENP','Elect
100
AcDbAttributeDefinition
  3

  2
PSOL_4
 70
     9
280
     0
  0
ATTDEF
  5
72B
330
6D8
100
AcDbEntity
  8
attrib
100
AcDbText
 10
168.3
 20
68.50000000000001
 30
0.0
 40
0.5
  1
 Nickel Plating' },{NT=24},{TNW=XL037},{TNWALG= 'XL025','XL031','XL037','XL050' },{BW=9.5mm (3/8inch)},{PS=A},{PSALG= 'A','B' },{SBS=C},{SBSALG= 'H','Round Hole','P','Round Hole + Tap','N','New JIS Keywayed Bore + Tap (Standard)','NK','New JIS Keywa
100
AcDbAttributeDefinition
  3

  2
PSOL_5
 70
     9
280
     0
  0
ATTDEF
  5
72C
330
6D8
100
AcDbEntity
  8
attrib
100
AcDbText
 10
168.3
 20
68.00000000000001
 30
0.0
 40
0.5
  1
re + Tap (width 4.0mm, height 1.8mm)','C','Old JIS Keywayed Bore + Tap','V','Stepped Hole','Y','Both Ends Stepped Hole','WB','Double Stepped Hole' },{DD=10.00},{DDALG=[10,12,15,16,18,19,20]},{DDHA=[6:6/1],6.35,[7:12/1],12.7,[13:26/1]},{DDPA=[8:12/1]
100
AcDbAttributeDefinition
  3

  2
PSOL_6
 70
     9
280
     0
  0
ATTDEF
  5
72D
330
6D8
100
AcDbEntity
  8
attrib
100
AcDbText
 10
168.3
 20
67.50000000000001
 30
0.0
 40
0.5
  1
[13:22/1]},{DDNA=[8:8/1],[10:22/1]},{DDNK=[10:10/1]},{DDCA=[10,12,15,16,18,19,20]},{DDVA=[8:12/1],12.7,[13:21/1]},{DDY=[8:21/1]},{DDWB=[8:19/1]},{DDHB=},{DDPB=},{DDNB=},{DDCB=},{DDVFB=},{Z=0},{ZALG=[0]},{ZMIN=12.000},{ZAMAX=23.000},{ZBMAX=0.000},{DD
100
AcDbAttributeDefinition
  3

  2
PSOL_7
 70
     9
280
     0
  0
ATTDEF
  5
72E
330
6D8
100
AcDbEntity
  8
attrib
100
AcDbText
 10
168.3
 20
67.00000000000001
 30
0.0
 40
0.5
  1
00},{J=0.0},{JALG=[0]},{JMIN=2.000},{JMAX=14.0},{JPN=},{Q=0},{QALG=[0]},{QRMIN=12.000},{QRMAX=23},{WBQMIN=14.000},{R=0},{RALG=[0]},{WBRMAX=-2.000},{S=0.0},{SALG=[0]},{SMAX=8},{T=0.0},{TALG=[0]},{TMAX=8},{SBSPN=-C10},{A=11.0},{W=16.0},{L=0},{PD=38.81
100
AcDbAttributeDefinition
  3

  2
PSOL_8
 70
     9
280
     0
  0
ATTDEF
  5
72F
330
6D8
100
AcDbEntity
  8
attrib
100
AcDbText
 10
168.3
 20
66.50000000000001
 30
0.0
 40
0.5
  1
38.30},{D=0},{DALG=26.000},{DE=30},{F=45},{E=30},{TT=1.6},{BBK=4.000},{TTK=1.5},{ALT1=},{ANG=120.000},{ALT1ALG= '','w/o KC90 (Set Screw Angle)','KC90','with KC90 (Set Screw Angle)' },{ALT1PN=},{ALT2=},{ALT2ALG= '','w/o Side Tapped Hole','QTC','with 
100
AcDbAttributeDefinition
  3

  2
PSOL_9
 70
     9
280
     0
  0
ATTDEF
  5
730
330
6D8
100
AcDbEntity
  8
attrib
100
AcDbText
 10
168.3
 20
66.00000000000001
 30
0.0
 40
0.5
  1
 Places Side Tapped Hole)' },{M=N/A},{MALG= 'N/A' },{MFTALG= 'N/A' },{MSALG= 'N/A' },{M3D=0.000},{KDML=0.000},{ML=0.000},{MUL=0.000},{PITCH=0.000},{QSC=0.0},{QSCALG=0},{QFC=0.0},{QFCALG=0},{QTC=0.0},{QTCALG=0},{QPCDMIN=0.000},{QPCDMINALG=0.000},{QPC
100
AcDbAttributeDefinition
  3

  2
PSOL_10
 70
     9
280
     0
  0
ATTDEF
  5
731
330
6D8
100
AcDbEntity
  8
attrib
100
AcDbText
 10
168.3
 20
65.50000000000001
 30
0.0
 40
0.5
  1
6.000},{ALT2PN=},{TAP=0.000},{ALT3=},{ALT3ALG= '','w/o Side Through Hole','KTC','with KTC (3 Places Side Through Hole)' },{K=0.0},{KALG=0},{KMIN=4.000},{KFTMAX=6.000},{KSMAX=6.000},{KSC=0.0},{KSCALG=0},{KFC=0.0},{KFCALG=0},{KTC=0.0},{KTCALG=0},{KSCM
100
AcDbAttributeDefinition
  3

  2
PSOL_11
 70
     9
280
     0
  0
ATTDEF
  5
732
330
6D8
100
AcDbEntity
  8
attrib
100
AcDbText
 10
168.3
 20
65.00000000000001
 30
0.0
 40
0.5
  1
000},{KPCDMIN=14.000},{KPCDMAX=26.000},{ALT3PN=},{ALT4=},{ALT4ALG= '','Not applicable' },{ALT4MIN=20.500},{ALT4MAX=19.500},{ZM=N/A},{ZMALG= 'N/A' },{ZMFTALG= 'N/A' },{ZMSALG= 'N/A' },{ZMDD1=0.0},{ZMDD2=0.0},{ZMHH=0.0},{ZSC=0.0},{ZSCALG=[0]},{ZFC=0.0
100
AcDbAttributeDefinition
  3

  2
PSOL_12
 70
     9
280
     0
  0
ATTDEF
  5
733
330
6D8
100
AcDbEntity
  8
attrib
100
AcDbText
 10
168.3
 20
64.50000000000001
 30
0.0
 40
0.5
  1
ALG=[0]},{ZTC=0.0},{ZTCALG=[0]},{ZPCDMIN=0.000},{ZPCDMINALG=0.000},{ZPCDMAX=26.000},{ALT4PN=},{ALT5=},{ALT5ALG= '','w/o Flange not Attached','NFC','with NFC (Flange not Attached)' },{ALT5PN=},{ALT6=},{ALT6ALG= '','w/o Flange Attached on One Side Onl
100
AcDbAttributeDefinition
  3

  2
PSOL_13
 70
     9
280
     0
  0
ATTDEF
  5
734
330
6D8
100
AcDbEntity
  8
attrib
100
AcDbText
 10
168.3
 20
64.00000000000001
 30
0.0
 40
0.5
  1
C','with RFC (Flange Attached on The Boss Side Only)','LFC','with LFC (Flange Attached on The Opposite Side Only)' },{ALT6PN=},{ALT7=},{ALT7ALG= '','w/o FC (Flange Cut)','FC','with FC (Flange Cut)' },{FC=0.0},{FCALG=0},{FCMIN=39.5},{FCMAX=43.0},{ALT
100
AcDbAttributeDefinition
  3

  2
PSOL_14
 70
     9
280
     0
  0
ATTDEF
  5
735
330
6D8
100
AcDbEntity
  8
attrib
100
AcDbText
 10
168.3
 20
63.50000000000001
 30
0.0
 40
0.5
  1
{ALT8=},{ALT8ALG= '','Not applicable' },{ALT8ALGALG=26.000},{ALT8DD2=0.000},{ALT8MM=0.000},{ALT8NN=0.000},{QC=0.000},{KC=0.000},{ZC=0.000},{SRG=0.0},{SRGALG=[0]},{SRGMAX=0.000},{DD2=0.0},{MM=0.00},{NN=0.00},{ALT8PN=},{ALT9=},{ALT9ALG= '','Not applic
100
AcDbAttributeDefinition
  3

  2
PSOL_15
 70
     9
280
     0
  0
ATTDEF
  5
736
330
6D8
100
AcDbEntity
  8
attrib
100
AcDbText
 10
168.3
 20
63.00000000000001
 30
0.0
 40
0.5
  1
},{BTC9=11.000},{TL9=1.000},{BTC=0},{BTCALG=[0]},{TL=0.0},{TLALG=0},{TLMIN=1.000},{TLMAX=-16.500},{BTCL=0},{BTCD=0},{ALT9PN=},{WLBCTL=16.000},{ALT10=},{ALT10ALG= '','w/o TPC (Tapped Hole Dimension)','TPC','with TPC (Tapped Hole Dimension)' },{TPC=N/
100
AcDbAttributeDefinition
  3

  2
PSOL_16
 70
     9
280
     0
  0
ATTDEF
  5
737
330
6D8
100
AcDbEntity
  8
attrib
100
AcDbText
 10
168.3
 20
62.50000000000001
 30
0.0
 40
0.5
  1
CALG= 'N/A' },{TPCM=4.000},{ALT10PN=},{ALT11=},{ALT11ALG= '','Not applicable' },{BC=0.0},{BCALG=0},{BCMIN=7},{BCMAX=-16.5},{M1WBC=8},{ALT11PN=},{KTT=12.65},{ALT12=},{ALT12ALG= '','w/o SLH (Set Screw Length)','SLH','with SLH (Set Screw Length)' },{SL
100
AcDbAttributeDefinition
  3

  2
PSOL_17
 70
     9
280
     0
  0
ATTDEF
  5
738
330
6D8
100
AcDbEntity
  8
attrib
100
AcDbText
 10
168.3
 20
62.00000000000001
 30
0.0
 40
0.5
  1
0]},{SLH=0},{ALT12PN=},{ALT13=},{ALT13ALG= '', 'Not applicable' },{BN=0.0},{BNALG=0},{BNMIN=-15.5},{BNMAX=-6},{ALT13PN=},{AC=M4x3},{M1=4.000},{M1L=3.000},{KEYA=1.000},{KEYB=0.000},{KEYM=1.000}
100
AcDbAttributeDefinition
  3

  2
PSOL_18
 70
     9
280
     0
  0
LINE
  5
739
330
6D8
100
AcDbEntity
  8
hidden
100
AcDbLine
 10
153.330780489313
 20
77.08348474513525
 30
0.0
 11
155.6707108228898
 21
77.08348474513525
 31
0.0
  0
LINE
  5
73A
330
6D8
100
AcDbEntity
  8
hidden
100
AcDbLine
 10
153.3044697981287
 20
75.18974542930604
 30
0.0
 11
155.6955302018713
 21
75.18974542930604
 31
0.0
  0
LINE
  5
73B
330
6D8
100
AcDbEntity
  8
hidden
100
AcDbLine
 10
152.8972491556272
 20
76.835883671815
 30
0.0
 11
156.1027508443728
 21
76.835883671815
 31
0.0
  0
LINE
  5
73C
330
6D8
100
AcDbEntity
  8
hidden
100
AcDbLine
 10
153.0922880102769
 20
75.75370183514508
 30
0.0
 11
155.9077119897231
 21
75.75370183514508
 31
0.0
  0
LINE
  5
73D
330
6D8
100
AcDbEntity
  8
hidden
100
AcDbLine
 10
152.8972491821636
 20
76.41577377115553
 30
0.0
 11
156.1027508178364
 21
76.41577377115553
 31
0.0
  0
LINE
  5
73E
330
6D8
100
AcDbEntity
  8
hidden
100
AcDbLine
 10
156.1014658515
 20
103.2482857645576
 30
0.0
 11
156.1027508443728
 21
103.2483427189453
 31
0.0
  0
LINE
  5
73F
330
6D8
100
AcDbEntity
  8
hidden
100
AcDbLine
 10
152.879
 20
103.25
 30
0.0
 11
149.0
 21
103.25
 31
0.0
  0
LINE
  5
740
330
6D8
100
AcDbEntity
  8
hidden
100
AcDbLine
 10
160.0
 20
103.25
 30
0.0
 11
156.121
 21
103.25
 31
0.0
  0
LINE
  5
741
330
6D8
100
AcDbEntity
  8
hidden
100
AcDbLine
 10
149.0
 20
67.75
 30
0.0
 11
160.0
 21
67.75
 31
0.0
  0
LINE
  5
742
330
6D8
100
AcDbEntity
  8
hidden
100
AcDbLine
 10
149.0
 20
67.39951137516411
 30
0.0
 11
160.0
 21
67.39951137516411
 31
0.0
  0
LINE
  5
743
330
6D8
100
AcDbEntity
  8
hidden
100
AcDbLine
 10
160.0
 20
67.75171423550225
 30
0.0
 11
149.0
 21
67.75171423550225
 31
0.0
  0
LINE
  5
744
330
6D8
100
AcDbEntity
  8
hidden
100
AcDbLine
 10
149.0
 20
103.6004886248359
 30
0.0
 11
153.0922880102769
 21
103.6004886248359
 31
0.0
  0
LINE
  5
745
330
6D8
100
AcDbEntity
  8
hidden
100
AcDbLine
 10
149.0
 20
103.2483427216119
 30
0.0
 11
152.8972491260983
 21
103.2483427216119
 31
0.0
  0
LINE
  5
746
330
6D8
100
AcDbEntity
  8
hidden
100
AcDbLine
 10
149.0
 20
103.2482857644977
 30
0.0
 11
152.8986675130535
 21
103.2482857644977
 31
0.0
  0
LINE
  5
747
330
6D8
100
AcDbEntity
  8
hidden
100
AcDbLine
 10
155.9077119897231
 20
103.6004886248359
 30
0.0
 11
160.0
 21
103.6004886248359
 31
0.0
  0
LINE
  5
748
330
6D8
100
AcDbEntity
  8
hidden
100
AcDbLine
 10
156.1027508739017
 20
103.2483427216119
 30
0.0
 11
160.0
 21
103.2483427216119
 31
0.0
  0
LINE
  5
749
330
6D8
100
AcDbEntity
  8
hidden
100
AcDbLine
 10
156.1012201194014
 20
103.2482857644977
 30
0.0
 11
160.0
 21
103.2482857644977
 31
0.0
  0
LWPOLYLINE
  5
74A
330
6D8
100
AcDbEntity
  8
hidden
100
AcDbPolyline
 90
        8
 70
     0
 43
0.0
 10
156.1014682869075
 20
103.2482857645368
 10
156.0839275501569
 20
103.2555752792239
 10
156.0593780002046
 20
103.279227671286
 10
156.030406964921
 20
103.3181328031218
 10
155.9987206739413
 20
103.3708510561349
 10
155.9641167071581
 20
103.4408786225901
 10
155.9313175725587
 20
103.5236452771558
 10
155.9077119897231
 20
103.6004886248359
  0
LWPOLYLINE
  5
74B
330
6D8
100
AcDbEntity
  8
hidden
100
AcDbPolyline
 90
        4
 70
     0
 43
0.0
 10
155.6955302018713
 20
104.2244485913947
 10
155.7863894617053
 20
103.9920634893278
 10
155.8674585209925
 20
103.7435805334207
 10
155.9077119897231
 20
103.6004886248359
  0
LINE
  5
74C
330
6D8
100
AcDbEntity
  8
hidden
100
AcDbLine
 10
156.1027508739017
 20
103.2483427216119
 30
0.0
 11
156.1209999999259
 21
103.2499999999932
 31
0.0
  0
LINE
  5
74D
330
6D8
100
AcDbEntity
  8
hidden
100
AcDbLine
 10
156.0886439647367
 20
103.2524757386256
 30
0.0
 11
156.0926257332605
 21
103.2504282995931
 31
0.0
  0
LINE
  5
74E
330
6D8
100
AcDbEntity
  8
hidden
100
AcDbLine
 10
152.8972491556272
 20
103.2483427189453
 30
0.0
 11
152.8985317130826
 21
103.2482857645368
 31
0.0
  0
LWPOLYLINE
  5
74F
330
6D8
100
AcDbEntity
  8
hidden
100
AcDbPolyline
 90
        8
 70
     0
 43
0.0
 10
153.0922880102769
 20
103.6004886248359
 10
153.0632573262169
 20
103.5085054569224
 10
153.0300002014797
 20
103.427916530389
 10
152.9955432634396
 20
103.3605489342239
 10
152.9623510296884
 20
103.3075215229227
 10
152.9319638717954
 20
103.2696915633095
 10
152.9073742667396
 20
103.2504282995931
 10
152.8985341485404
 20
103.2482857645575
  0
LWPOLYLINE
  5
750
330
6D8
100
AcDbEntity
  8
hidden
100
AcDbPolyline
 90
        4
 70
     0
 43
0.0
 10
153.0922880102769
 20
103.6004886248359
 10
153.1676947920606
 20
103.8570397072453
 10
153.2532412209446
 20
104.0985205483259
 10
153.3044697981287
 20
104.2244485913947
  0
LINE
  5
751
330
6D8
100
AcDbEntity
  8
hidden
100
AcDbLine
 10
152.879
 20
103.2499810817131
 30
0.0
 11
152.879
 21
92.0
 31
0.0
  0
LINE
  5
752
330
6D8
100
AcDbEntity
  8
hidden
100
AcDbLine
 10
156.121
 20
92.0
 30
0.0
 11
156.121
 21
103.2499810830394
 31
0.0
  0
LINE
  5
753
330
6D8
100
AcDbEntity
  8
hidden
100
AcDbLine
 10
152.8790000000741
 20
103.2499999999932
 30
0.0
 11
152.8972491260983
 21
103.2483427216119
 31
0.0
  0
LWPOLYLINE
  5
754
330
6D8
100
AcDbEntity
  8
hidden
100
AcDbPolyline
 90
        9
 70
     0
 43
0.0
 10
154.7903737900382
 20
104.574365639433
 10
154.955284220714
 20
104.5700054212315
 10
155.1271245028361
 20
104.5575066746812
 10
155.288939345887
 20
104.531023568777
 10
155.398959526291
 20
104.4985222989997
 10
155.4993762278131
 20
104.4506619546903
 10
155.5720359289728
 20
104.397569985412
 10
155.6343485539054
 20
104.3305502050537
 10
155.6955302018713
 20
104.2244485913947
  0
LWPOLYLINE
  5
755
330
6D8
100
AcDbEntity
  8
hidden
100
AcDbPolyline
 90
        9
 70
     0
 43
0.0
 10
153.3044697981287
 20
104.2244485913947
 10
153.3472346022373
 20
104.3043313434136
 10
153.4012870874176
 20
104.3721562383666
 10
153.4645836621671
 20
104.4268664086227
 10
153.5358754099723
 20
104.4701106800666
 10
153.6661252153027
 20
104.5196506246709
 10
153.8088315699552
 20
104.5490937917376
 10
154.036468367116
 20
104.5695780425771
 10
154.2344325207831
 20
104.5747250510688
  0
LINE
  5
756
330
6D8
100
AcDbEntity
  8
hidden
100
AcDbLine
 10
149.0
 20
104.2244485913947
 30
0.0
 11
153.3044697981287
 21
104.2244485913947
 31
0.0
  0
LINE
  5
757
330
6D8
100
AcDbEntity
  8
hidden
100
AcDbLine
 10
155.6955302018713
 20
104.2244485913947
 30
0.0
 11
160.0
 21
104.2244485913947
 31
0.0
  0
LINE
  5
758
330
6D8
100
AcDbEntity
  8
hidden
100
AcDbLine
 10
149.0
 20
66.77555140860531
 30
0.0
 11
160.0
 21
66.77555140860531
 31
0.0
  0
LINE
  5
759
330
6D8
100
AcDbEntity
  8
hidden
100
AcDbLine
 10
146.5
 20
92.0
 30
0.0
 11
162.5
 21
92.0
 31
0.0
  0
LINE
  5
75A
330
6D8
100
AcDbEntity
  8
hidden
100
AcDbLine
 10
149.0
 20
67.80824896501848
 30
0.0
 11
160.0
 21
67.80824896501848
 31
0.0
  0
LINE
  5
75B
330
6D8
100
AcDbEntity
  8
hidden
100
AcDbLine
 10
149.0
 20
103.1917510349815
 30
0.0
 11
160.0
 21
103.1917510349815
 31
0.0
  0
LINE
  5
75C
330
6D8
100
AcDbEntity
  8
hidden
100
AcDbLine
 10
149.0
 20
102.7063592872882
 30
0.0
 11
160.0
 21
102.7063592872882
 31
0.0
  0
LINE
  5
75D
330
6D8
100
AcDbEntity
  8
hidden
100
AcDbLine
 10
149.0
 20
68.29364066964271
 30
0.0
 11
160.0
 21
68.29364066964271
 31
0.0
  0
LINE
  5
75E
330
6D8
100
AcDbEntity
  8
hidden
100
AcDbLine
 10
146.5
 20
90.08257569495584
 30
0.0
 11
162.5
 21
90.08257569495584
 31
0.0
  0
LINE
  5
75F
330
6D8
100
AcDbEntity
  8
hidden
100
AcDbLine
 10
146.5
 20
80.5
 30
0.0
 11
162.5
 21
80.5
 31
0.0
  0
LINE
  5
760
330
6D8
100
AcDbEntity
  8
hidden
100
AcDbLine
 10
149.0
 20
68.22429217262052
 30
0.0
 11
160.0
 21
68.22429217262052
 31
0.0
  0
LINE
  5
761
330
6D8
100
AcDbEntity
  8
hidden
100
AcDbLine
 10
149.0
 20
68.41919416688019
 30
0.0
 11
160.0
 21
68.41919416688019
 31
0.0
  0
LINE
  5
762
330
6D8
100
AcDbEntity
  8
hidden
100
AcDbLine
 10
160.0
 20
68.4421917307118
 30
0.0
 11
149.0
 21
68.4421917307118
 31
0.0
  0
LINE
  5
763
330
6D8
100
AcDbEntity
  8
hidden
100
AcDbLine
 10
149.0
 20
102.7757078273795
 30
0.0
 11
160.0
 21
102.7757078273795
 31
0.0
  0
LINE
  5
764
330
6D8
100
AcDbEntity
  8
hidden
100
AcDbLine
 10
149.0
 20
102.5808058771309
 30
0.0
 11
160.0
 21
102.5808058771309
 31
0.0
  0
LINE
  5
765
330
6D8
100
AcDbEntity
  8
hidden
100
AcDbLine
 10
149.0
 20
102.5578082692883
 30
0.0
 11
160.0
 21
102.5578082692883
 31
0.0
  0
LINE
  5
766
330
6D8
100
AcDbEntity
  8
hidden
100
AcDbLine
 10
149.0
 20
103.3031015803052
 30
0.0
 11
160.0
 21
103.3031015803052
 31
0.0
  0
LINE
  5
767
330
6D8
100
AcDbEntity
  8
hidden
100
AcDbLine
 10
149.0
 20
67.6968984196948
 30
0.0
 11
160.0
 21
67.6968984196948
 31
0.0
  0
LINE
  5
768
330
6D8
100
AcDbEntity
  8
hidden
100
AcDbLine
 10
149.0
 20
100.9917909050556
 30
0.0
 11
160.0
 21
100.9917909050556
 31
0.0
  0
LINE
  5
769
330
6D8
100
AcDbEntity
  8
hidden
100
AcDbLine
 10
149.0
 20
70.00820900934497
 30
0.0
 11
160.0
 21
70.00820900934497
 31
0.0
  0
LINE
  5
76A
330
6D8
100
AcDbEntity
  8
hidden
100
AcDbLine
 10
149.0
 20
70.22638390905581
 30
0.0
 11
160.0
 21
70.22638390905581
 31
0.0
  0
LINE
  5
76B
330
6D8
100
AcDbEntity
  8
hidden
100
AcDbLine
 10
149.0
 20
70.25075973825905
 30
0.0
 11
160.0
 21
70.25075973825905
 31
0.0
  0
LINE
  5
76C
330
6D8
100
AcDbEntity
  8
hidden
100
AcDbLine
 10
160.0
 20
70.33670116203957
 30
0.0
 11
149.0
 21
70.33670116203957
 31
0.0
  0
LINE
  5
76D
330
6D8
100
AcDbEntity
  8
hidden
100
AcDbLine
 10
149.0
 20
100.7736160909442
 30
0.0
 11
160.0
 21
100.7736160909442
 31
0.0
  0
LINE
  5
76E
330
6D8
100
AcDbEntity
  8
hidden
100
AcDbLine
 10
149.0
 20
100.7492403445527
 30
0.0
 11
160.0
 21
100.7492403445527
 31
0.0
  0
LINE
  5
76F
330
6D8
100
AcDbEntity
  8
hidden
100
AcDbLine
 10
149.0
 20
100.6632988379605
 30
0.0
 11
160.0
 21
100.6632988379605
 31
0.0
  0
LINE
  5
770
330
6D8
100
AcDbEntity
  8
hidden
100
AcDbLine
 10
149.0
 20
101.1685026175343
 30
0.0
 11
160.0
 21
101.1685026175343
 31
0.0
  0
LINE
  5
771
330
6D8
100
AcDbEntity
  8
hidden
100
AcDbLine
 10
149.0
 20
69.83149738246567
 30
0.0
 11
160.0
 21
69.83149738246567
 31
0.0
  0
LINE
  5
772
330
6D8
100
AcDbEntity
  8
hidden
100
AcDbLine
 10
149.0
 20
73.26934734124492
 30
0.0
 11
160.0
 21
73.26934734124492
 31
0.0
  0
LINE
  5
773
330
6D8
100
AcDbEntity
  8
hidden
100
AcDbLine
 10
149.0
 20
73.1215358329145
 30
0.0
 11
160.0
 21
73.1215358329145
 31
0.0
  0
LINE
  5
774
330
6D8
100
AcDbEntity
  8
hidden
100
AcDbLine
 10
160.0
 20
73.30613484256556
 30
0.0
 11
149.0
 21
73.30613484256556
 31
0.0
  0
LINE
  5
775
330
6D8
100
AcDbEntity
  8
hidden
100
AcDbLine
 10
149.0
 20
97.73065265875505
 30
0.0
 11
160.0
 21
97.73065265875505
 31
0.0
  0
LINE
  5
776
330
6D8
100
AcDbEntity
  8
hidden
100
AcDbLine
 10
149.0
 20
97.87846427577844
 30
0.0
 11
160.0
 21
97.87846427577844
 31
0.0
  0
LINE
  5
777
330
6D8
100
AcDbEntity
  8
hidden
100
AcDbLine
 10
149.0
 20
97.69386515743446
 30
0.0
 11
160.0
 21
97.69386515743446
 31
0.0
  0
LINE
  5
778
330
6D8
100
AcDbEntity
  8
hidden
100
AcDbLine
 10
149.0
 20
97.96612109480336
 30
0.0
 11
160.0
 21
97.96612109480336
 31
0.0
  0
LINE
  5
779
330
6D8
100
AcDbEntity
  8
hidden
100
AcDbLine
 10
149.0
 20
73.03387890519663
 30
0.0
 11
160.0
 21
73.03387890519663
 31
0.0
  0
LINE
  5
77A
330
6D8
100
AcDbEntity
  8
hidden
100
AcDbLine
 10
147.4
 20
100.5
 30
0.0
 11
146.5568888832933
 21
100.5
 31
0.0
  0
LINE
  5
77B
330
6D8
100
AcDbEntity
  8
hidden
100
AcDbLine
 10
146.5568888832932
 20
70.5
 30
0.0
 11
147.4
 21
70.5
 31
0.0
  0
LINE
  5
77C
330
6D8
100
AcDbEntity
  8
hidden
100
AcDbLine
 10
162.4431111167068
 20
100.5
 30
0.0
 11
161.6
 21
100.5
 31
0.0
  0
LINE
  5
77D
330
6D8
100
AcDbEntity
  8
hidden
100
AcDbLine
 10
161.6
 20
70.5
 30
0.0
 11
162.4431111167067
 21
70.5
 31
0.0
  0
LINE
  5
77E
330
6D8
100
AcDbEntity
  8
hidden
100
AcDbLine
 10
149.0
 20
77.14580954001902
 30
0.0
 11
160.0
 21
77.14580954001902
 31
0.0
  0
LINE
  5
77F
330
6D8
100
AcDbEntity
  8
hidden
100
AcDbLine
 10
160.0
 20
77.14813077418306
 30
0.0
 11
149.0
 21
77.14813077418306
 31
0.0
  0
LINE
  5
780
330
6D8
100
AcDbEntity
  8
hidden
100
AcDbLine
 10
153.0784974099081
 20
77.14813075433617
 30
0.0
 11
153.0922880102769
 21
77.14580954001902
 31
0.0
  0
LWPOLYLINE
  5
781
330
6D8
100
AcDbEntity
  8
hidden
100
AcDbPolyline
 90
        5
 70
     0
 43
0.0
 10
155.921513717588
 20
77.14813074263242
 10
155.9362687217965
 20
77.14595121011105
 10
155.9699997985203
 20
77.12769720402953
 10
156.0040112263266
 20
77.09296583730604
 10
156.0102560648641
 20
77.0847363249439
  0
LINE
  5
782
330
6D8
100
AcDbEntity
  8
hidden
100
AcDbLine
 10
149.0
 20
93.85419045998096
 30
0.0
 11
160.0
 21
93.85419045998096
 31
0.0
  0
LINE
  5
783
330
6D8
100
AcDbEntity
  8
hidden
100
AcDbLine
 10
149.0
 20
93.85186922581693
 30
0.0
 11
160.0
 21
93.85186922581693
 31
0.0
  0
LINE
  5
784
330
6D8
100
AcDbEntity
  8
hidden
100
AcDbLine
 10
149.0
 20
93.9141940207007
 30
0.0
 11
160.0
 21
93.9141940207007
 31
0.0
  0
LINE
  5
785
330
6D8
100
AcDbEntity
  8
hidden
100
AcDbLine
 10
149.0
 20
77.08580597929928
 30
0.0
 11
160.0
 21
77.08580597929928
 31
0.0
  0
LINE
  5
786
330
6D8
100
AcDbEntity
  8
hidden
100
AcDbLine
 10
153.3280510617723
 20
77.08348607064937
 30
0.0
 11
153.3044697981287
 21
77.08580597929928
 31
0.0
  0
LWPOLYLINE
  5
787
330
6D8
100
AcDbEntity
  8
hidden
100
AcDbPolyline
 90
        9
 70
     0
 43
0.0
 10
155.3787578759237
 20
81.91491167056725
 10
155.4816615913161
 20
81.96749857657943
 10
155.6795346398463
 20
82.09966029001701
 10
155.8498128682721
 20
82.26328685292135
 10
155.9814472400752
 20
82.45190345699304
 10
156.0331801595799
 20
82.55812791927079
 10
156.0733262601169
 20
82.66967012457332
 10
156.1159932913662
 20
82.89056069589414
 10
156.1209999995791
 20
82.9999680110263
  0
LWPOLYLINE
  5
788
330
6D8
100
AcDbEntity
  8
hidden
100
AcDbPolyline
 90
        5
 70
     0
 43
0.0
 10
154.5
 20
81.73120141471863
 10
154.7601693551879
 20
81.74582575720392
 10
155.0203387103759
 20
81.79122489297023
 10
155.2582860801754
 20
81.86407122166462
 10
155.3787578759237
 20
81.91491167056725
  0
LINE
  5
789
330
6D8
100
AcDbEntity
  8
hidden
100
AcDbLine
 10
155.9077119897231
 20
77.14580954001902
 30
0.0
 11
155.921513717588
 21
77.14813074263242
 31
0.0
  0
LWPOLYLINE
  5
78A
330
6D8
100
AcDbEntity
  8
hidden
100
AcDbPolyline
 90
        4
 70
     0
 43
0.0
 10
155.9077119897231
 20
77.14580954001902
 10
155.8323052079394
 20
77.12113811993422
 10
155.7467587790554
 20
77.0979159404884
 10
155.6955302018713
 20
77.08580597929928
  0
LINE
  5
78B
330
6D8
100
AcDbEntity
  8
hidden
100
AcDbLine
 10
155.6955302018713
 20
77.08580597929928
 30
0.0
 11
155.6722051850026
 21
77.08348519005501
 31
0.0
  0
LWPOLYLINE
  5
78C
330
6D8
100
AcDbEntity
  8
hidden
100
AcDbPolyline
 90
        4
 70
     0
 43
0.0
 10
153.3044697981287
 20
77.08580597929928
 10
153.2136105382947
 20
77.10815346043519
 10
153.1325414790075
 20
77.13204900330922
 10
153.0922880102769
 20
77.14580954001902
  0
LWPOLYLINE
  5
78D
330
6D8
100
AcDbEntity
  8
hidden
100
AcDbPolyline
 90
        5
 70
     0
 43
0.0
 10
152.9916846607483
 20
77.08736005799163
 10
153.0012793978288
 20
77.09946520599084
 10
153.0354063765899
 20
77.13172675457818
 10
153.0686824966064
 20
77.14713735466488
 10
153.0784974099081
 20
77.14813075433617
  0
LINE
  5
78E
330
6D8
100
AcDbEntity
  8
hidden
100
AcDbLine
 10
156.121
 20
76.6250094591389
 30
0.0
 11
156.121
 21
83.0009406292834
 31
0.0
  0
LINE
  5
78F
330
6D8
100
AcDbEntity
  8
hidden
100
AcDbLine
 10
152.879
 20
83.00083616266966
 30
0.0
 11
152.879
 21
76.62500945854299
 31
0.0
  0
LWPOLYLINE
  5
790
330
6D8
100
AcDbEntity
  8
hidden
100
AcDbPolyline
 90
       23
 70
     0
 43
0.0
 10
156.1209999995791
 20
82.9999680110263
 10
156.1142521967909
 20
83.12904932778223
 10
156.0706650573955
 20
83.35516111448305
 10
155.9851163782498
 20
83.5838235623901
 10
155.8630537316489
 20
83.79858591702572
 10
155.7023432092045
 20
84.0013621777923
 10
155.5063570222974
 20
84.1826215275929
 10
155.275651062068
 20
84.33612226387018
 10
155.0256916219409
 20
84.44842286568966
 10
154.8899670958825
 20
84.4895870832538
 10
154.750995064415
 20
84.51859764748107
 10
154.4884081781142
 20
84.53881277729684
 10
154.2181031979252
 20
84.5132689308048
 10
153.9716538632563
 20
84.44748554210314
 10
153.7330441380214
 20
84.34089576142782
 10
153.5143121080986
 20
84.1986925313501
 10
153.3166130777976
 20
84.02152296638462
 10
153.1483450021754
 20
83.81528011324285
 10
153.0143847599511
 20
83.58276020114494
 10
152.9270345713352
 20
83.34689600654649
 10
152.8990397749321
 20
83.22321564854734
 10
152.8830314541048
 20
83.09959867161692
 10
152.8790000008173
 20
83.00004461013133
  0
LWPOLYLINE
  5
791
330
6D8
100
AcDbEntity
  8
hidden
100
AcDbPolyline
 90
        6
 70
     0
 43
0.0
 10
153.6212262362335
 20
81.91491909615353
 10
153.7264992686001
 20
81.86991911181079
 10
153.8531660242612
 20
81.8258051939804
 10
153.9850272936034
 20
81.789950763537
 10
154.2350401299996
 20
81.74637398656246
 10
154.5
 20
81.73120141471863
  0
LWPOLYLINE
  5
792
330
6D8
100
AcDbEntity
  8
hidden
100
AcDbPolyline
 90
        8
 70
     0
 43
0.0
 10
152.8790000008173
 20
83.00004461013133
 10
152.8856208445322
 20
82.87432070744197
 10
152.9318040057229
 20
82.6530447791748
 10
153.0159485468977
 20
82.45661904821925
 10
153.1402769454159
 20
82.27498627495231
 10
153.3010076298175
 20
82.11548308568015
 10
153.4987260853425
 20
81.97861857799992
 10
153.6212262362335
 20
81.91491909615353
  0
LINE
  5
793
330
6D8
100
AcDbEntity
  8
hidden
100
AcDbLine
 10
147.4
 20
66.5606439961399
 30
0.0
 11
147.4
 21
104.4393560038601
 31
0.0
  0
LINE
  5
794
330
6D8
100
AcDbEntity
  8
hidden
100
AcDbLine
 10
147.4
 20
104.4393560038601
 30
0.0
 11
146.5568888832932
 21
107.5858895278359
 31
0.0
  0
LINE
  5
795
330
6D8
100
AcDbEntity
  8
hidden
100
AcDbLine
 10
146.5568888832932
 20
63.41411047216411
 30
0.0
 11
147.4
 21
66.5606439961399
 31
0.0
  0
LINE
  5
796
330
6D8
100
AcDbEntity
  8
hidden
100
AcDbLine
 10
161.6
 20
66.5606439961399
 30
0.0
 11
161.6
 21
104.4393560038601
 31
0.0
  0
LINE
  5
797
330
6D8
100
AcDbEntity
  8
hidden
100
AcDbLine
 10
161.6
 20
66.5606439961399
 30
0.0
 11
162.4431111167068
 21
63.41411047216411
 31
0.0
  0
LINE
  5
798
330
6D8
100
AcDbEntity
  8
hidden
100
AcDbLine
 10
162.4431111167068
 20
107.5858895278359
 30
0.0
 11
161.6
 21
104.4393560038601
 31
0.0
  0
LINE
  5
799
330
6D8
100
AcDbEntity
  8
AM_5
  6
Dashed
100
AcDbLine
 10
156.5
 20
92.0
 30
0.0
 11
152.5
 21
92.0
 31
0.0
  0
LINE
  5
79A
330
6D8
100
AcDbEntity
  8
center
100
AcDbLine
 10
163.3
 20
85.5
 30
0.0
 11
145.7
 21
85.5
 31
0.0
  0
LINE
  5
79B
330
6D8
100
AcDbEntity
  8
center
100
AcDbLine
 10
154.5
 20
105.6075
 30
0.0
 11
154.5
 21
84.5425
 31
0.0
  0
LINE
  5
79C
330
6D8
100
AcDbEntity
  8
vis
100
AcDbLine
 10
160.0
 20
104.5766514517328
 30
0.0
 11
149.0
 21
104.5766514517328
 31
0.0
  0
LINE
  5
79D
330
6D8
100
AcDbEntity
  8
vis
100
AcDbLine
 10
149.0
 20
66.42334854826714
 30
0.0
 11
160.0
 21
66.42334854826714
 31
0.0
  0
LINE
  5
79E
330
6D8
100
AcDbEntity
  8
AM_4
100
AcDbLine
 10
149.0
 20
104.5742381499829
 30
0.0
 11
160.0
 21
104.5742381499829
 31
0.0
  0
LINE
  5
79F
330
6D8
100
AcDbEntity
  8
AM_4
100
AcDbLine
 10
148.9999999999999
 20
66.42576186330838
 30
0.0
 11
160.0
 21
66.42576186330838
 31
0.0
  0
LINE
  5
7A0
330
6D8
100
AcDbEntity
  8
AM_4
100
AcDbLine
 10
149.0
 20
66.63525651369592
 30
0.0
 11
160.0
 21
66.63525651369592
 31
0.0
  0
LINE
  5
7A1
330
6D8
100
AcDbEntity
  8
AM_4
100
AcDbLine
 10
148.9999999999999
 20
104.3647435206104
 30
0.0
 11
160.0
 21
104.3647435206104
 31
0.0
  0
LINE
  5
7A2
330
6D8
100
AcDbEntity
  8
AM_4
100
AcDbLine
 10
149.0
 20
67.13024462540501
 30
0.0
 11
160.0
 21
67.13024462540501
 31
0.0
  0
LINE
  5
7A3
330
6D8
100
AcDbEntity
  8
AM_4
100
AcDbLine
 10
149.0
 20
103.869755374595
 30
0.0
 11
160.0
 21
103.869755374595
 31
0.0
  0
LINE
  5
7A4
330
6D8
100
AcDbEntity
  8
vis
100
AcDbLine
 10
160.0
 20
103.5210011383965
 30
0.0
 11
149.0
 21
103.5210011383965
 31
0.0
  0
LINE
  5
7A5
330
6D8
100
AcDbEntity
  8
vis
100
AcDbLine
 10
149.0
 20
67.4789988616036
 30
0.0
 11
160.0
 21
67.4789988616036
 31
0.0
  0
LINE
  5
7A6
330
6D8
100
AcDbEntity
  8
AM_4
100
AcDbLine
 10
149.0
 20
103.483855147313
 30
0.0
 11
160.0
 21
103.483855147313
 31
0.0
  0
LINE
  5
7A7
330
6D8
100
AcDbEntity
  8
AM_4
100
AcDbLine
 10
148.9999999999999
 20
67.51614504598726
 30
0.0
 11
160.0
 21
67.51614504598726
 31
0.0
  0
LINE
  5
7A8
330
6D8
100
AcDbEntity
  8
AM_4
100
AcDbLine
 10
149.0
 20
68.73680631352724
 30
0.0
 11
160.0
 21
68.73680631352724
 31
0.0
  0
LINE
  5
7A9
330
6D8
100
AcDbEntity
  8
AM_4
100
AcDbLine
 10
149.0
 20
68.1303524443832
 30
0.0
 11
160.0
 21
68.1303524443832
 31
0.0
  0
LINE
  5
7AA
330
6D8
100
AcDbEntity
  8
AM_4
100
AcDbLine
 10
148.9999999999999
 20
102.8696478134997
 30
0.0
 11
160.0
 21
102.8696478134997
 31
0.0
  0
LINE
  5
7AB
330
6D8
100
AcDbEntity
  8
AM_4
100
AcDbLine
 10
149.0
 20
102.2631936864728
 30
0.0
 11
160.0
 21
102.2631936864728
 31
0.0
  0
LINE
  5
7AC
330
6D8
100
AcDbEntity
  8
AM_4
100
AcDbLine
 10
149.0
 20
69.42265015090588
 30
0.0
 11
160.0
 21
69.42265015090588
 31
0.0
  0
LINE
  5
7AD
330
6D8
100
AcDbEntity
  8
AM_4
100
AcDbLine
 10
149.0
 20
101.5773498490941
 30
0.0
 11
160.0
 21
101.5773498490941
 31
0.0
  0
LINE
  5
7AE
330
6D8
100
AcDbEntity
  8
vis
100
AcDbLine
 10
160.0
 20
101.2788198705181
 30
0.0
 11
149.0
 21
101.2788198705181
 31
0.0
  0
LINE
  5
7AF
330
6D8
100
AcDbEntity
  8
vis
100
AcDbLine
 10
149.0
 20
69.72118012948195
 30
0.0
 11
160.0
 21
69.72118012948195
 31
0.0
  0
LINE
  5
7B0
330
6D8
100
AcDbEntity
  8
AM_4
100
AcDbLine
 10
149.0
 20
101.1679020993828
 30
0.0
 11
160.0
 21
101.1679020993828
 31
0.0
  0
LINE
  5
7B1
330
6D8
100
AcDbEntity
  8
AM_4
100
AcDbLine
 10
148.9999999999999
 20
69.83209823122664
 30
0.0
 11
160.0
 21
69.83209823122664
 31
0.0
  0
LINE
  5
7B2
330
6D8
100
AcDbEntity
  8
AM_4
100
AcDbLine
 10
149.0
 20
72.1326961599322
 30
0.0
 11
160.0
 21
72.1326961599322
 31
0.0
  0
LINE
  5
7B3
330
6D8
100
AcDbEntity
  8
AM_4
100
AcDbLine
 10
149.0
 20
98.86730384006779
 30
0.0
 11
160.0
 21
98.86730384006779
 31
0.0
  0
LINE
  5
7B4
330
6D8
100
AcDbEntity
  8
AM_4
100
AcDbLine
 10
148.9999999999999
 20
100.1908393061916
 30
0.0
 11
160.0
 21
100.1908393061916
 31
0.0
  0
LINE
  5
7B5
330
6D8
100
AcDbEntity
  8
AM_4
100
AcDbLine
 10
149.0
 20
99.5142480511048
 30
0.0
 11
160.0
 21
99.5142480511048
 31
0.0
  0
LINE
  5
7B6
330
6D8
100
AcDbEntity
  8
AM_4
100
AcDbLine
 10
149.0
 20
71.4857519488952
 30
0.0
 11
160.0
 21
71.4857519488952
 31
0.0
  0
LINE
  5
7B7
330
6D8
100
AcDbEntity
  8
AM_4
100
AcDbLine
 10
149.0
 20
70.80916108027498
 30
0.0
 11
160.0
 21
70.80916108027498
 31
0.0
  0
LINE
  5
7B8
330
6D8
100
AcDbEntity
  8
AM_4
100
AcDbLine
 10
149.0
 20
98.22148280917678
 30
0.0
 11
160.0
 21
98.22148280917678
 31
0.0
  0
LINE
  5
7B9
330
6D8
100
AcDbEntity
  8
AM_4
100
AcDbLine
 10
149.0
 20
72.77851729658539
 30
0.0
 11
160.0
 21
72.77851729658539
 31
0.0
  0
LINE
  5
7BA
330
6D8
100
AcDbEntity
  8
vis
100
AcDbLine
 10
160.0
 20
98.00290859612399
 30
0.0
 11
149.0
 21
98.00290859612399
 31
0.0
  0
LINE
  5
7BB
330
6D8
100
AcDbEntity
  8
vis
100
AcDbLine
 10
149.0
 20
72.99709140387604
 30
0.0
 11
160.0
 21
72.99709140387604
 31
0.0
  0
LINE
  5
7BC
330
6D8
100
AcDbEntity
  8
vis
100
AcDbLine
 10
146.5
 20
70.5
 30
0.0
 11
146.5
 21
100.5
 31
0.0
  0
LINE
  5
7BD
330
6D8
100
AcDbEntity
  8
vis
100
AcDbLine
 10
146.5568888832933
 20
100.5
 30
0.0
 11
146.5
 21
100.5
 31
0.0
  0
LINE
  5
7BE
330
6D8
100
AcDbEntity
  8
vis
100
AcDbLine
 10
146.5
 20
70.5
 30
0.0
 11
146.5568888832932
 21
70.5
 31
0.0
  0
LINE
  5
7BF
330
6D8
100
AcDbEntity
  8
vis
100
AcDbLine
 10
162.5
 20
70.5
 30
0.0
 11
162.5
 21
100.5
 31
0.0
  0
LINE
  5
7C0
330
6D8
100
AcDbEntity
  8
vis
100
AcDbLine
 10
162.5
 20
100.5
 30
0.0
 11
162.4431111167068
 21
100.5
 31
0.0
  0
LINE
  5
7C1
330
6D8
100
AcDbEntity
  8
vis
100
AcDbLine
 10
162.4431111167067
 20
70.5
 30
0.0
 11
162.5
 21
70.5
 31
0.0
  0
LINE
  5
7C2
330
6D8
100
AcDbEntity
  8
AM_4
100
AcDbLine
 10
149.0
 20
76.41577362049661
 30
0.0
 11
152.8972491821636
 21
76.41577362049661
 31
0.0
  0
LINE
  5
7C3
330
6D8
100
AcDbEntity
  8
AM_4
100
AcDbLine
 10
156.1027508178364
 20
76.41577362049661
 30
0.0
 11
160.0
 21
76.41577362049661
 31
0.0
  0
LINE
  5
7C4
330
6D8
100
AcDbEntity
  8
AM_4
100
AcDbLine
 10
149.0
 20
94.58422651851541
 30
0.0
 11
160.0
 21
94.58422651851541
 31
0.0
  0
LINE
  5
7C5
330
6D8
100
AcDbEntity
  8
AM_4
100
AcDbLine
 10
149.0
 20
97.78420741581208
 30
0.0
 11
160.0
 21
97.78420741581208
 31
0.0
  0
LINE
  5
7C6
330
6D8
100
AcDbEntity
  8
AM_4
100
AcDbLine
 10
148.9999999999999
 20
73.21579301572456
 30
0.0
 11
160.0
 21
73.21579301572456
 31
0.0
  0
LINE
  5
7C7
330
6D8
100
AcDbEntity
  8
AM_4
100
AcDbLine
 10
149.0
 20
75.75370183514505
 30
0.0
 11
153.0922880102769
 21
75.75370183514505
 31
0.0
  0
LINE
  5
7C8
330
6D8
100
AcDbEntity
  8
AM_4
100
AcDbLine
 10
155.9077119897231
 20
75.75370183514505
 30
0.0
 11
160.0
 21
75.75370183514505
 31
0.0
  0
LINE
  5
7C9
330
6D8
100
AcDbEntity
  8
AM_4
100
AcDbLine
 10
149.0
 20
95.24629816485492
 30
0.0
 11
160.0
 21
95.24629816485492
 31
0.0
  0
LINE
  5
7CA
330
6D8
100
AcDbEntity
  8
AM_4
100
AcDbLine
 10
148.9999999999999
 20
96.51087438213236
 30
0.0
 11
160.0
 21
96.51087438213236
 31
0.0
  0
LINE
  5
7CB
330
6D8
100
AcDbEntity
  8
AM_4
100
AcDbLine
 10
149.0
 20
95.81025457069396
 30
0.0
 11
160.0
 21
95.81025457069396
 31
0.0
  0
LINE
  5
7CC
330
6D8
100
AcDbEntity
  8
AM_4
100
AcDbLine
 10
149.0
 20
75.18974542930603
 30
0.0
 11
153.3044697981287
 21
75.18974542930603
 31
0.0
  0
LINE
  5
7CD
330
6D8
100
AcDbEntity
  8
AM_4
100
AcDbLine
 10
149.0
 20
74.4891261107868
 30
0.0
 11
160.0
 21
74.4891261107868
 31
0.0
  0
LINE
  5
7CE
330
6D8
100
AcDbEntity
  8
AM_4
100
AcDbLine
 10
155.6955302018713
 20
75.18974542930603
 30
0.0
 11
160.0
 21
75.18974542930603
 31
0.0
  0
LINE
  5
7CF
330
6D8
100
AcDbEntity
  8
AM_4
100
AcDbLine
 10
149.0
 20
76.83588350989919
 30
0.0
 11
152.8972491556272
 21
76.83588350989919
 31
0.0
  0
LINE
  5
7D0
330
6D8
100
AcDbEntity
  8
AM_4
100
AcDbLine
 10
156.1027508443728
 20
76.83588350989919
 30
0.0
 11
160.0
 21
76.83588350989919
 31
0.0
  0
LWPOLYLINE
  5
7D1
330
6D8
100
AcDbEntity
  8
vis
100
AcDbPolyline
 90
        5
 70
     0
 43
0.0
 10
156.0102560648641
 20
77.0847363249439
 10
156.0376489703116
 20
77.04060112155153
 10
156.0676144483609
 20
76.97225485209577
 10
156.0926257332605
 20
76.88629723679581
 10
156.1027508443744
 20
76.83588350990237
  0
LINE
  5
7D2
330
6D8
100
AcDbEntity
  8
AM_4
100
AcDbLine
 10
149.0
 20
94.16411633704554
 30
0.0
 11
160.0
 21
94.16411633704554
 31
0.0
  0
LINE
  5
7D3
330
6D8
100
AcDbEntity
  8
AM_4
100
AcDbLine
 10
149.0
 20
80.67210495269721
 30
0.0
 11
160.0
 21
80.67210495269721
 31
0.0
  0
LINE
  5
7D4
330
6D8
100
AcDbEntity
  8
AM_4
100
AcDbLine
 10
149.0
 20
90.32789520301137
 30
0.0
 11
160.0
 21
90.32789520301137
 31
0.0
  0
LINE
  5
7D5
330
6D8
100
AcDbEntity
  8
vis
100
AcDbLine
 10
160.0
 20
93.91651525486475
 30
0.0
 11
149.0
 21
93.91651525486475
 31
0.0
  0
LINE
  5
7D6
330
6D8
100
AcDbEntity
  8
vis
100
AcDbLine
 10
149.0
 20
77.08348474513524
 30
0.0
 11
153.330780489313
 21
77.08348474513524
 31
0.0
  0
LINE
  5
7D7
330
6D8
100
AcDbEntity
  8
vis
100
AcDbLine
 10
155.6707108228898
 20
77.08348474513524
 30
0.0
 11
160.0
 21
77.08348474513524
 31
0.0
  0
LWPOLYLINE
  5
7D8
330
6D8
100
AcDbEntity
  8
vis
100
AcDbPolyline
 90
       19
 70
     0
 43
0.0
 10
155.6722051850026
 20
77.08348519005501
 10
155.6527653977627
 20
77.08476405383877
 10
155.5987129125824
 20
77.09608136548634
 10
155.5354163378329
 20
77.11665724912697
 10
155.4641245900277
 20
77.14347404867483
 10
155.3338747846973
 20
77.19389837178892
 10
155.1911684300448
 20
77.24527411552694
 10
154.963531632884
 20
77.31027617553708
 10
154.7244783803067
 20
77.35270486485308
 10
154.472935880187
 20
77.36534209441005
 10
154.2220503825224
 20
77.34575924599825
 10
154.044715779286
 20
77.31209671206108
 10
153.8728754971639
 20
77.26553207664962
 10
153.711060654113
 20
77.21082902524944
 10
153.601040473709
 20
77.16885179723177
 10
153.5006237721869
 20
77.12995908253124
 10
153.4279640710272
 20
77.10415757321694
 10
153.3656514460946
 20
77.08755627347288
 10
153.3280510617723
 20
77.08348607064937
  0
LWPOLYLINE
  5
7D9
330
6D8
100
AcDbEntity
  8
vis
100
AcDbPolyline
 90
       19
 70
     0
 43
0.0
 10
153.3044697981287
 20
75.18974542930603
 10
153.3472346022373
 20
75.11090460274765
 10
153.4012870874176
 20
75.03176239614703
 10
153.4645836621671
 20
74.95647634225033
 10
153.5358754099722
 20
74.8864152712586
 10
153.6661252153027
 20
74.78645100354021
 10
153.8088315699551
 20
74.7056320927355
 10
154.0364683671158
 20
74.62014578188578
 10
154.275521619693
 20
74.57210216573824
 10
154.5270641198128
 20
74.55828660019198
 10
154.7779496174773
 20
74.57968711562408
 10
154.9552842207137
 20
74.61789786670731
 10
155.1271245028359
 20
74.67696124866897
 10
155.2889393458868
 20
74.75814740597332
 10
155.3989595262908
 20
74.83262590376837
 10
155.4993762278129
 20
74.91937896277828
 10
155.5720359289726
 20
74.99827244137089
 10
155.6343485539053
 20
75.08189352147326
 10
155.6955302018713
 20
75.18974542930603
  0
LWPOLYLINE
  5
7DA
330
6D8
100
AcDbEntity
  8
vis
100
AcDbPolyline
 90
        4
 70
     0
 43
0.0
 10
155.6955302018713
 20
75.18974542930603
 10
155.7863894617053
 20
75.39978305023702
 10
155.8674585209925
 20
75.62437046327001
 10
155.9077119897231
 20
75.75370183514505
  0
LWPOLYLINE
  5
7DB
330
6D8
100
AcDbEntity
  8
vis
100
AcDbPolyline
 90
        8
 70
     0
 43
0.0
 10
156.1027508178364
 20
76.41577362049661
 10
156.0842960343833
 20
76.32531554089162
 10
156.0593778947327
 20
76.22699832776617
 10
156.0308113974577
 20
76.1295092616926
 10
155.9987205376746
 20
76.02968341242621
 10
155.9645935572991
 20
75.92847282330126
 10
155.9313174412381
 20
75.82921697953793
 10
155.9077119897231
 20
75.75370183514505
  0
LWPOLYLINE
  5
7DC
330
6D8
100
AcDbEntity
  8
vis
100
AcDbPolyline
 90
        3
 70
     0
 43
0.0
 10
156.1027508178364
 20
76.41577362049661
 10
156.1209976091405
 20
76.6225890159338
 10
156.1209999999259
 20
76.62498658117525
  0
LWPOLYLINE
  5
7DD
330
6D8
100
AcDbEntity
  8
vis
100
AcDbPolyline
 90
        5
 70
     0
 43
0.0
 10
152.8972491556272
 20
76.83588350989919
 10
152.9157039270071
 20
76.9194039678022
 10
152.9406220553462
 20
76.99377375472157
 10
152.9691885438518
 20
77.05296592442134
 10
152.9916846607483
 20
77.08736005799163
  0
LWPOLYLINE
  5
7DE
330
6D8
100
AcDbEntity
  8
vis
100
AcDbPolyline
 90
        3
 70
     0
 43
0.0
 10
152.8972491556272
 20
76.83588350989919
 10
152.8790023905549
 20
76.6274110487954
 10
152.8790000000741
 20
76.62501341800606
  0
LWPOLYLINE
  5
7DF
330
6D8
100
AcDbEntity
  8
vis
100
AcDbPolyline
 90
        8
 70
     0
 43
0.0
 10
153.0922880102769
 20
75.75370183514505
 10
153.0637312782035
 20
75.84429093324636
 10
153.0300002014797
 20
75.9443862655814
 10
152.9959887736734
 20
76.04569619998703
 10
152.9623510296884
 20
76.15187735552574
 10
152.9323855516391
 20
76.25763759518784
 10
152.9073742667396
 20
76.36327446361108
 10
152.8972491821636
 20
76.41577362049661
  0
LWPOLYLINE
  5
7E0
330
6D8
100
AcDbEntity
  8
vis
100
AcDbPolyline
 90
        4
 70
     0
 43
0.0
 10
153.0922880102769
 20
75.75370183514505
 10
153.1676947920606
 20
75.5218221728204
 10
153.2532412209446
 20
75.30356351118566
 10
153.3044697981287
 20
75.18974542930603
  0
LINE
  5
7E1
330
6D8
100
AcDbEntity
  8
vis
100
AcDbLine
 10
156.1209999999259
 20
76.62498658117525
 30
0.0
 11
156.1027508443728
 21
76.8358835098992
 31
0.0
  0
LINE
  5
7E2
330
6D8
100
AcDbEntity
  8
vis
100
AcDbLine
 10
152.8790000000741
 20
76.62501341800606
 30
0.0
 11
152.8972491821636
 21
76.4157736204966
 31
0.0
  0
LINE
  5
7E3
330
6D8
100
AcDbEntity
  8
AM_4
100
AcDbLine
 10
149.0
 20
81.14067697605695
 30
0.0
 11
160.0
 21
81.14067697605695
 31
0.0
  0
LINE
  5
7E4
330
6D8
100
AcDbEntity
  8
AM_4
100
AcDbLine
 10
149.0
 20
89.85932318079615
 30
0.0
 11
160.0
 21
89.85932318079615
 31
0.0
  0
LINE
  5
7E5
330
6D8
100
AcDbEntity
  8
AM_4
100
AcDbLine
 10
149.0
 20
80.03890162377353
 30
0.0
 11
160.0
 21
80.03890162377353
 31
0.0
  0
LINE
  5
7E6
330
6D8
100
AcDbEntity
  8
AM_4
100
AcDbLine
 10
149.0
 20
90.96109837622646
 30
0.0
 11
160.0
 21
90.96109837622646
 31
0.0
  0
LINE
  5
7E7
330
6D8
100
AcDbEntity
  8
AM_4
100
AcDbLine
 10
148.9999999999999
 20
77.43663622406973
 30
0.0
 11
160.0
 21
77.43663622406973
 31
0.0
  0
LINE
  5
7E8
330
6D8
100
AcDbEntity
  8
AM_4
100
AcDbLine
 10
149.0
 20
93.5633642974664
 30
0.0
 11
160.0
 21
93.5633642974664
 31
0.0
  0
LINE
  5
7E9
330
6D8
100
AcDbEntity
  8
AM_4
100
AcDbLine
 10
148.9999999999999
 20
92.08053656526103
 30
0.0
 11
160.0
 21
92.08053656526103
 31
0.0
  0
LINE
  5
7EA
330
6D8
100
AcDbEntity
  8
AM_4
100
AcDbLine
 10
149.0
 20
91.40363427979162
 30
0.0
 11
160.0
 21
91.40363427979162
 31
0.0
  0
LINE
  5
7EB
330
6D8
100
AcDbEntity
  8
AM_4
100
AcDbLine
 10
149.0
 20
79.59636572020837
 30
0.0
 11
160.0
 21
79.59636572020837
 31
0.0
  0
LINE
  5
7EC
330
6D8
100
AcDbEntity
  8
AM_4
100
AcDbLine
 10
149.0
 20
78.91946322490664
 30
0.0
 11
160.0
 21
78.91946322490664
 31
0.0
  0
LINE
  5
7ED
330
6D8
100
AcDbEntity
  8
AM_4
100
AcDbLine
 10
149.0
 20
85.2574493538977
 30
0.0
 11
160.0
 21
85.2574493538977
 31
0.0
  0
LINE
  5
7EE
330
6D8
100
AcDbEntity
  8
AM_4
100
AcDbLine
 10
149.0
 20
85.74255080789615
 30
0.0
 11
160.0
 21
85.74255080789615
 31
0.0
  0
LINE
  5
7EF
330
6D8
100
AcDbEntity
  8
AM_4
100
AcDbLine
 10
149.0
 20
81.59159601268831
 30
0.0
 11
160.0
 21
81.59159601268831
 31
0.0
  0
LINE
  5
7F0
330
6D8
100
AcDbEntity
  8
AM_4
100
AcDbLine
 10
149.0
 20
89.40840398731166
 30
0.0
 11
160.0
 21
89.40840398731166
 31
0.0
  0
LINE
  5
7F1
330
6D8
100
AcDbEntity
  8
AM_4
100
AcDbLine
 10
149.0
 20
84.69626624185005
 30
0.0
 11
160.0
 21
84.69626624185005
 31
0.0
  0
LINE
  5
7F2
330
6D8
100
AcDbEntity
  8
AM_4
100
AcDbLine
 10
149.0
 20
86.30373375814992
 30
0.0
 11
160.0
 21
86.30373375814992
 31
0.0
  0
LINE
  5
7F3
330
6D8
100
AcDbEntity
  8
AM_4
100
AcDbLine
 10
149.0
 20
89.28885352920038
 30
0.0
 11
160.0
 21
89.28885352920038
 31
0.0
  0
LINE
  5
7F4
330
6D8
100
AcDbEntity
  8
AM_4
100
AcDbLine
 10
149.0
 20
81.7111464707996
 30
0.0
 11
160.0
 21
81.7111464707996
 31
0.0
  0
LINE
  5
7F5
330
6D8
100
AcDbEntity
  8
AM_4
100
AcDbLine
 10
149.0
 20
88.79301582078615
 30
0.0
 11
160.0
 21
88.79301582078615
 31
0.0
  0
LINE
  5
7F6
330
6D8
100
AcDbEntity
  8
AM_4
100
AcDbLine
 10
148.9999999999999
 20
82.20698433883952
 30
0.0
 11
160.0
 21
82.20698433883952
 31
0.0
  0
LINE
  5
7F7
330
6D8
100
AcDbEntity
  8
AM_4
100
AcDbLine
 10
149.0
 20
84.40530893106155
 30
0.0
 11
160.0
 21
84.40530893106155
 31
0.0
  0
LINE
  5
7F8
330
6D8
100
AcDbEntity
  8
AM_4
100
AcDbLine
 10
149.0
 20
83.79825413244662
 30
0.0
 11
160.0
 21
83.79825413244662
 31
0.0
  0
LINE
  5
7F9
330
6D8
100
AcDbEntity
  8
AM_4
100
AcDbLine
 10
148.9999999999999
 20
87.20174586755337
 30
0.0
 11
160.0
 21
87.20174602895172
 31
0.0
  0
LINE
  5
7FA
330
6D8
100
AcDbEntity
  8
AM_4
100
AcDbLine
 10
149.0
 20
86.59469106893843
 30
0.0
 11
160.0
 21
86.59469106893843
 31
0.0
  0
LINE
  5
7FB
330
6D8
100
AcDbEntity
  8
vis
100
AcDbLine
 10
146.5568888832932
 20
63.41411047216411
 30
0.0
 11
146.5568888832932
 21
107.5858895278359
 31
0.0
  0
LINE
  5
7FC
330
6D8
100
AcDbEntity
  8
vis
100
AcDbLine
 10
146.5568888832932
 20
63.41411047216411
 30
0.0
 11
148.1023702053557
 21
62.99999999999999
 31
0.0
  0
LINE
  5
7FD
330
6D8
100
AcDbEntity
  8
vis
100
AcDbLine
 10
148.1023702053557
 20
108.0
 30
0.0
 11
146.5568888832932
 21
107.5858895278359
 31
0.0
  0
LINE
  5
7FE
330
6D8
100
AcDbEntity
  8
vis
100
AcDbLine
 10
148.1023702053557
 20
62.99999999999999
 30
0.0
 11
148.1023702053557
 21
108.0
 31
0.0
  0
LINE
  5
7FF
330
6D8
100
AcDbEntity
  8
vis
100
AcDbLine
 10
148.9999999999999
 20
66.35
 30
0.0
 11
148.9999999999999
 21
104.65
 31
0.0
  0
LINE
  5
800
330
6D8
100
AcDbEntity
  8
vis
100
AcDbLine
 10
148.9999999999999
 20
104.65
 30
0.0
 11
148.1023702053557
 21
108.0
 31
0.0
  0
LINE
  5
801
330
6D8
100
AcDbEntity
  8
vis
100
AcDbLine
 10
148.1023702053557
 20
62.99999999999999
 30
0.0
 11
148.9999999999999
 21
66.35
 31
0.0
  0
LINE
  5
802
330
6D8
100
AcDbEntity
  8
vis
100
AcDbLine
 10
162.4431111167068
 20
63.41411047216411
 30
0.0
 11
162.4431111167068
 21
107.5858895278359
 31
0.0
  0
LINE
  5
803
330
6D8
100
AcDbEntity
  8
vis
100
AcDbLine
 10
162.4431111167068
 20
107.5858895278359
 30
0.0
 11
160.8976297946443
 21
108.0
 31
0.0
  0
LINE
  5
804
330
6D8
100
AcDbEntity
  8
vis
100
AcDbLine
 10
160.8976297946443
 20
62.99999999999999
 30
0.0
 11
162.4431111167068
 21
63.41411047216411
 31
0.0
  0
LINE
  5
805
330
6D8
100
AcDbEntity
  8
vis
100
AcDbLine
 10
160.0000000000001
 20
66.35
 30
0.0
 11
160.0000000000001
 21
104.65
 31
0.0
  0
LINE
  5
806
330
6D8
100
AcDbEntity
  8
vis
100
AcDbLine
 10
160.8976297946443
 20
62.99999999999999
 30
0.0
 11
160.8976297946443
 21
108.0
 31
0.0
  0
LINE
  5
807
330
6D8
100
AcDbEntity
  8
vis
100
AcDbLine
 10
160.0000000000001
 20
66.35
 30
0.0
 11
160.8976297946443
 21
62.99999999999999
 31
0.0
  0
LINE
  5
808
330
6D8
100
AcDbEntity
  8
vis
100
AcDbLine
 10
160.8976297946443
 20
108.0
 30
0.0
 11
160.0000000000001
 21
104.65
 31
0.0
  0
ENDBLK
  5
6DB
330
6D8
100
AcDbEntity
  8
0
100
AcDbBlockEnd
  0
BLOCK
  5
80B
330
809
100
AcDbEntity
  8
0
100
AcDbBlockBegin
  2
16_SET_SCREW4_3_1_0_in_MTP24XL037_A_C10_900
 70
     2
 10
0.0
 20
0.0
 30
0.0
  3
16_SET_SCREW4_3_1_0_in_MTP24XL037_A_C10_900
  1

  0
ATTDEF
  5
80D
330
809
100
AcDbEntity
  8
attrib
100
AcDbText
 10
73.5
 20
156.2132714464552
 30
0.0
 40
0.5
  1
SET-SCREW4-3
100
AcDbAttributeDefinition
  3

  2
NB
 70
     8
280
     0
  0
ATTDEF
  5
80E
330
809
100
AcDbEntity
  8
attrib
100
AcDbText
 10
73.5
 20
155.7132714464552
 30
0.0
 40
0.5
  1
SET-SCREW
100
AcDbAttributeDefinition
  3

  2
NN
 70
     8
280
     0
  0
ATTDEF
  5
80F
330
809
100
AcDbEntity
  8
attrib
100
AcDbText
 10
73.5
 20
155.2132714464552
 30
0.0
 40
0.5
  1
Set Screw - Flat End
100
AcDbAttributeDefinition
  3

  2
NT
 70
     8
280
     0
  0
ATTDEF
  5
810
330
809
100
AcDbEntity
  8
attrib
100
AcDbText
 10
73.5
 20
154.7132714464552
 30
0.0
 40
0.5
  1
$PN.
100
AcDbAttributeDefinition
  3

  2
NBSYN
 70
     8
280
     0
  0
ATTDEF
  5
811
330
809
100
AcDbEntity
  8
attrib
100
AcDbText
 10
73.5
 20
154.2132714464552
 30
0.0
 40
0.5
  1
SET-SCREW4-3
100
AcDbAttributeDefinition
  3

  2
LINA
 70
     8
280
     0
  0
ATTDEF
  5
812
330
809
100
AcDbEntity
  8
attrib
100
AcDbText
 10
73.5
 20
153.7132714464552
 30
0.0
 40
0.5
  1
Misumi
100
AcDbAttributeDefinition
  3

  2
CATALOG
 70
     8
280
     0
  0
ATTDEF
  5
813
330
809
100
AcDbEntity
  8
attrib
100
AcDbText
 10
73.5
 20
153.2132714464552
 30
0.0
 40
0.5
  1
SET-SCREW4-3
100
AcDbAttributeDefinition
  3

  2
PN
 70
     8
280
     0
  0
ATTDEF
  5
814
330
809
100
AcDbEntity
  8
attrib
100
AcDbText
 10
73.5
 20
152.7132714464552
 30
0.0
 40
0.5
  1
4.0
100
AcDbAttributeDefinition
  3

  2
M
 70
     8
280
     0
  0
ATTDEF
  5
815
330
809
100
AcDbEntity
  8
attrib
100
AcDbText
 10
73.5
 20
152.2132714464552
 30
0.0
 40
0.5
  1
0.70
100
AcDbAttributeDefinition
  3

  2
P
 70
     8
280
     0
  0
ATTDEF
  5
816
330
809
100
AcDbEntity
  8
attrib
100
AcDbText
 10
73.5
 20
151.7132714464552
 30
0.0
 40
0.5
  1
3
100
AcDbAttributeDefinition
  3

  2
L
 70
     8
280
     0
  0
ATTDEF
  5
817
330
809
100
AcDbEntity
  8
attrib
100
AcDbText
 10
73.5
 20
151.2132714464552
 30
0.0
 40
0.5
  1
2.0
100
AcDbAttributeDefinition
  3

  2
B
 70
     8
280
     0
  0
ATTDEF
  5
818
330
809
100
AcDbEntity
  8
attrib
100
AcDbText
 10
73.5
 20
150.7132714464552
 30
0.0
 40
0.5
  1
1.5
100
AcDbAttributeDefinition
  3

  2
C
 70
     8
280
     0
  0
ATTDEF
  5
819
330
809
100
AcDbEntity
  8
attrib
100
AcDbText
 10
73.5
 20
150.2132714464552
 30
0.0
 40
0.5
  1
2.5
100
AcDbAttributeDefinition
  3

  2
DD
 70
     8
280
     0
  0
ATTDEF
  5
81A
330
809
100
AcDbEntity
  8
attrib
100
AcDbText
 10
73.5
 20
149.7132714464552
 30
0.0
 40
0.5
  1
misumi
100
AcDbAttributeDefinition
  3

  2
COMPANY
 70
     8
280
     0
  0
ATTDEF
  5
81B
330
809
100
AcDbEntity
  8
attrib
100
AcDbText
 10
73.5
 20
149.2132714464552
 30
0.0
 40
0.5
  1
1
100
AcDbAttributeDefinition
  3

  2
ExcludeFromBOM
 70
     8
280
     0
  0
ATTDEF
  5
81C
330
809
100
AcDbEntity
  8
attrib
100
AcDbText
 10
73.5
 20
148.7132714464552
 30
0.0
 40
0.5
  1
{$CADENAS_DATA/23d-libs/misumi/metric/accessories/set_screw.prj},169 {VTYP=3D},{NB=SET-SCREW4-3},{LINA=SET-SCREW4-3},{NN=SET-SCREW},{DATE=29.11.2024 04:47:07},{GEOMDATE=11.12.2013 00:00:00},{VERSION=},{LINEID=90},{WBVAR=L},{WBNUMERIC=L}  {NB=SET-SCR
100
AcDbAttributeDefinition
  3

  2
PSOL_0
 70
     9
280
     0
  0
ATTDEF
  5
81D
330
809
100
AcDbEntity
  8
attrib
100
AcDbText
 10
73.5
 20
148.2132714464552
 30
0.0
 40
0.5
  1
,{LINA=SET-SCREW4-3},{KT=DUMMY},{PN=SET-SCREW4-3},{TYPE=SET-SCREW},{M=4.0},{P=0.70},{L=3},{LMIN=2.1},{LALG=[2.1:42/0.1]},{B=2.0},{C=1.5},{DD=2.5}
100
AcDbAttributeDefinition
  3

  2
PSOL_1
 70
     9
280
     0
  0
LINE
  5
81E
330
809
100
AcDbEntity
  8
hidden
100
AcDbLine
 10
67.07735026918962
 20
154.9282032302755
 30
0.0
 11
65.92264973081038
 21
154.9282032302755
 31
0.0
  0
LINE
  5
81F
330
809
100
AcDbEntity
  8
hidden
100
AcDbLine
 10
67.07735026918962
 20
153.6291651245988
 30
0.0
 11
65.92264973081038
 21
153.6291651245988
 31
0.0
  0
LINE
  5
820
330
809
100
AcDbEntity
  8
hidden
100
AcDbLine
 10
67.65470053837925
 20
154.1291651245988
 30
0.0
 11
67.65470053837925
 21
155.4282032302755
 31
0.0
  0
LINE
  5
821
330
809
100
AcDbEntity
  8
hidden
100
AcDbLine
 10
67.65470053837925
 20
155.4282032302755
 30
0.0
 11
67.07735026918962
 21
154.9282032302755
 31
0.0
  0
LINE
  5
822
330
809
100
AcDbEntity
  8
hidden
100
AcDbLine
 10
67.65470053837925
 20
154.1291651245988
 30
0.0
 11
67.07735026918962
 21
153.6291651245988
 31
0.0
  0
LINE
  5
823
330
809
100
AcDbEntity
  8
hidden
100
AcDbLine
 10
67.07735026918962
 20
153.6291651245988
 30
0.0
 11
67.07735026918962
 21
155.9282032302755
 31
0.0
  0
LINE
  5
824
330
809
100
AcDbEntity
  8
hidden
100
AcDbLine
 10
65.34529946162075
 20
154.1291651245988
 30
0.0
 11
65.34529946162075
 21
155.4282032302755
 31
0.0
  0
LINE
  5
825
330
809
100
AcDbEntity
  8
hidden
100
AcDbLine
 10
65.92264973081038
 20
154.9282032302755
 30
0.0
 11
65.34529946162075
 21
155.4282032302755
 31
0.0
  0
LINE
  5
826
330
809
100
AcDbEntity
  8
hidden
100
AcDbLine
 10
65.92264973081038
 20
153.6291651245988
 30
0.0
 11
65.34529946162075
 21
154.1291651245988
 31
0.0
  0
LINE
  5
827
330
809
100
AcDbEntity
  8
hidden
100
AcDbLine
 10
65.92264973081038
 20
153.6291651245988
 30
0.0
 11
65.92264973081038
 21
155.9282032302755
 31
0.0
  0
LINE
  5
828
330
809
100
AcDbEntity
  8
hidden
100
AcDbLine
 10
65.34529946162075
 20
154.1291651245988
 30
0.0
 11
65.92264973081038
 21
154.6291651245988
 31
0.0
  0
LINE
  5
829
330
809
100
AcDbEntity
  8
hidden
100
AcDbLine
 10
67.07735026918962
 20
154.6291651245988
 30
0.0
 11
67.65470053837925
 21
154.1291651245988
 31
0.0
  0
LINE
  5
82A
330
809
100
AcDbEntity
  8
hidden
100
AcDbLine
 10
65.34529946162075
 20
155.4282032302755
 30
0.0
 11
65.92264973081038
 21
155.9282032302755
 31
0.0
  0
LINE
  5
82B
330
809
100
AcDbEntity
  8
hidden
100
AcDbLine
 10
67.07735026918962
 20
155.9282032302755
 30
0.0
 11
67.65470053837925
 21
155.4282032302755
 31
0.0
  0
LINE
  5
82C
330
809
100
AcDbEntity
  8
hidden
100
AcDbLine
 10
67.07735026918962
 20
155.9282032302755
 30
0.0
 11
65.92264973081038
 21
155.9282032302755
 31
0.0
  0
LINE
  5
82D
330
809
100
AcDbEntity
  8
hidden
100
AcDbLine
 10
65.92264973081038
 20
154.6291651245988
 30
0.0
 11
67.07735026918962
 21
154.6291651245988
 31
0.0
  0
LINE
  5
82E
330
809
100
AcDbEntity
  8
hidden
100
AcDbLine
 10
65.21769211965301
 20
155.8815675291567
 30
0.0
 11
64.86700683814455
 21
155.6335955885397
 31
0.0
  0
LINE
  5
82F
330
809
100
AcDbEntity
  8
hidden
100
AcDbLine
 10
68.13299316185545
 20
155.6335955885397
 30
0.0
 11
67.78230788034699
 21
155.8815675291567
 31
0.0
  0
LINE
  5
830
330
809
100
AcDbEntity
  8
hidden
100
AcDbLine
 10
64.5
 20
155.0562453193501
 30
0.0
 11
64.5
 21
153.4796460717605
 31
0.0
  0
LINE
  5
831
330
809
100
AcDbEntity
  8
hidden
100
AcDbLine
 10
68.5
 20
153.4796460717605
 30
0.0
 11
68.5
 21
155.0562453193501
 31
0.0
  0
LINE
  5
832
330
809
100
AcDbEntity
  8
hidden
100
AcDbLine
 10
67.52062072615966
 20
152.4692831006787
 30
0.0
 11
68.13299316185545
 21
152.9022958025709
 31
0.0
  0
LINE
  5
833
330
809
100
AcDbEntity
  8
hidden
100
AcDbLine
 10
64.86700683814455
 20
152.9022958025709
 30
0.0
 11
65.47937927384034
 21
152.4692831006787
 31
0.0
  0
ELLIPSE
  5
834
330
809
100
AcDbEntity
  8
hidden
100
AcDbEllipse
 10
66.5
 20
154.1291651245988
 30
0.0
 11
-1.000000000000007
 21
1.224646799147361E-16
 31
0.0
210
0.0
220
0.0
230
1.0
 40
0.5000000000000018
 41
0.0
 42
6.283185307179586
  0
ELLIPSE
  5
835
330
809
100
AcDbEntity
  8
hidden
100
AcDbEllipse
 10
66.49999999999999
 20
155.4282032302755
 30
0.0
 11
-1.570500000000024
 21
1.923307798060948E-16
 31
0.0
210
0.0
220
0.0
230
1.0
 40
0.5000000000000003
 41
0.0
 42
6.283185307179586
  0
ELLIPSE
  5
836
330
809
100
AcDbEntity
  8
hidden
100
AcDbEllipse
 10
66.5
 20
155.0562453193501
 30
0.0
 11
-2.000000000000006
 21
2.449293598294714E-16
 31
0.0
210
0.0
220
0.0
230
1.0
 40
0.5
 41
0.0
 42
6.283185307179586
  0
ELLIPSE
  5
837
330
809
100
AcDbEntity
  8
hidden
100
AcDbEllipse
 10
66.5
 20
153.4796460717605
 30
0.0
 11
-2.000000000000009
 21
2.449293598294717E-16
 31
0.0
210
0.0
220
0.0
230
1.0
 40
0.4999999999999998
 41
0.0
 42
6.283185307179586
  0
ELLIPSE
  5
838
330
809
100
AcDbEntity
  8
hidden
100
AcDbEllipse
 10
66.49999999999999
 20
152.8301270189222
 30
0.0
 11
-1.250000000000017
 21
1.530808498934213E-16
 31
0.0
210
0.0
220
0.0
230
1.0
 40
0.4999999999999982
 41
0.0
 42
6.283185307179586
  0
ENDBLK
  5
80C
330
809
100
AcDbEntity
  8
0
100
AcDbBlockEnd
  0
BLOCK
  5
83B
330
839
100
AcDbEntity
  8
0
100
AcDbBlockBegin
  2
17_SET_SCREW4_3_2_0_in_MTP24XL037_A_C10_900
 70
     2
 10
0.0
 20
0.0
 30
0.0
  3
17_SET_SCREW4_3_2_0_in_MTP24XL037_A_C10_900
  1

  0
ATTDEF
  5
83D
330
839
100
AcDbEntity
  8
attrib
100
AcDbText
 10
73.07048553611828
 20
150.6
 30
0.0
 40
0.5
  1
SET-SCREW4-3
100
AcDbAttributeDefinition
  3

  2
NB
 70
     8
280
     0
  0
ATTDEF
  5
83E
330
839
100
AcDbEntity
  8
attrib
100
AcDbText
 10
73.07048553611828
 20
150.1
 30
0.0
 40
0.5
  1
SET-SCREW
100
AcDbAttributeDefinition
  3

  2
NN
 70
     8
280
     0
  0
ATTDEF
  5
83F
330
839
100
AcDbEntity
  8
attrib
100
AcDbText
 10
73.07048553611828
 20
149.6
 30
0.0
 40
0.5
  1
Set Screw - Flat End
100
AcDbAttributeDefinition
  3

  2
NT
 70
     8
280
     0
  0
ATTDEF
  5
840
330
839
100
AcDbEntity
  8
attrib
100
AcDbText
 10
73.07048553611828
 20
149.1
 30
0.0
 40
0.5
  1
$PN.
100
AcDbAttributeDefinition
  3

  2
NBSYN
 70
     8
280
     0
  0
ATTDEF
  5
841
330
839
100
AcDbEntity
  8
attrib
100
AcDbText
 10
73.07048553611828
 20
148.6
 30
0.0
 40
0.5
  1
SET-SCREW4-3
100
AcDbAttributeDefinition
  3

  2
LINA
 70
     8
280
     0
  0
ATTDEF
  5
842
330
839
100
AcDbEntity
  8
attrib
100
AcDbText
 10
73.07048553611828
 20
148.1
 30
0.0
 40
0.5
  1
Misumi
100
AcDbAttributeDefinition
  3

  2
CATALOG
 70
     8
280
     0
  0
ATTDEF
  5
843
330
839
100
AcDbEntity
  8
attrib
100
AcDbText
 10
73.07048553611828
 20
147.6
 30
0.0
 40
0.5
  1
SET-SCREW4-3
100
AcDbAttributeDefinition
  3

  2
PN
 70
     8
280
     0
  0
ATTDEF
  5
844
330
839
100
AcDbEntity
  8
attrib
100
AcDbText
 10
73.07048553611828
 20
147.1
 30
0.0
 40
0.5
  1
4.0
100
AcDbAttributeDefinition
  3

  2
M
 70
     8
280
     0
  0
ATTDEF
  5
845
330
839
100
AcDbEntity
  8
attrib
100
AcDbText
 10
73.07048553611828
 20
146.6
 30
0.0
 40
0.5
  1
0.70
100
AcDbAttributeDefinition
  3

  2
P
 70
     8
280
     0
  0
ATTDEF
  5
846
330
839
100
AcDbEntity
  8
attrib
100
AcDbText
 10
73.07048553611828
 20
146.1
 30
0.0
 40
0.5
  1
3
100
AcDbAttributeDefinition
  3

  2
L
 70
     8
280
     0
  0
ATTDEF
  5
847
330
839
100
AcDbEntity
  8
attrib
100
AcDbText
 10
73.07048553611828
 20
145.6
 30
0.0
 40
0.5
  1
2.0
100
AcDbAttributeDefinition
  3

  2
B
 70
     8
280
     0
  0
ATTDEF
  5
848
330
839
100
AcDbEntity
  8
attrib
100
AcDbText
 10
73.07048553611828
 20
145.1
 30
0.0
 40
0.5
  1
1.5
100
AcDbAttributeDefinition
  3

  2
C
 70
     8
280
     0
  0
ATTDEF
  5
849
330
839
100
AcDbEntity
  8
attrib
100
AcDbText
 10
73.07048553611828
 20
144.6
 30
0.0
 40
0.5
  1
2.5
100
AcDbAttributeDefinition
  3

  2
DD
 70
     8
280
     0
  0
ATTDEF
  5
84A
330
839
100
AcDbEntity
  8
attrib
100
AcDbText
 10
73.07048553611828
 20
144.1
 30
0.0
 40
0.5
  1
misumi
100
AcDbAttributeDefinition
  3

  2
COMPANY
 70
     8
280
     0
  0
ATTDEF
  5
84B
330
839
100
AcDbEntity
  8
attrib
100
AcDbText
 10
73.07048553611828
 20
143.6
 30
0.0
 40
0.5
  1
1
100
AcDbAttributeDefinition
  3

  2
ExcludeFromBOM
 70
     8
280
     0
  0
ATTDEF
  5
84C
330
839
100
AcDbEntity
  8
attrib
100
AcDbText
 10
73.07048553611828
 20
143.1
 30
0.0
 40
0.5
  1
{$CADENAS_DATA/23d-libs/misumi/metric/accessories/set_screw.prj},169 {VTYP=3D},{NB=SET-SCREW4-3},{LINA=SET-SCREW4-3},{NN=SET-SCREW},{DATE=29.11.2024 04:47:07},{GEOMDATE=11.12.2013 00:00:00},{VERSION=},{LINEID=90},{WBVAR=L},{WBNUMERIC=L}  {NB=SET-SCR
100
AcDbAttributeDefinition
  3

  2
PSOL_0
 70
     9
280
     0
  0
ATTDEF
  5
84D
330
839
100
AcDbEntity
  8
attrib
100
AcDbText
 10
73.07048553611828
 20
142.6
 30
0.0
 40
0.5
  1
,{LINA=SET-SCREW4-3},{KT=DUMMY},{PN=SET-SCREW4-3},{TYPE=SET-SCREW},{M=4.0},{P=0.70},{L=3},{LMIN=2.1},{LALG=[2.1:42/0.1]},{B=2.0},{C=1.5},{DD=2.5}
100
AcDbAttributeDefinition
  3

  2
PSOL_1
 70
     9
280
     0
  0
CIRCLE
  5
84E
330
839
100
AcDbEntity
  8
hidden
100
AcDbCircle
 10
66.5
 20
148.5
 30
0.0
 40
1.250000000000004
  0
LINE
  5
84F
330
839
100
AcDbEntity
  8
center
100
AcDbLine
 10
66.5
 20
146.4
 30
0.0
 11
66.5
 21
150.6
 31
0.0
  0
LINE
  5
850
330
839
100
AcDbEntity
  8
vis
100
AcDbLine
 10
67.07735026918962
 20
149.5
 30
0.0
 11
65.92264973081038
 21
149.5
 31
0.0
  0
LINE
  5
851
330
839
100
AcDbEntity
  8
vis
100
AcDbLine
 10
67.07735026918962
 20
147.5
 30
0.0
 11
67.65470053837925
 21
148.5
 31
0.0
  0
LINE
  5
852
330
839
100
AcDbEntity
  8
vis
100
AcDbLine
 10
67.65470053837925
 20
148.5
 30
0.0
 11
67.07735026918962
 21
149.5
 31
0.0
  0
LINE
  5
853
330
839
100
AcDbEntity
  8
vis
100
AcDbLine
 10
65.34529946162075
 20
148.5
 30
0.0
 11
65.92264973081038
 21
147.5
 31
0.0
  0
LINE
  5
854
330
839
100
AcDbEntity
  8
vis
100
AcDbLine
 10
65.92264973081038
 20
149.5
 30
0.0
 11
65.34529946162075
 21
148.5
 31
0.0
  0
LINE
  5
855
330
839
100
AcDbEntity
  8
vis
100
AcDbLine
 10
67.07735026918962
 20
147.5
 30
0.0
 11
65.92264973081038
 21
147.5
 31
0.0
  0
ARC
  5
856
330
839
100
AcDbEntity
  8
AM_5
100
AcDbCircle
 10
66.5
 20
148.5
 30
0.0
 40
1.570500000000013
100
AcDbArc
 50
75.00000000000027
 51
15.00000000000037
  0
CIRCLE
  5
857
330
839
100
AcDbEntity
  8
vis
100
AcDbCircle
 10
66.5
 20
148.5
 30
0.0
 40
0.9999999999999999
  0
ENDBLK
  5
83C
330
839
100
AcDbEntity
  8
0
100
AcDbBlockEnd
  0
BLOCK
  5
85A
330
858
100
AcDbEntity
  8
0
100
AcDbBlockBegin
  2
18_MTP24XL037_A_C10_b_0_in_MTP24XL037_A_C10_900
 70
     2
 10
0.0
 20
0.0
 30
0.0
  3
18_MTP24XL037_A_C10_b_0_in_MTP24XL037_A_C10_900
  1

  0
ATTDEF
  5
85C
330
858
100
AcDbEntity
  8
attrib
100
AcDbText
 10
80.3
 20
171.0
 30
0.0
 40
0.5
  1
MTP24XL037-A-C10_b
100
AcDbAttributeDefinition
  3

  2
NB
 70
     8
280
     0
  0
ATTDEF
  5
85D
330
858
100
AcDbEntity
  8
attrib
100
AcDbText
 10
80.3
 20
170.5
 30
0.0
 40
0.5
  1
ATP__XL025, ATP__XL031, ATP__ XL037, ATP__XL050, BTP__XL025, BTP__XL031, BTP__XL037, BTP__XL050, KTP__XL025, KTP__XL031, KTP__ XL037, KTP__XL050, NTP__XL025, NTP__XL031, NTP__ XL037, NTP__XL050, MTP__XL025, MTP__ XL037, MTP__XL050, MTPB__XL025, MTPB
100
AcDbAttributeDefinition
  3

  2
NN
 70
     8
280
     0
  0
ATTDEF
  5
85E
330
858
100
AcDbEntity
  8
attrib
100
AcDbText
 10
80.3
 20
170.0
 30
0.0
 40
0.5
  1
Timing Pulleys XL Type
100
AcDbAttributeDefinition
  3

  2
NT
 70
     8
280
     0
  0
ATTDEF
  5
85F
330
858
100
AcDbEntity
  8
attrib
100
AcDbText
 10
80.3
 20
169.5
 30
0.0
 40
0.5
  1
$PN._b
100
AcDbAttributeDefinition
  3

  2
NBSYN
 70
     8
280
     0
  0
ATTDEF
  5
860
330
858
100
AcDbEntity
  8
attrib
100
AcDbText
 10
80.3
 20
169.0
 30
0.0
 40
0.5
  1
MTP24XL037-A-C10
100
AcDbAttributeDefinition
  3

  2
LINA
 70
     8
280
     0
  0
ATTDEF
  5
861
330
858
100
AcDbEntity
  8
attrib
100
AcDbText
 10
80.3
 20
168.5
 30
0.0
 40
0.5
  1
Misumi
100
AcDbAttributeDefinition
  3

  2
CATALOG
 70
     8
280
     0
  0
ATTDEF
  5
862
330
858
100
AcDbEntity
  8
attrib
100
AcDbText
 10
80.3
 20
168.0
 30
0.0
 40
0.5
  1
MTP24XL037-A-C10
100
AcDbAttributeDefinition
  3

  2
PN
 70
     8
280
     0
  0
ATTDEF
  5
863
330
858
100
AcDbEntity
  8
attrib
100
AcDbText
 10
80.3
 20
167.5
 30
0.0
 40
0.5
  1
1045 Carbon Steel Equivalent
100
AcDbAttributeDefinition
  3

  2
MATP
 70
     8
280
     0
  0
ATTDEF
  5
864
330
858
100
AcDbEntity
  8
attrib
100
AcDbText
 10
80.3
 20
167.0
 30
0.0
 40
0.5
  1
-
100
AcDbAttributeDefinition
  3

  2
ST
 70
     8
280
     0
  0
ATTDEF
  5
865
330
858
100
AcDbEntity
  8
attrib
100
AcDbText
 10
80.3
 20
166.5
 30
0.0
 40
0.5
  1
24
100
AcDbAttributeDefinition
  3

  2
NT
 70
     8
280
     0
  0
ATTDEF
  5
866
330
858
100
AcDbEntity
  8
attrib
100
AcDbText
 10
80.3
 20
166.0
 30
0.0
 40
0.5
  1
XL037
100
AcDbAttributeDefinition
  3

  2
TNW
 70
     8
280
     0
  0
ATTDEF
  5
867
330
858
100
AcDbEntity
  8
attrib
100
AcDbText
 10
80.3
 20
165.5
 30
0.0
 40
0.5
  1
9.5mm (3/8inch)
100
AcDbAttributeDefinition
  3

  2
BW
 70
     8
280
     0
  0
ATTDEF
  5
868
330
858
100
AcDbEntity
  8
attrib
100
AcDbText
 10
80.3
 20
165.0
 30
0.0
 40
0.5
  1
A
100
AcDbAttributeDefinition
  3

  2
PS
 70
     8
280
     0
  0
ATTDEF
  5
869
330
858
100
AcDbEntity
  8
attrib
100
AcDbText
 10
80.3
 20
164.5
 30
0.0
 40
0.5
  1
Old JIS Keywayed Bore + Tap
100
AcDbAttributeDefinition
  3

  2
SBS
 70
     8
280
     0
  0
ATTDEF
  5
86A
330
858
100
AcDbEntity
  8
attrib
100
AcDbText
 10
80.3
 20
164.0
 30
0.0
 40
0.5
  1
10.00
100
AcDbAttributeDefinition
  3

  2
DD
 70
     8
280
     0
  0
ATTDEF
  5
86B
330
858
100
AcDbEntity
  8
attrib
100
AcDbText
 10
80.3
 20
163.5
 30
0.0
 40
0.5
  1
0
100
AcDbAttributeDefinition
  3

  2
Z
 70
     8
280
     0
  0
ATTDEF
  5
86C
330
858
100
AcDbEntity
  8
attrib
100
AcDbText
 10
80.3
 20
163.0
 30
0.0
 40
0.5
  1
0.0
100
AcDbAttributeDefinition
  3

  2
J
 70
     8
280
     0
  0
ATTDEF
  5
86D
330
858
100
AcDbEntity
  8
attrib
100
AcDbText
 10
80.3
 20
162.5
 30
0.0
 40
0.5
  1
0
100
AcDbAttributeDefinition
  3

  2
Q
 70
     8
280
     0
  0
ATTDEF
  5
86E
330
858
100
AcDbEntity
  8
attrib
100
AcDbText
 10
80.3
 20
162.0
 30
0.0
 40
0.5
  1
0
100
AcDbAttributeDefinition
  3

  2
R
 70
     8
280
     0
  0
ATTDEF
  5
86F
330
858
100
AcDbEntity
  8
attrib
100
AcDbText
 10
80.3
 20
161.5
 30
0.0
 40
0.5
  1
0.0
100
AcDbAttributeDefinition
  3

  2
S
 70
     8
280
     0
  0
ATTDEF
  5
870
330
858
100
AcDbEntity
  8
attrib
100
AcDbText
 10
80.3
 20
161.0
 30
0.0
 40
0.5
  1
0.0
100
AcDbAttributeDefinition
  3

  2
T
 70
     8
280
     0
  0
ATTDEF
  5
871
330
858
100
AcDbEntity
  8
attrib
100
AcDbText
 10
80.3
 20
160.5
 30
0.0
 40
0.5
  1
11.0
100
AcDbAttributeDefinition
  3

  2
A
 70
     8
280
     0
  0
ATTDEF
  5
872
330
858
100
AcDbEntity
  8
attrib
100
AcDbText
 10
80.3
 20
160.0
 30
0.0
 40
0.5
  1
16.0
100
AcDbAttributeDefinition
  3

  2
W
 70
     8
280
     0
  0
ATTDEF
  5
873
330
858
100
AcDbEntity
  8
attrib
100
AcDbText
 10
80.3
 20
159.5
 30
0.0
 40
0.5
  1
0
100
AcDbAttributeDefinition
  3

  2
L
 70
     8
280
     0
  0
ATTDEF
  5
874
330
858
100
AcDbEntity
  8
attrib
100
AcDbText
 10
80.3
 20
159.0
 30
0.0
 40
0.5
  1
38.81
100
AcDbAttributeDefinition
  3

  2
PD
 70
     8
280
     0
  0
ATTDEF
  5
875
330
858
100
AcDbEntity
  8
attrib
100
AcDbText
 10
80.3
 20
158.5
 30
0.0
 40
0.5
  1
38.30
100
AcDbAttributeDefinition
  3

  2
OD
 70
     8
280
     0
  0
ATTDEF
  5
876
330
858
100
AcDbEntity
  8
attrib
100
AcDbText
 10
80.3
 20
158.0
 30
0.0
 40
0.5
  1
0
100
AcDbAttributeDefinition
  3

  2
D
 70
     8
280
     0
  0
ATTDEF
  5
877
330
858
100
AcDbEntity
  8
attrib
100
AcDbText
 10
80.3
 20
157.5
 30
0.0
 40
0.5
  1
45
100
AcDbAttributeDefinition
  3

  2
F
 70
     8
280
     0
  0
ATTDEF
  5
878
330
858
100
AcDbEntity
  8
attrib
100
AcDbText
 10
80.3
 20
157.0
 30
0.0
 40
0.5
  1
30
100
AcDbAttributeDefinition
  3

  2
E
 70
     8
280
     0
  0
ATTDEF
  5
879
330
858
100
AcDbEntity
  8
attrib
100
AcDbText
 10
80.3
 20
156.5
 30
0.0
 40
0.5
  1
1.6
100
AcDbAttributeDefinition
  3

  2
TT
 70
     8
280
     0
  0
ATTDEF
  5
87A
330
858
100
AcDbEntity
  8
attrib
100
AcDbText
 10
80.3
 20
156.0
 30
0.0
 40
0.5
  1
w/o KC90 (Set Screw Angle)
100
AcDbAttributeDefinition
  3

  2
ALT1
 70
     8
280
     0
  0
ATTDEF
  5
87B
330
858
100
AcDbEntity
  8
attrib
100
AcDbText
 10
80.3
 20
155.5
 30
0.0
 40
0.5
  1
w/o Side Tapped Hole
100
AcDbAttributeDefinition
  3

  2
ALT2
 70
     8
280
     0
  0
ATTDEF
  5
87C
330
858
100
AcDbEntity
  8
attrib
100
AcDbText
 10
80.3
 20
155.0
 30
0.0
 40
0.5
  1
N/A
100
AcDbAttributeDefinition
  3

  2
M
 70
     8
280
     0
  0
ATTDEF
  5
87D
330
858
100
AcDbEntity
  8
attrib
100
AcDbText
 10
80.3
 20
154.5
 30
0.0
 40
0.5
  1
0.0
100
AcDbAttributeDefinition
  3

  2
QSC
 70
     8
280
     0
  0
ATTDEF
  5
87E
330
858
100
AcDbEntity
  8
attrib
100
AcDbText
 10
80.3
 20
154.0
 30
0.0
 40
0.5
  1
0.0
100
AcDbAttributeDefinition
  3

  2
QFC
 70
     8
280
     0
  0
ATTDEF
  5
87F
330
858
100
AcDbEntity
  8
attrib
100
AcDbText
 10
80.3
 20
153.5
 30
0.0
 40
0.5
  1
0.0
100
AcDbAttributeDefinition
  3

  2
QTC
 70
     8
280
     0
  0
ATTDEF
  5
880
330
858
100
AcDbEntity
  8
attrib
100
AcDbText
 10
80.3
 20
153.0
 30
0.0
 40
0.5
  1
w/o Side Through Hole
100
AcDbAttributeDefinition
  3

  2
ALT3
 70
     8
280
     0
  0
ATTDEF
  5
881
330
858
100
AcDbEntity
  8
attrib
100
AcDbText
 10
80.3
 20
152.5
 30
0.0
 40
0.5
  1
0.0
100
AcDbAttributeDefinition
  3

  2
K
 70
     8
280
     0
  0
ATTDEF
  5
882
330
858
100
AcDbEntity
  8
attrib
100
AcDbText
 10
80.3
 20
152.0
 30
0.0
 40
0.5
  1
0.0
100
AcDbAttributeDefinition
  3

  2
KSC
 70
     8
280
     0
  0
ATTDEF
  5
883
330
858
100
AcDbEntity
  8
attrib
100
AcDbText
 10
80.3
 20
151.5
 30
0.0
 40
0.5
  1
0.0
100
AcDbAttributeDefinition
  3

  2
KFC
 70
     8
280
     0
  0
ATTDEF
  5
884
330
858
100
AcDbEntity
  8
attrib
100
AcDbText
 10
80.3
 20
151.0
 30
0.0
 40
0.5
  1
0.0
100
AcDbAttributeDefinition
  3

  2
KTC
 70
     8
280
     0
  0
ATTDEF
  5
885
330
858
100
AcDbEntity
  8
attrib
100
AcDbText
 10
80.3
 20
150.5
 30
0.0
 40
0.5
  1
Not applicable
100
AcDbAttributeDefinition
  3

  2
ALT4
 70
     8
280
     0
  0
ATTDEF
  5
886
330
858
100
AcDbEntity
  8
attrib
100
AcDbText
 10
80.3
 20
150.0
 30
0.0
 40
0.5
  1
N/A
100
AcDbAttributeDefinition
  3

  2
ZM
 70
     8
280
     0
  0
ATTDEF
  5
887
330
858
100
AcDbEntity
  8
attrib
100
AcDbText
 10
80.3
 20
149.5
 30
0.0
 40
0.5
  1
0.0
100
AcDbAttributeDefinition
  3

  2
ZMDD1
 70
     8
280
     0
  0
ATTDEF
  5
888
330
858
100
AcDbEntity
  8
attrib
100
AcDbText
 10
80.3
 20
149.0
 30
0.0
 40
0.5
  1
0.0
100
AcDbAttributeDefinition
  3

  2
ZMDD2
 70
     8
280
     0
  0
ATTDEF
  5
889
330
858
100
AcDbEntity
  8
attrib
100
AcDbText
 10
80.3
 20
148.5
 30
0.0
 40
0.5
  1
0.0
100
AcDbAttributeDefinition
  3

  2
ZMHH
 70
     8
280
     0
  0
ATTDEF
  5
88A
330
858
100
AcDbEntity
  8
attrib
100
AcDbText
 10
80.3
 20
148.0
 30
0.0
 40
0.5
  1
0.0
100
AcDbAttributeDefinition
  3

  2
ZSC
 70
     8
280
     0
  0
ATTDEF
  5
88B
330
858
100
AcDbEntity
  8
attrib
100
AcDbText
 10
80.3
 20
147.5
 30
0.0
 40
0.5
  1
0.0
100
AcDbAttributeDefinition
  3

  2
ZFC
 70
     8
280
     0
  0
ATTDEF
  5
88C
330
858
100
AcDbEntity
  8
attrib
100
AcDbText
 10
80.3
 20
147.0
 30
0.0
 40
0.5
  1
0.0
100
AcDbAttributeDefinition
  3

  2
ZTC
 70
     8
280
     0
  0
ATTDEF
  5
88D
330
858
100
AcDbEntity
  8
attrib
100
AcDbText
 10
80.3
 20
146.5
 30
0.0
 40
0.5
  1
w/o Flange not Attached
100
AcDbAttributeDefinition
  3

  2
ALT5
 70
     8
280
     0
  0
ATTDEF
  5
88E
330
858
100
AcDbEntity
  8
attrib
100
AcDbText
 10
80.3
 20
146.0
 30
0.0
 40
0.5
  1
w/o Flange Attached on One Side Only
100
AcDbAttributeDefinition
  3

  2
ALT6
 70
     8
280
     0
  0
ATTDEF
  5
88F
330
858
100
AcDbEntity
  8
attrib
100
AcDbText
 10
80.3
 20
145.5
 30
0.0
 40
0.5
  1
w/o FC (Flange Cut)
100
AcDbAttributeDefinition
  3

  2
ALT7
 70
     8
280
     0
  0
ATTDEF
  5
890
330
858
100
AcDbEntity
  8
attrib
100
AcDbText
 10
80.3
 20
145.0
 30
0.0
 40
0.5
  1
0.0
100
AcDbAttributeDefinition
  3

  2
FC
 70
     8
280
     0
  0
ATTDEF
  5
891
330
858
100
AcDbEntity
  8
attrib
100
AcDbText
 10
80.3
 20
144.5
 30
0.0
 40
0.5
  1
Not applicable
100
AcDbAttributeDefinition
  3

  2
ALT8
 70
     8
280
     0
  0
ATTDEF
  5
892
330
858
100
AcDbEntity
  8
attrib
100
AcDbText
 10
80.3
 20
144.0
 30
0.0
 40
0.5
  1
0.0
100
AcDbAttributeDefinition
  3

  2
SRG
 70
     8
280
     0
  0
ATTDEF
  5
893
330
858
100
AcDbEntity
  8
attrib
100
AcDbText
 10
80.3
 20
143.5
 30
0.0
 40
0.5
  1
0.0
100
AcDbAttributeDefinition
  3

  2
DD2
 70
     8
280
     0
  0
ATTDEF
  5
894
330
858
100
AcDbEntity
  8
attrib
100
AcDbText
 10
80.3
 20
143.0
 30
0.0
 40
0.5
  1
0.00
100
AcDbAttributeDefinition
  3

  2
MM
 70
     8
280
     0
  0
ATTDEF
  5
895
330
858
100
AcDbEntity
  8
attrib
100
AcDbText
 10
80.3
 20
142.5
 30
0.0
 40
0.5
  1
0.00
100
AcDbAttributeDefinition
  3

  2
NN
 70
     8
280
     0
  0
ATTDEF
  5
896
330
858
100
AcDbEntity
  8
attrib
100
AcDbText
 10
80.3
 20
142.0
 30
0.0
 40
0.5
  1
Not applicable
100
AcDbAttributeDefinition
  3

  2
ALT9
 70
     8
280
     0
  0
ATTDEF
  5
897
330
858
100
AcDbEntity
  8
attrib
100
AcDbText
 10
80.3
 20
141.5
 30
0.0
 40
0.5
  1
0
100
AcDbAttributeDefinition
  3

  2
BTC
 70
     8
280
     0
  0
ATTDEF
  5
898
330
858
100
AcDbEntity
  8
attrib
100
AcDbText
 10
80.3
 20
141.0
 30
0.0
 40
0.5
  1
0.0
100
AcDbAttributeDefinition
  3

  2
TL
 70
     8
280
     0
  0
ATTDEF
  5
899
330
858
100
AcDbEntity
  8
attrib
100
AcDbText
 10
80.3
 20
140.5
 30
0.0
 40
0.5
  1
0
100
AcDbAttributeDefinition
  3

  2
BTCL
 70
     8
280
     0
  0
ATTDEF
  5
89A
330
858
100
AcDbEntity
  8
attrib
100
AcDbText
 10
80.3
 20
140.0
 30
0.0
 40
0.5
  1
0
100
AcDbAttributeDefinition
  3

  2
BTCD
 70
     8
280
     0
  0
ATTDEF
  5
89B
330
858
100
AcDbEntity
  8
attrib
100
AcDbText
 10
80.3
 20
139.5
 30
0.0
 40
0.5
  1
w/o TPC (Tapped Hole Dimension)
100
AcDbAttributeDefinition
  3

  2
ALT10
 70
     8
280
     0
  0
ATTDEF
  5
89C
330
858
100
AcDbEntity
  8
attrib
100
AcDbText
 10
80.3
 20
139.0
 30
0.0
 40
0.5
  1
N/A
100
AcDbAttributeDefinition
  3

  2
TPC
 70
     8
280
     0
  0
ATTDEF
  5
89D
330
858
100
AcDbEntity
  8
attrib
100
AcDbText
 10
80.3
 20
138.5
 30
0.0
 40
0.5
  1
Not applicable
100
AcDbAttributeDefinition
  3

  2
ALT11
 70
     8
280
     0
  0
ATTDEF
  5
89E
330
858
100
AcDbEntity
  8
attrib
100
AcDbText
 10
80.3
 20
138.0
 30
0.0
 40
0.5
  1
0.0
100
AcDbAttributeDefinition
  3

  2
BC
 70
     8
280
     0
  0
ATTDEF
  5
89F
330
858
100
AcDbEntity
  8
attrib
100
AcDbText
 10
80.3
 20
137.5
 30
0.0
 40
0.5
  1
w/o SLH (Set Screw Length)
100
AcDbAttributeDefinition
  3

  2
ALT12
 70
     8
280
     0
  0
ATTDEF
  5
8A0
330
858
100
AcDbEntity
  8
attrib
100
AcDbText
 10
80.3
 20
137.0
 30
0.0
 40
0.5
  1
0
100
AcDbAttributeDefinition
  3

  2
SLH
 70
     8
280
     0
  0
ATTDEF
  5
8A1
330
858
100
AcDbEntity
  8
attrib
100
AcDbText
 10
80.3
 20
136.5
 30
0.0
 40
0.5
  1
Not applicable
100
AcDbAttributeDefinition
  3

  2
ALT13
 70
     8
280
     0
  0
ATTDEF
  5
8A2
330
858
100
AcDbEntity
  8
attrib
100
AcDbText
 10
80.3
 20
136.0
 30
0.0
 40
0.5
  1
0.0
100
AcDbAttributeDefinition
  3

  2
BN
 70
     8
280
     0
  0
ATTDEF
  5
8A3
330
858
100
AcDbEntity
  8
attrib
100
AcDbText
 10
80.3
 20
135.5
 30
0.0
 40
0.5
  1
M4x3
100
AcDbAttributeDefinition
  3

  2
AC
 70
     8
280
     0
  0
ATTDEF
  5
8A4
330
858
100
AcDbEntity
  8
attrib
100
AcDbText
 10
80.3
 20
135.0
 30
0.0
 40
0.5
  1
misumi
100
AcDbAttributeDefinition
  3

  2
COMPANY
 70
     8
280
     0
  0
ATTDEF
  5
8A5
330
858
100
AcDbEntity
  8
attrib
100
AcDbText
 10
80.3
 20
134.5
 30
0.0
 40
0.5
  1
1
100
AcDbAttributeDefinition
  3

  2
ExcludeFromBOM
 70
     8
280
     0
  0
ATTDEF
  5
8A6
330
858
100
AcDbEntity
  8
attrib
100
AcDbText
 10
80.3
 20
134.0
 30
0.0
 40
0.5
  1
{$CADENAS_DATA/23d-libs/misumi/metric/51_timing_pulleys/mtp_xl/mtp_xl.prj},888 {VTYP=3D},{NB=MTP24XL037-A-C10_b},{LINA=MTP24XL037-A-C10},{NN=ATP__XL025, ATP__XL031, ATP__ XL037, ATP__XL050, BTP__XL025, BTP__XL031, BTP__XL037, BTP__XL050, KTP__XL025,
100
AcDbAttributeDefinition
  3

  2
PSOL_0
 70
     9
280
     0
  0
ATTDEF
  5
8A7
330
858
100
AcDbEntity
  8
attrib
100
AcDbText
 10
80.3
 20
133.5
 30
0.0
 40
0.5
  1
XL031, KTP__ XL037, KTP__XL050, NTP__XL025, NTP__XL031, NTP__ XL037, NTP__XL050, MTP__XL025, MTP__ XL037, MTP__XL050, MTPB__XL025, MTPB__ XL037, MTPB__XL050, MTPP__XL025, MTPP__ XL037, MTPP__XL050, STP__XL025, STP__XL031, STP__ XL037, STP__XL050, KA
100
AcDbAttributeDefinition
  3

  2
PSOL_1
 70
     9
280
     0
  0
ATTDEF
  5
8A8
330
858
100
AcDbEntity
  8
attrib
100
AcDbText
 10
80.3
 20
133.0
 30
0.0
 40
0.5
  1
025, KATP__XL031, KATP__ XL037, KATP__XL050, KKTP__XL025, KKTP__XL031, KKTP__ XL037, KKTP__XL050_body},{DATE=06.01.2023 09:07:12},{GEOMDATE=06.01.2023 09:06:51},{VERSION=},{LINEID=110},{WBVAR=MATP,ST,TNW,PS,SBS,DD,Z,J,Q,R,S,T,ALT1,ALT2,M,QSC,QFC,QTC
100
AcDbAttributeDefinition
  3

  2
PSOL_2
 70
     9
280
     0
  0
ATTDEF
  5
8A9
330
858
100
AcDbEntity
  8
attrib
100
AcDbText
 10
80.3
 20
132.5
 30
0.0
 40
0.5
  1
K,KSC,KFC,KTC,ALT4,ZM,ZSC,ZFC,ZTC,ALT5,ALT6,ALT7,FC,ALT8,SRG,ALT9,BTC,TL,ALT10,TPC,ALT11,BC,ALT12,SLH,ALT13,BN},{WBNUMERIC=DD,Z,J,Q,R,S,T,QSC,QFC,QTC,K,KSC,KFC,KTC,ZSC,ZFC,ZTC,FC,SRG,BTC,TL,BC,SLH,BN}  {NB=MTP24XL037-A-C10_b},{LINA=MTP24XL037-A-C10}
100
AcDbAttributeDefinition
  3

  2
PSOL_3
 70
     9
280
     0
  0
ATTDEF
  5
8AA
330
858
100
AcDbEntity
  8
attrib
100
AcDbText
 10
80.3
 20
132.0
 30
0.0
 40
0.5
  1
UMMY},{PN=MTP24XL037-A-C10},{TYPE=MTP},{MATP=S45C},{MATPALG= 'A2017','Aluminum Alloy 2000 series','S45C','1045 Carbon Steel Equivalent','SUS304','SUS304', 'A6000', '6000 Series Aluminum Alloy' },{ST=-},{STALG= '-','-','BO','Black Oxide','ENP','Elect
100
AcDbAttributeDefinition
  3

  2
PSOL_4
 70
     9
280
     0
  0
ATTDEF
  5
8AB
330
858
100
AcDbEntity
  8
attrib
100
AcDbText
 10
80.3
 20
131.5
 30
0.0
 40
0.5
  1
 Nickel Plating' },{NT=24},{TNW=XL037},{TNWALG= 'XL025','XL031','XL037','XL050' },{BW=9.5mm (3/8inch)},{PS=A},{PSALG= 'A','B' },{SBS=C},{SBSALG= 'H','Round Hole','P','Round Hole + Tap','N','New JIS Keywayed Bore + Tap (Standard)','NK','New JIS Keywa
100
AcDbAttributeDefinition
  3

  2
PSOL_5
 70
     9
280
     0
  0
ATTDEF
  5
8AC
330
858
100
AcDbEntity
  8
attrib
100
AcDbText
 10
80.3
 20
131.0
 30
0.0
 40
0.5
  1
re + Tap (width 4.0mm, height 1.8mm)','C','Old JIS Keywayed Bore + Tap','V','Stepped Hole','Y','Both Ends Stepped Hole','WB','Double Stepped Hole' },{DD=10.00},{DDALG=[10,12,15,16,18,19,20]},{DDHA=[6:6/1],6.35,[7:12/1],12.7,[13:26/1]},{DDPA=[8:12/1]
100
AcDbAttributeDefinition
  3

  2
PSOL_6
 70
     9
280
     0
  0
ATTDEF
  5
8AD
330
858
100
AcDbEntity
  8
attrib
100
AcDbText
 10
80.3
 20
130.5
 30
0.0
 40
0.5
  1
[13:22/1]},{DDNA=[8:8/1],[10:22/1]},{DDNK=[10:10/1]},{DDCA=[10,12,15,16,18,19,20]},{DDVA=[8:12/1],12.7,[13:21/1]},{DDY=[8:21/1]},{DDWB=[8:19/1]},{DDHB=},{DDPB=},{DDNB=},{DDCB=},{DDVFB=},{Z=0},{ZALG=[0]},{ZMIN=12.000},{ZAMAX=23.000},{ZBMAX=0.000},{DD
100
AcDbAttributeDefinition
  3

  2
PSOL_7
 70
     9
280
     0
  0
ATTDEF
  5
8AE
330
858
100
AcDbEntity
  8
attrib
100
AcDbText
 10
80.3
 20
130.0
 30
0.0
 40
0.5
  1
00},{J=0.0},{JALG=[0]},{JMIN=2.000},{JMAX=14.0},{JPN=},{Q=0},{QALG=[0]},{QRMIN=12.000},{QRMAX=23},{WBQMIN=14.000},{R=0},{RALG=[0]},{WBRMAX=-2.000},{S=0.0},{SALG=[0]},{SMAX=8},{T=0.0},{TALG=[0]},{TMAX=8},{SBSPN=-C10},{A=11.0},{W=16.0},{L=0},{PD=38.81
100
AcDbAttributeDefinition
  3

  2
PSOL_8
 70
     9
280
     0
  0
ATTDEF
  5
8AF
330
858
100
AcDbEntity
  8
attrib
100
AcDbText
 10
80.3
 20
129.5
 30
0.0
 40
0.5
  1
38.30},{D=0},{DALG=26.000},{DE=30},{F=45},{E=30},{TT=1.6},{BBK=4.000},{TTK=1.5},{ALT1=},{ANG=120.000},{ALT1ALG= '','w/o KC90 (Set Screw Angle)','KC90','with KC90 (Set Screw Angle)' },{ALT1PN=},{ALT2=},{ALT2ALG= '','w/o Side Tapped Hole','QTC','with 
100
AcDbAttributeDefinition
  3

  2
PSOL_9
 70
     9
280
     0
  0
ATTDEF
  5
8B0
330
858
100
AcDbEntity
  8
attrib
100
AcDbText
 10
80.3
 20
129.0
 30
0.0
 40
0.5
  1
 Places Side Tapped Hole)' },{M=N/A},{MALG= 'N/A' },{MFTALG= 'N/A' },{MSALG= 'N/A' },{M3D=0.000},{KDML=0.000},{ML=0.000},{MUL=0.000},{PITCH=0.000},{QSC=0.0},{QSCALG=0},{QFC=0.0},{QFCALG=0},{QTC=0.0},{QTCALG=0},{QPCDMIN=0.000},{QPCDMINALG=0.000},{QPC
100
AcDbAttributeDefinition
  3

  2
PSOL_10
 70
     9
280
     0
  0
ATTDEF
  5
8B1
330
858
100
AcDbEntity
  8
attrib
100
AcDbText
 10
80.3
 20
128.5
 30
0.0
 40
0.5
  1
6.000},{ALT2PN=},{TAP=0.000},{ALT3=},{ALT3ALG= '','w/o Side Through Hole','KTC','with KTC (3 Places Side Through Hole)' },{K=0.0},{KALG=0},{KMIN=4.000},{KFTMAX=6.000},{KSMAX=6.000},{KSC=0.0},{KSCALG=0},{KFC=0.0},{KFCALG=0},{KTC=0.0},{KTCALG=0},{KSCM
100
AcDbAttributeDefinition
  3

  2
PSOL_11
 70
     9
280
     0
  0
ATTDEF
  5
8B2
330
858
100
AcDbEntity
  8
attrib
100
AcDbText
 10
80.3
 20
128.0
 30
0.0
 40
0.5
  1
000},{KPCDMIN=14.000},{KPCDMAX=26.000},{ALT3PN=},{ALT4=},{ALT4ALG= '','Not applicable' },{ALT4MIN=20.500},{ALT4MAX=19.500},{ZM=N/A},{ZMALG= 'N/A' },{ZMFTALG= 'N/A' },{ZMSALG= 'N/A' },{ZMDD1=0.0},{ZMDD2=0.0},{ZMHH=0.0},{ZSC=0.0},{ZSCALG=[0]},{ZFC=0.0
100
AcDbAttributeDefinition
  3

  2
PSOL_12
 70
     9
280
     0
  0
ATTDEF
  5
8B3
330
858
100
AcDbEntity
  8
attrib
100
AcDbText
 10
80.3
 20
127.5
 30
0.0
 40
0.5
  1
ALG=[0]},{ZTC=0.0},{ZTCALG=[0]},{ZPCDMIN=0.000},{ZPCDMINALG=0.000},{ZPCDMAX=26.000},{ALT4PN=},{ALT5=},{ALT5ALG= '','w/o Flange not Attached','NFC','with NFC (Flange not Attached)' },{ALT5PN=},{ALT6=},{ALT6ALG= '','w/o Flange Attached on One Side Onl
100
AcDbAttributeDefinition
  3

  2
PSOL_13
 70
     9
280
     0
  0
ATTDEF
  5
8B4
330
858
100
AcDbEntity
  8
attrib
100
AcDbText
 10
80.3
 20
127.0
 30
0.0
 40
0.5
  1
C','with RFC (Flange Attached on The Boss Side Only)','LFC','with LFC (Flange Attached on The Opposite Side Only)' },{ALT6PN=},{ALT7=},{ALT7ALG= '','w/o FC (Flange Cut)','FC','with FC (Flange Cut)' },{FC=0.0},{FCALG=0},{FCMIN=39.5},{FCMAX=43.0},{ALT
100
AcDbAttributeDefinition
  3

  2
PSOL_14
 70
     9
280
     0
  0
ATTDEF
  5
8B5
330
858
100
AcDbEntity
  8
attrib
100
AcDbText
 10
80.3
 20
126.5
 30
0.0
 40
0.5
  1
{ALT8=},{ALT8ALG= '','Not applicable' },{ALT8ALGALG=26.000},{ALT8DD2=0.000},{ALT8MM=0.000},{ALT8NN=0.000},{QC=0.000},{KC=0.000},{ZC=0.000},{SRG=0.0},{SRGALG=[0]},{SRGMAX=0.000},{DD2=0.0},{MM=0.00},{NN=0.00},{ALT8PN=},{ALT9=},{ALT9ALG= '','Not applic
100
AcDbAttributeDefinition
  3

  2
PSOL_15
 70
     9
280
     0
  0
ATTDEF
  5
8B6
330
858
100
AcDbEntity
  8
attrib
100
AcDbText
 10
80.3
 20
126.0
 30
0.0
 40
0.5
  1
},{BTC9=11.000},{TL9=1.000},{BTC=0},{BTCALG=[0]},{TL=0.0},{TLALG=0},{TLMIN=1.000},{TLMAX=-16.500},{BTCL=0},{BTCD=0},{ALT9PN=},{WLBCTL=16.000},{ALT10=},{ALT10ALG= '','w/o TPC (Tapped Hole Dimension)','TPC','with TPC (Tapped Hole Dimension)' },{TPC=N/
100
AcDbAttributeDefinition
  3

  2
PSOL_16
 70
     9
280
     0
  0
ATTDEF
  5
8B7
330
858
100
AcDbEntity
  8
attrib
100
AcDbText
 10
80.3
 20
125.5
 30
0.0
 40
0.5
  1
CALG= 'N/A' },{TPCM=4.000},{ALT10PN=},{ALT11=},{ALT11ALG= '','Not applicable' },{BC=0.0},{BCALG=0},{BCMIN=7},{BCMAX=-16.5},{M1WBC=8},{ALT11PN=},{KTT=12.65},{ALT12=},{ALT12ALG= '','w/o SLH (Set Screw Length)','SLH','with SLH (Set Screw Length)' },{SL
100
AcDbAttributeDefinition
  3

  2
PSOL_17
 70
     9
280
     0
  0
ATTDEF
  5
8B8
330
858
100
AcDbEntity
  8
attrib
100
AcDbText
 10
80.3
 20
125.0
 30
0.0
 40
0.5
  1
0]},{SLH=0},{ALT12PN=},{ALT13=},{ALT13ALG= '', 'Not applicable' },{BN=0.0},{BNALG=0},{BNMIN=-15.5},{BNMAX=-6},{ALT13PN=},{AC=M4x3},{M1=4.000},{M1L=3.000},{KEYA=1.000},{KEYB=0.000},{KEYM=1.000}
100
AcDbAttributeDefinition
  3

  2
PSOL_18
 70
     9
280
     0
  0
LINE
  5
8B9
330
858
100
AcDbEntity
  8
hidden
100
AcDbLine
 10
67.6955302018713
 20
149.5946910689384
 30
0.0
 11
65.3044697981287
 21
149.5946910689384
 31
0.0
  0
LINE
  5
8BA
330
858
100
AcDbEntity
  8
hidden
100
AcDbLine
 10
67.6955302018713
 20
147.4053089310616
 30
0.0
 11
65.3044697981287
 21
147.4053089310616
 31
0.0
  0
LINE
  5
8BB
330
858
100
AcDbEntity
  8
hidden
100
AcDbLine
 10
67.9077119897231
 20
147.6962662418501
 30
0.0
 11
65.09228801027689
 21
147.6962662418501
 31
0.0
  0
LINE
  5
8BC
330
858
100
AcDbEntity
  8
hidden
100
AcDbLine
 10
67.9077119897231
 20
149.3037337581499
 30
0.0
 11
65.09228801027689
 21
149.3037337581499
 31
0.0
  0
LINE
  5
8BD
330
858
100
AcDbEntity
  8
hidden
100
AcDbLine
 10
68.10275084437275
 20
148.2574493538977
 30
0.0
 11
64.89724915562725
 21
148.2574493538977
 31
0.0
  0
LINE
  5
8BE
330
858
100
AcDbEntity
  8
hidden
100
AcDbLine
 10
68.10275087390167
 20
148.7425504707528
 30
0.0
 11
64.89724912609833
 21
148.7425504707528
 31
0.0
  0
LWPOLYLINE
  5
8BF
330
858
100
AcDbEntity
  8
hidden
100
AcDbPolyline
 90
       12
 70
     0
 43
0.0
 10
67.40534387883035
 20
164.2788151635338
 10
67.33387478469734
 20
164.2765304190105
 10
67.19116843004491
 20
164.2638676399653
 10
66.96353163288417
 20
164.2381652708569
 10
66.72447838030696
 20
164.2169108351767
 10
66.47293588018721
 20
164.2102950398907
 10
66.2220503825227
 20
164.2205517721493
 10
66.04471577928629
 20
164.2373609307859
 10
65.87287549716415
 20
164.2570288808901
 10
65.71106065411321
 20
164.2733216740187
 10
65.60104047370918
 20
164.2787926210596
 10
65.59228519469637
 20
164.2788196206841
  0
LWPOLYLINE
  5
8C0
330
858
100
AcDbEntity
  8
hidden
100
AcDbPolyline
 90
        5
 70
     0
 43
0.0
 10
65.59228519469637
 20
164.2788196206841
 10
65.50062377218707
 20
164.2736151576909
 10
65.42796407102736
 20
164.2578590032844
 10
65.36565144609469
 20
164.2287498799296
 10
65.30446979812871
 20
164.1685026175343
  0
LWPOLYLINE
  5
8C1
330
858
100
AcDbEntity
  8
hidden
100
AcDbPolyline
 90
        5
 70
     0
 43
0.0
 10
68.02267871367224
 20
163.6632988438017
 10
68.03764897031158
 20
163.6652135645141
 10
68.06761444836087
 20
163.6830723358124
 10
68.09262573326045
 20
163.7213381660565
 10
68.10275081783644
 20
163.7492403445527
  0
LWPOLYLINE
  5
8C2
330
858
100
AcDbEntity
  8
hidden
100
AcDbPolyline
 90
        5
 70
     0
 43
0.0
 10
64.97729568766773
 20
163.6632988379702
 10
65.00127946232541
 20
163.6677917919456
 10
65.03540644270088
 20
163.6889733597782
 10
65.06868255876185
 20
163.7284841596753
 10
65.0922880102769
 20
163.7736160909442
  0
LWPOLYLINE
  5
8C3
330
858
100
AcDbEntity
  8
hidden
100
AcDbPolyline
 90
        6
 70
     0
 43
0.0
 10
67.69553020187129
 20
164.1685026175343
 10
67.65276539776266
 20
164.2152245018611
 10
67.5987129125824
 20
164.2478491702938
 10
67.53541633783293
 20
164.2675566098599
 10
67.46412459002775
 20
164.2770410151812
 10
67.40534387883035
 20
164.2788151635338
  0
LWPOLYLINE
  5
8C4
330
858
100
AcDbEntity
  8
hidden
100
AcDbPolyline
 90
        4
 70
     0
 43
0.0
 10
65.30446979812871
 20
164.1685026175343
 10
65.21361053829472
 20
164.0214326920508
 10
65.13254147900749
 20
163.8641748924581
 10
65.0922880102769
 20
163.7736160909442
  0
LWPOLYLINE
  5
8C5
330
858
100
AcDbEntity
  8
hidden
100
AcDbPolyline
 90
        5
 70
     0
 43
0.0
 10
64.89724918216356
 20
163.7492403445527
 10
64.91570396561673
 20
163.7050252375808
 10
64.9406221052673
 20
163.6759138944442
 10
64.96918860254235
 20
163.6638500272511
 10
64.97729568766773
 20
163.6632988379702
  0
LWPOLYLINE
  5
8C6
330
858
100
AcDbEntity
  8
hidden
100
AcDbPolyline
 90
        3
 70
     0
 43
0.0
 10
64.89724918216356
 20
163.7492403445527
 10
64.87900239085947
 20
163.8705586827539
 10
64.87900000007406
 20
163.8719431698039
  0
LWPOLYLINE
  5
8C7
330
858
100
AcDbEntity
  8
hidden
100
AcDbPolyline
 90
        8
 70
     0
 43
0.0
 10
65.09228801027689
 20
164.5773498490941
 10
65.06373127820353
 20
164.4726647754795
 10
65.03000020147971
 20
164.3676235966679
 10
64.99598877367335
 20
164.2706931247937
 10
64.96235102968839
 20
164.1783184700643
 10
64.93238555163911
 20
164.0956568014557
 10
64.90737426673955
 20
164.0233055049471
 10
64.89724915562725
 20
163.9917909050556
  0
LWPOLYLINE
  5
8C8
330
858
100
AcDbEntity
  8
hidden
100
AcDbPolyline
 90
        4
 70
     0
 43
0.0
 10
65.09228801027689
 20
164.5773498490941
 10
65.16769479206057
 20
164.8593454710468
 10
65.25324122094456
 20
165.1247761966966
 10
65.3044697981287
 20
165.2631936864728
  0
LWPOLYLINE
  5
8C9
330
858
100
AcDbEntity
  8
hidden
100
AcDbPolyline
 90
       19
 70
     0
 43
0.0
 10
65.3044697981287
 20
165.2631936864728
 10
65.34723460223734
 20
165.3548327872911
 10
65.40128708741761
 20
165.4396842829351
 10
65.4645836621671
 20
165.5147376379434
 10
65.53587540997229
 20
165.5801545078992
 10
65.66612521530273
 20
165.6664708051287
 10
65.8088315699552
 20
165.7301306454692
 10
66.03646836711599
 20
165.7913127777866
 10
66.27552161969324
 20
165.8222925520199
 10
66.52706411981302
 20
165.8309492851076
 10
66.77794961747757
 20
165.8175442612186
 10
66.95528422071396
 20
165.7928573594011
 10
67.12712450283611
 20
165.7515409452409
 10
67.28893934588703
 20
165.689378067144
 10
67.39895952629102
 20
165.6276132695382
 10
67.49937622781309
 20
165.5498941848953
 10
67.57203592897277
 20
165.473692351038
 10
67.63434855390541
 20
165.3867198097
 10
67.6955302018713
 20
165.2631936864728
  0
LWPOLYLINE
  5
8CA
330
858
100
AcDbEntity
  8
hidden
100
AcDbPolyline
 90
        4
 70
     0
 43
0.0
 10
67.6955302018713
 20
165.2631936864728
 10
67.78638946170531
 20
165.0077608082543
 10
67.86745852099253
 20
164.7346335034011
 10
67.90771198972311
 20
164.5773498490941
  0
LWPOLYLINE
  5
8CB
330
858
100
AcDbEntity
  8
hidden
100
AcDbPolyline
 90
        8
 70
     0
 43
0.0
 10
68.10275084437275
 20
163.9917909050556
 10
68.08429607299287
 20
164.0480223193242
 10
68.05937794465378
 20
164.1186118263459
 10
68.03081145614817
 20
164.1970078784925
 10
67.99872060217116
 20
164.2854304624624
 10
67.96459362341012
 20
164.3836721702243
 10
67.93131750339363
 20
164.4893856372651
 10
67.90771198972311
 20
164.5773498490941
  0
LWPOLYLINE
  5
8CC
330
858
100
AcDbEntity
  8
hidden
100
AcDbPolyline
 90
        3
 70
     0
 43
0.0
 10
68.10275084437275
 20
163.9917909050556
 10
68.12099760944514
 20
163.8733426847567
 10
68.12099999992596
 20
163.8719586640554
  0
LWPOLYLINE
  5
8CD
330
858
100
AcDbEntity
  8
hidden
100
AcDbPolyline
 90
        5
 70
     0
 43
0.0
 10
67.9077119897231
 20
163.7736160909442
 10
67.93626872179645
 20
163.7211508642382
 10
67.96999979852028
 20
163.6844387078199
 10
68.00401122632664
 20
163.6660517177734
 10
68.02267871367224
 20
163.6632988438017
  0
LWPOLYLINE
  5
8CE
330
858
100
AcDbEntity
  8
hidden
100
AcDbPolyline
 90
        4
 70
     0
 43
0.0
 10
67.9077119897231
 20
163.7736160909442
 10
67.8323052079394
 20
163.9359799784614
 10
67.74675877905541
 20
164.0888063386176
 10
67.69553020187129
 20
164.1685026175343
  0
LINE
  5
8CF
330
858
100
AcDbEntity
  8
hidden
100
AcDbLine
 10
64.879
 20
163.8719345334646
 30
0.0
 11
64.879
 21
152.8285018092193
 31
0.0
  0
LINE
  5
8D0
330
858
100
AcDbEntity
  8
hidden
100
AcDbLine
 10
68.121
 20
152.8286049128337
 30
0.0
 11
68.121
 21
163.8719345344968
 31
0.0
  0
LWPOLYLINE
  5
8D1
330
858
100
AcDbEntity
  8
hidden
100
AcDbPolyline
 90
        8
 70
     0
 43
0.0
 10
67.48384487366532
 20
153.3280702987877
 10
67.48834964763232
 20
153.3270885027901
 10
67.68338692220244
 20
153.2764113789614
 10
67.85374607526697
 20
153.2063889807035
 10
67.98561524004887
 20
153.1178124207991
 10
68.07382697285684
 20
153.0107252673301
 10
68.11696854589516
 20
152.8861228280449
 10
68.12099999875451
 20
152.8301588060634
  0
LWPOLYLINE
  5
8D2
330
858
100
AcDbEntity
  8
hidden
100
AcDbPolyline
 90
       10
 70
     0
 43
0.0
 10
65.51864215874312
 20
153.3285799679117
 10
65.72434893793199
 20
153.3626524259237
 10
65.89139868525183
 20
153.3812148485479
 10
66.06744601037185
 20
153.394448418977
 10
66.24900493558495
 20
153.4027389714801
 10
66.51568478623464
 20
153.4067466381343
 10
66.78189680207484
 20
153.4016692867925
 10
67.03157001280137
 20
153.3877104389954
 10
67.26695586197856
 20
153.3637924877737
 10
67.48384487366532
 20
153.3280702987877
  0
LWPOLYLINE
  5
8D3
330
858
100
AcDbEntity
  8
hidden
100
AcDbPolyline
 90
        8
 70
     0
 43
0.0
 10
64.87900000048941
 20
152.8301071021164
 10
64.88574780320913
 20
152.9021123236362
 10
64.93037958713711
 20
153.0180213495462
 10
65.01488362175014
 20
153.1182537673832
 10
65.13890372952272
 20
153.2025408771828
 10
65.29765679079547
 20
153.2701241784516
 10
65.49672397669715
 20
153.323931459981
 10
65.51864215874312
 20
153.3285799679117
  0
LINE
  5
8D4
330
858
100
AcDbEntity
  8
hidden
100
AcDbLine
 10
66.61201733444193
 20
151.7888367179155
 30
0.0
 11
66.5
 21
151.785750633201
 31
0.0
  0
LWPOLYLINE
  5
8D5
330
858
100
AcDbEntity
  8
hidden
100
AcDbPolyline
 90
       11
 70
     0
 43
0.0
 10
68.12099999875451
 20
152.8301588060634
 10
68.11385279194504
 20
152.7529774114656
 10
68.06819599427708
 20
152.6103340461106
 10
67.98254123031134
 20
152.4651363855409
 10
67.85972305458405
 20
152.3209012645257
 10
67.69650590774953
 20
152.1785679616282
 10
67.50127391465753
 20
152.0496299639248
 10
67.26977099469906
 20
151.9370083964047
 10
67.01497270639659
 20
151.8519449075157
 10
66.76119359713286
 20
151.8027522068185
 10
66.61201733444193
 20
151.7888367179155
  0
LINE
  5
8D6
330
858
100
AcDbEntity
  8
hidden
100
AcDbLine
 10
64.87900000007406
 20
163.8719431698039
 30
0.0
 11
64.89724915562725
 21
163.9917909050556
 31
0.0
  0
LINE
  5
8D7
330
858
100
AcDbEntity
  8
hidden
100
AcDbLine
 10
68.12099999992596
 20
163.8719586640554
 30
0.0
 11
68.10275081783644
 21
163.7492403445527
 31
0.0
  0
LINE
  5
8D8
330
858
100
AcDbEntity
  8
hidden
100
AcDbLine
 10
61.0
 20
130.75
 30
0.0
 11
72.0
 21
130.75
 31
0.0
  0
LINE
  5
8D9
330
858
100
AcDbEntity
  8
hidden
100
AcDbLine
 10
72.0
 20
166.25
 30
0.0
 11
61.0
 21
166.25
 31
0.0
  0
LINE
  5
8DA
330
858
100
AcDbEntity
  8
hidden
100
AcDbLine
 10
72.0
 20
166.6004886248359
 30
0.0
 11
61.0
 21
166.6004886248359
 31
0.0
  0
LINE
  5
8DB
330
858
100
AcDbEntity
  8
hidden
100
AcDbLine
 10
72.0
 20
166.2483427143378
 30
0.0
 11
61.0
 21
166.2483427143378
 31
0.0
  0
LINE
  5
8DC
330
858
100
AcDbEntity
  8
hidden
100
AcDbLine
 10
72.0
 20
130.3995113751641
 30
0.0
 11
61.0
 21
130.3995113751641
 31
0.0
  0
LINE
  5
8DD
330
858
100
AcDbEntity
  8
hidden
100
AcDbLine
 10
72.0
 20
130.7516572785197
 30
0.0
 11
61.0
 21
130.7516572785197
 31
0.0
  0
LINE
  5
8DE
330
858
100
AcDbEntity
  8
hidden
100
AcDbLine
 10
72.0
 20
167.2244485913947
 30
0.0
 11
61.0
 21
167.2244485913947
 31
0.0
  0
LINE
  5
8DF
330
858
100
AcDbEntity
  8
hidden
100
AcDbLine
 10
72.0
 20
129.7755514086053
 30
0.0
 11
61.0
 21
129.7755514086053
 31
0.0
  0
LINE
  5
8E0
330
858
100
AcDbEntity
  8
hidden
100
AcDbLine
 10
72.0
 20
166.1917510349815
 30
0.0
 11
61.0
 21
166.1917510349815
 31
0.0
  0
LINE
  5
8E1
330
858
100
AcDbEntity
  8
hidden
100
AcDbLine
 10
72.0
 20
130.8082489650185
 30
0.0
 11
61.0
 21
130.8082489650185
 31
0.0
  0
LWPOLYLINE
  5
8E2
330
858
100
AcDbEntity
  8
hidden
100
AcDbPolyline
 90
       12
 70
     0
 43
0.0
 10
66.38919702181101
 20
151.7887701238349
 10
66.23600440077166
 20
151.8031239295225
 10
65.97966128962413
 20
151.8533546197019
 10
65.73868378084299
 20
151.9335442197658
 10
65.51833840868387
 20
152.0385637896655
 10
65.31803369527246
 20
152.1676535461685
 10
65.15018713172789
 20
152.3109956708882
 10
65.05688721697146
 20
152.4136560985241
 10
64.98183670717135
 20
152.518173119046
 10
64.92667373988309
 20
152.62179970356
 10
64.88387000039822
 20
152.7671706929045
 10
64.87900000048941
 20
152.8301071021164
  0
LINE
  5
8E3
330
858
100
AcDbEntity
  8
hidden
100
AcDbLine
 10
66.5
 20
151.785750633201
 30
0.0
 11
66.38919702181101
 21
151.7887701238349
 31
0.0
  0
LINE
  5
8E4
330
858
100
AcDbEntity
  8
hidden
100
AcDbLine
 10
58.5
 20
143.5
 30
0.0
 11
74.5
 21
143.5
 31
0.0
  0
LINE
  5
8E5
330
858
100
AcDbEntity
  8
hidden
100
AcDbLine
 10
74.5
 20
153.5
 30
0.0
 11
58.5
 21
153.5
 31
0.0
  0
LINE
  5
8E6
330
858
100
AcDbEntity
  8
hidden
100
AcDbLine
 10
72.0
 20
131.2936407127118
 30
0.0
 11
61.0
 21
131.2936407127118
 31
0.0
  0
LINE
  5
8E7
330
858
100
AcDbEntity
  8
hidden
100
AcDbLine
 10
72.0
 20
165.7063593303573
 30
0.0
 11
61.0
 21
165.7063593303573
 31
0.0
  0
LINE
  5
8E8
330
858
100
AcDbEntity
  8
hidden
100
AcDbLine
 10
72.0
 20
165.7757078273795
 30
0.0
 11
61.0
 21
165.7757078273795
 31
0.0
  0
LINE
  5
8E9
330
858
100
AcDbEntity
  8
hidden
100
AcDbLine
 10
72.0
 20
165.5808058331198
 30
0.0
 11
61.0
 21
165.5808058331198
 31
0.0
  0
LINE
  5
8EA
330
858
100
AcDbEntity
  8
hidden
100
AcDbLine
 10
61.0
 20
165.5578082692882
 30
0.0
 11
72.0
 21
165.5578082692882
 31
0.0
  0
LINE
  5
8EB
330
858
100
AcDbEntity
  8
hidden
100
AcDbLine
 10
72.0
 20
131.2242921726205
 30
0.0
 11
61.0
 21
131.2242921726205
 31
0.0
  0
LINE
  5
8EC
330
858
100
AcDbEntity
  8
hidden
100
AcDbLine
 10
72.0
 20
131.4191940247109
 30
0.0
 11
61.0
 21
131.4191940247109
 31
0.0
  0
LINE
  5
8ED
330
858
100
AcDbEntity
  8
hidden
100
AcDbLine
 10
72.0
 20
131.4421917307118
 30
0.0
 11
61.0
 21
131.4421917307118
 31
0.0
  0
LINE
  5
8EE
330
858
100
AcDbEntity
  8
hidden
100
AcDbLine
 10
74.5
 20
146.5
 30
0.0
 11
58.5
 21
146.5
 31
0.0
  0
LINE
  5
8EF
330
858
100
AcDbEntity
  8
hidden
100
AcDbLine
 10
74.5
 20
150.5
 30
0.0
 11
58.5
 21
150.5
 31
0.0
  0
LINE
  5
8F0
330
858
100
AcDbEntity
  8
hidden
100
AcDbLine
 10
72.0
 20
166.3031015803052
 30
0.0
 11
61.0
 21
166.3031015803052
 31
0.0
  0
LINE
  5
8F1
330
858
100
AcDbEntity
  8
hidden
100
AcDbLine
 10
72.0
 20
130.6968984196948
 30
0.0
 11
61.0
 21
130.6968984196948
 31
0.0
  0
LINE
  5
8F2
330
858
100
AcDbEntity
  8
hidden
100
AcDbLine
 10
72.0
 20
133.0082089303629
 30
0.0
 11
61.0
 21
133.0082089303629
 31
0.0
  0
LINE
  5
8F3
330
858
100
AcDbEntity
  8
hidden
100
AcDbLine
 10
72.0
 20
163.991790990655
 30
0.0
 11
61.0
 21
163.991790990655
 31
0.0
  0
LINE
  5
8F4
330
858
100
AcDbEntity
  8
hidden
100
AcDbLine
 10
72.0
 20
163.7736160909442
 30
0.0
 11
61.0
 21
163.7736160909442
 31
0.0
  0
LINE
  5
8F5
330
858
100
AcDbEntity
  8
hidden
100
AcDbLine
 10
72.0
 20
163.749240261741
 30
0.0
 11
61.0
 21
163.749240261741
 31
0.0
  0
LINE
  5
8F6
330
858
100
AcDbEntity
  8
hidden
100
AcDbLine
 10
61.0
 20
163.6632988379604
 30
0.0
 11
72.0
 21
163.6632988379604
 31
0.0
  0
LINE
  5
8F7
330
858
100
AcDbEntity
  8
hidden
100
AcDbLine
 10
72.0
 20
133.2263839090558
 30
0.0
 11
61.0
 21
133.2263839090558
 31
0.0
  0
LINE
  5
8F8
330
858
100
AcDbEntity
  8
hidden
100
AcDbLine
 10
72.0
 20
133.2507594707515
 30
0.0
 11
61.0
 21
133.2507594707515
 31
0.0
  0
LINE
  5
8F9
330
858
100
AcDbEntity
  8
hidden
100
AcDbLine
 10
72.0
 20
133.3367011620395
 30
0.0
 11
61.0
 21
133.3367011620395
 31
0.0
  0
LINE
  5
8FA
330
858
100
AcDbEntity
  8
hidden
100
AcDbLine
 10
72.0
 20
164.1685026175343
 30
0.0
 11
61.0
 21
164.1685026175343
 31
0.0
  0
LINE
  5
8FB
330
858
100
AcDbEntity
  8
hidden
100
AcDbLine
 10
72.0
 20
132.8314973824657
 30
0.0
 11
61.0
 21
132.8314973824657
 31
0.0
  0
LINE
  5
8FC
330
858
100
AcDbEntity
  8
hidden
100
AcDbLine
 10
72.0
 20
160.7306526587551
 30
0.0
 11
61.0
 21
160.7306526587551
 31
0.0
  0
LINE
  5
8FD
330
858
100
AcDbEntity
  8
hidden
100
AcDbLine
 10
72.0
 20
160.8784641670855
 30
0.0
 11
61.0
 21
160.8784641670855
 31
0.0
  0
LINE
  5
8FE
330
858
100
AcDbEntity
  8
hidden
100
AcDbLine
 10
61.0
 20
160.6938651574345
 30
0.0
 11
72.0
 21
160.6938651574345
 31
0.0
  0
LINE
  5
8FF
330
858
100
AcDbEntity
  8
hidden
100
AcDbLine
 10
72.0
 20
136.269347341245
 30
0.0
 11
61.0
 21
136.269347341245
 31
0.0
  0
LINE
  5
900
330
858
100
AcDbEntity
  8
hidden
100
AcDbLine
 10
72.0
 20
136.1215354582989
 30
0.0
 11
61.0
 21
136.1215354582989
 31
0.0
  0
LINE
  5
901
330
858
100
AcDbEntity
  8
hidden
100
AcDbLine
 10
72.0
 20
136.3061348425655
 30
0.0
 11
61.0
 21
136.3061348425655
 31
0.0
  0
LINE
  5
902
330
858
100
AcDbEntity
  8
hidden
100
AcDbLine
 10
72.0
 20
160.9661210948034
 30
0.0
 11
61.0
 21
160.9661210948034
 31
0.0
  0
LINE
  5
903
330
858
100
AcDbEntity
  8
hidden
100
AcDbLine
 10
72.0
 20
136.0338789051966
 30
0.0
 11
61.0
 21
136.0338789051966
 31
0.0
  0
LINE
  5
904
330
858
100
AcDbEntity
  8
hidden
100
AcDbLine
 10
73.60000000000002
 20
133.5
 30
0.0
 11
74.44311111670676
 21
133.5
 31
0.0
  0
LINE
  5
905
330
858
100
AcDbEntity
  8
hidden
100
AcDbLine
 10
74.44311111670676
 20
163.5
 30
0.0
 11
73.60000000000002
 21
163.5
 31
0.0
  0
LINE
  5
906
330
858
100
AcDbEntity
  8
hidden
100
AcDbLine
 10
58.55688888329324
 20
133.5
 30
0.0
 11
59.39999999999998
 21
133.5
 31
0.0
  0
LINE
  5
907
330
858
100
AcDbEntity
  8
hidden
100
AcDbLine
 10
59.39999999999998
 20
163.5
 30
0.0
 11
58.55688888329324
 21
163.5
 31
0.0
  0
LINE
  5
908
330
858
100
AcDbEntity
  8
hidden
100
AcDbLine
 10
72.0
 20
140.145809540019
 30
0.0
 11
61.0
 21
140.145809540019
 31
0.0
  0
LINE
  5
909
330
858
100
AcDbEntity
  8
hidden
100
AcDbLine
 10
72.0
 20
140.1481307741831
 30
0.0
 11
61.0
 21
140.1481307741831
 31
0.0
  0
LINE
  5
90A
330
858
100
AcDbEntity
  8
hidden
100
AcDbLine
 10
72.0
 20
156.854190459981
 30
0.0
 11
61.0
 21
156.854190459981
 31
0.0
  0
LINE
  5
90B
330
858
100
AcDbEntity
  8
hidden
100
AcDbLine
 10
61.0
 20
156.851869225817
 30
0.0
 11
72.0
 21
156.851869225817
 31
0.0
  0
LINE
  5
90C
330
858
100
AcDbEntity
  8
hidden
100
AcDbLine
 10
72.0
 20
140.0858059792993
 30
0.0
 11
61.0
 21
140.0858059792993
 31
0.0
  0
LINE
  5
90D
330
858
100
AcDbEntity
  8
hidden
100
AcDbLine
 10
72.0
 20
156.9141940207007
 30
0.0
 11
61.0
 21
156.9141940207007
 31
0.0
  0
LINE
  5
90E
330
858
100
AcDbEntity
  8
hidden
100
AcDbLine
 10
73.6
 20
167.4393560038601
 30
0.0
 11
73.6
 21
129.5606439961399
 31
0.0
  0
LINE
  5
90F
330
858
100
AcDbEntity
  8
hidden
100
AcDbLine
 10
73.6
 20
129.5606439961399
 30
0.0
 11
74.44311111670676
 21
126.4141104721641
 31
0.0
  0
LINE
  5
910
330
858
100
AcDbEntity
  8
hidden
100
AcDbLine
 10
74.44311111670676
 20
170.5858895278359
 30
0.0
 11
73.6
 21
167.4393560038601
 31
0.0
  0
LINE
  5
911
330
858
100
AcDbEntity
  8
hidden
100
AcDbLine
 10
59.4
 20
167.4393560038601
 30
0.0
 11
59.4
 21
129.5606439961399
 31
0.0
  0
LINE
  5
912
330
858
100
AcDbEntity
  8
hidden
100
AcDbLine
 10
59.4
 20
167.4393560038601
 30
0.0
 11
58.55688888329324
 21
170.5858895278359
 31
0.0
  0
LINE
  5
913
330
858
100
AcDbEntity
  8
hidden
100
AcDbLine
 10
58.55688888329324
 20
126.4141104721641
 30
0.0
 11
59.4
 21
129.5606439961399
 31
0.0
  0
LINE
  5
914
330
858
100
AcDbEntity
  8
center
100
AcDbLine
 10
57.7
 20
148.5
 30
0.0
 11
75.3
 21
148.5
 31
0.0
  0
LINE
  5
915
330
858
100
AcDbEntity
  8
vis
100
AcDbLine
 10
72.0
 20
167.5766514517329
 30
0.0
 11
61.0
 21
167.5766514517329
 31
0.0
  0
LINE
  5
916
330
858
100
AcDbEntity
  8
vis
100
AcDbLine
 10
61.0
 20
129.423348548267
 30
0.0
 11
72.0
 21
129.423348548267
 31
0.0
  0
LINE
  5
917
330
858
100
AcDbEntity
  8
AM_4
100
AcDbLine
 10
72.0
 20
129.4257618867137
 30
0.0
 11
61.0
 21
129.4257618867137
 31
0.0
  0
LINE
  5
918
330
858
100
AcDbEntity
  8
AM_4
100
AcDbLine
 10
72.00000000000011
 20
167.574238149983
 30
0.0
 11
61.0
 21
167.5742381355835
 31
0.0
  0
LINE
  5
919
330
858
100
AcDbEntity
  8
AM_4
100
AcDbLine
 10
72.0
 20
167.3647434863041
 30
0.0
 11
61.0
 21
167.3647434863041
 31
0.0
  0
LINE
  5
91A
330
858
100
AcDbEntity
  8
AM_4
100
AcDbLine
 10
72.00000000000011
 20
129.6352564943079
 30
0.0
 11
61.0
 21
129.6352564943079
 31
0.0
  0
LINE
  5
91B
330
858
100
AcDbEntity
  8
AM_4
100
AcDbLine
 10
72.0
 20
166.869755374595
 30
0.0
 11
61.0
 21
166.869755374595
 31
0.0
  0
LINE
  5
91C
330
858
100
AcDbEntity
  8
AM_4
100
AcDbLine
 10
72.0
 20
130.130244625405
 30
0.0
 11
61.0
 21
130.130244625405
 31
0.0
  0
LINE
  5
91D
330
858
100
AcDbEntity
  8
vis
100
AcDbLine
 10
72.0
 20
166.5210011383964
 30
0.0
 11
61.0
 21
166.5210011383964
 31
0.0
  0
LINE
  5
91E
330
858
100
AcDbEntity
  8
vis
100
AcDbLine
 10
61.0
 20
130.4789988616035
 30
0.0
 11
72.0
 21
130.4789988616035
 31
0.0
  0
LINE
  5
91F
330
858
100
AcDbEntity
  8
AM_4
100
AcDbLine
 10
72.0
 20
130.5161451364941
 30
0.0
 11
61.0
 21
130.5161451364941
 31
0.0
  0
LINE
  5
920
330
858
100
AcDbEntity
  8
AM_4
100
AcDbLine
 10
72.00000000000011
 20
166.4838549402864
 30
0.0
 11
61.0
 21
166.4838549402864
 31
0.0
  0
LINE
  5
921
330
858
100
AcDbEntity
  8
AM_4
100
AcDbLine
 10
72.0
 20
165.2631936864728
 30
0.0
 11
61.0
 21
165.2631936864728
 31
0.0
  0
LINE
  5
922
330
858
100
AcDbEntity
  8
AM_4
100
AcDbLine
 10
72.0
 20
165.8696475556168
 30
0.0
 11
61.0
 21
165.8696475556168
 31
0.0
  0
LINE
  5
923
330
858
100
AcDbEntity
  8
AM_4
100
AcDbLine
 10
72.00000000000011
 20
131.1303522230298
 30
0.0
 11
61.0
 21
131.1303522230298
 31
0.0
  0
LINE
  5
924
330
858
100
AcDbEntity
  8
AM_4
100
AcDbLine
 10
72.0
 20
131.7368063135272
 30
0.0
 11
61.0
 21
131.7368063135272
 31
0.0
  0
LINE
  5
925
330
858
100
AcDbEntity
  8
AM_4
100
AcDbLine
 10
72.0
 20
132.4226501509059
 30
0.0
 11
61.0
 21
132.4226501509059
 31
0.0
  0
LINE
  5
926
330
858
100
AcDbEntity
  8
AM_4
100
AcDbLine
 10
72.0
 20
164.5773498490941
 30
0.0
 11
61.0
 21
164.5773498490941
 31
0.0
  0
LINE
  5
927
330
858
100
AcDbEntity
  8
vis
100
AcDbLine
 10
72.0
 20
164.278819870518
 30
0.0
 11
61.0
 21
164.278819870518
 31
0.0
  0
LINE
  5
928
330
858
100
AcDbEntity
  8
vis
100
AcDbLine
 10
61.0
 20
132.7211801294819
 30
0.0
 11
72.0
 21
132.7211801294819
 31
0.0
  0
LINE
  5
929
330
858
100
AcDbEntity
  8
AM_4
100
AcDbLine
 10
72.0
 20
132.8320983754971
 30
0.0
 11
61.0
 21
132.8320983754971
 31
0.0
  0
LINE
  5
92A
330
858
100
AcDbEntity
  8
AM_4
100
AcDbLine
 10
72.00000000000011
 20
164.1679017529758
 30
0.0
 11
61.0
 21
164.1679017529758
 31
0.0
  0
LINE
  5
92B
330
858
100
AcDbEntity
  8
AM_4
100
AcDbLine
 10
72.0
 20
161.8673038400678
 30
0.0
 11
61.0
 21
161.8673038400678
 31
0.0
  0
LINE
  5
92C
330
858
100
AcDbEntity
  8
AM_4
100
AcDbLine
 10
72.0
 20
135.1326961599322
 30
0.0
 11
61.0
 21
135.1326961599322
 31
0.0
  0
LINE
  5
92D
330
858
100
AcDbEntity
  8
AM_4
100
AcDbLine
 10
72.00000000000011
 20
133.8091607430521
 30
0.0
 11
61.0
 21
133.8091607430521
 31
0.0
  0
LINE
  5
92E
330
858
100
AcDbEntity
  8
AM_4
100
AcDbLine
 10
72.0
 20
134.4857519488952
 30
0.0
 11
61.0
 21
134.4857519488952
 31
0.0
  0
LINE
  5
92F
330
858
100
AcDbEntity
  8
AM_4
100
AcDbLine
 10
72.0
 20
162.5142480511048
 30
0.0
 11
61.0
 21
162.5142480511048
 31
0.0
  0
LINE
  5
930
330
858
100
AcDbEntity
  8
AM_4
100
AcDbLine
 10
72.0
 20
163.190838919725
 30
0.0
 11
61.0
 21
163.190838919725
 31
0.0
  0
LINE
  5
931
330
858
100
AcDbEntity
  8
AM_4
100
AcDbLine
 10
72.0
 20
135.7785174259616
 30
0.0
 11
61.0
 21
135.7785174259616
 31
0.0
  0
LINE
  5
932
330
858
100
AcDbEntity
  8
AM_4
100
AcDbLine
 10
72.0
 20
161.2214827034146
 30
0.0
 11
61.0
 21
161.2214827034146
 31
0.0
  0
LINE
  5
933
330
858
100
AcDbEntity
  8
vis
100
AcDbLine
 10
72.0
 20
161.002908596124
 30
0.0
 11
61.0
 21
161.002908596124
 31
0.0
  0
LINE
  5
934
330
858
100
AcDbEntity
  8
vis
100
AcDbLine
 10
61.0
 20
135.997091403876
 30
0.0
 11
72.0
 21
135.997091403876
 31
0.0
  0
LINE
  5
935
330
858
100
AcDbEntity
  8
vis
100
AcDbLine
 10
74.5
 20
163.5
 30
0.0
 11
74.5
 21
133.5
 31
0.0
  0
LINE
  5
936
330
858
100
AcDbEntity
  8
vis
100
AcDbLine
 10
74.44311111670676
 20
133.5
 30
0.0
 11
74.5
 21
133.5
 31
0.0
  0
LINE
  5
937
330
858
100
AcDbEntity
  8
vis
100
AcDbLine
 10
74.5
 20
163.5
 30
0.0
 11
74.44311111670676
 21
163.5
 31
0.0
  0
LINE
  5
938
330
858
100
AcDbEntity
  8
vis
100
AcDbLine
 10
58.5
 20
163.5
 30
0.0
 11
58.5
 21
133.5
 31
0.0
  0
LINE
  5
939
330
858
100
AcDbEntity
  8
vis
100
AcDbLine
 10
58.5
 20
133.5
 30
0.0
 11
58.55688888329324
 21
133.5
 31
0.0
  0
LINE
  5
93A
330
858
100
AcDbEntity
  8
vis
100
AcDbLine
 10
58.55688888329324
 20
163.5
 30
0.0
 11
58.5
 21
163.5
 31
0.0
  0
LINE
  5
93B
330
858
100
AcDbEntity
  8
AM_4
100
AcDbLine
 10
72.0
 20
157.5842263795034
 30
0.0
 11
61.0
 21
157.5842263795034
 31
0.0
  0
LINE
  5
93C
330
858
100
AcDbEntity
  8
AM_4
100
AcDbLine
 10
72.0
 20
139.4157737711555
 30
0.0
 11
61.0
 21
139.4157737711555
 31
0.0
  0
LINE
  5
93D
330
858
100
AcDbEntity
  8
AM_4
100
AcDbLine
 10
72.0
 20
136.2157932177782
 30
0.0
 11
61.0
 21
136.2157932177782
 31
0.0
  0
LINE
  5
93E
330
858
100
AcDbEntity
  8
AM_4
100
AcDbLine
 10
72.00000000000011
 20
160.7842069536318
 30
0.0
 11
61.0
 21
160.7842069536318
 31
0.0
  0
LINE
  5
93F
330
858
100
AcDbEntity
  8
AM_4
100
AcDbLine
 10
72.0
 20
158.2462981648549
 30
0.0
 11
61.0
 21
158.2462981648549
 31
0.0
  0
LINE
  5
940
330
858
100
AcDbEntity
  8
AM_4
100
AcDbLine
 10
72.0
 20
138.7537018351451
 30
0.0
 11
61.0
 21
138.7537018351451
 31
0.0
  0
LINE
  5
941
330
858
100
AcDbEntity
  8
AM_4
100
AcDbLine
 10
72.00000000000011
 20
137.4891256955748
 30
0.0
 11
61.0
 21
137.4891256955748
 31
0.0
  0
LINE
  5
942
330
858
100
AcDbEntity
  8
AM_4
100
AcDbLine
 10
72.0
 20
138.189745429306
 30
0.0
 11
61.0
 21
138.189745429306
 31
0.0
  0
LINE
  5
943
330
858
100
AcDbEntity
  8
AM_4
100
AcDbLine
 10
72.0
 20
158.810254570694
 30
0.0
 11
61.0
 21
158.810254570694
 31
0.0
  0
LINE
  5
944
330
858
100
AcDbEntity
  8
AM_4
100
AcDbLine
 10
72.0
 20
159.5108738892132
 30
0.0
 11
61.0
 21
159.5108738892132
 31
0.0
  0
LINE
  5
945
330
858
100
AcDbEntity
  8
AM_4
100
AcDbLine
 10
72.0
 20
139.8358836802152
 30
0.0
 11
61.0
 21
139.8358836802152
 31
0.0
  0
LINE
  5
946
330
858
100
AcDbEntity
  8
AM_4
100
AcDbLine
 10
72.0
 20
157.1641164901008
 30
0.0
 11
61.0
 21
157.1641164901008
 31
0.0
  0
LINE
  5
947
330
858
100
AcDbEntity
  8
AM_4
100
AcDbLine
 10
72.0
 20
153.3278950473028
 30
0.0
 11
61.0
 21
153.3278950473028
 31
0.0
  0
LINE
  5
948
330
858
100
AcDbEntity
  8
AM_4
100
AcDbLine
 10
72.0
 20
143.6721051214516
 30
0.0
 11
61.0
 21
143.6721051214516
 31
0.0
  0
LINE
  5
949
330
858
100
AcDbEntity
  8
vis
100
AcDbLine
 10
61.0
 20
140.0834847451353
 30
0.0
 11
72.0
 21
140.0834847451353
 31
0.0
  0
LINE
  5
94A
330
858
100
AcDbEntity
  8
vis
100
AcDbLine
 10
72.0
 20
156.9165152548648
 30
0.0
 11
61.0
 21
156.9165152548648
 31
0.0
  0
LINE
  5
94B
330
858
100
AcDbEntity
  8
AM_4
100
AcDbLine
 10
72.0
 20
144.1406764600432
 30
0.0
 11
61.0
 21
144.1406764600432
 31
0.0
  0
LINE
  5
94C
330
858
100
AcDbEntity
  8
AM_4
100
AcDbLine
 10
72.0
 20
152.859323350791
 30
0.0
 11
61.0
 21
152.859323350791
 31
0.0
  0
LWPOLYLINE
  5
94D
330
858
100
AcDbEntity
  8
vis
100
AcDbPolyline
 90
        3
 70
     0
 43
0.0
 10
68.10275084437275
 20
148.2574495292472
 10
68.12099760913443
 20
148.4972159057893
 10
68.10275087390167
 20
148.7425502756284
  0
LWPOLYLINE
  5
94E
330
858
100
AcDbEntity
  8
vis
100
AcDbPolyline
 90
        3
 70
     0
 43
0.0
 10
64.89724912609833
 20
148.7425502756284
 10
64.87900239052661
 20
148.5027838968475
 10
64.89724915562725
 20
148.2574495292472
  0
LINE
  5
94F
330
858
100
AcDbEntity
  8
AM_4
100
AcDbLine
 10
72.0
 20
143.0389016237735
 30
0.0
 11
61.0
 21
143.0389016237735
 31
0.0
  0
LINE
  5
950
330
858
100
AcDbEntity
  8
AM_4
100
AcDbLine
 10
72.0
 20
153.9610983762265
 30
0.0
 11
61.0
 21
153.9610983762265
 31
0.0
  0
LINE
  5
951
330
858
100
AcDbEntity
  8
AM_4
100
AcDbLine
 10
72.0
 20
140.4366360770949
 30
0.0
 11
61.0
 21
140.4366360770949
 31
0.0
  0
LINE
  5
952
330
858
100
AcDbEntity
  8
AM_4
100
AcDbLine
 10
72.00000000000011
 20
156.5633637419495
 30
0.0
 11
61.0
 21
156.5633637419495
 31
0.0
  0
LINE
  5
953
330
858
100
AcDbEntity
  8
AM_4
100
AcDbLine
 10
72.00000000000011
 20
141.9194637014932
 30
0.0
 11
61.0
 21
141.9194637014932
 31
0.0
  0
LINE
  5
954
330
858
100
AcDbEntity
  8
AM_4
100
AcDbLine
 10
72.0
 20
142.5963657202084
 30
0.0
 11
61.0
 21
142.5963657202084
 31
0.0
  0
LINE
  5
955
330
858
100
AcDbEntity
  8
AM_4
100
AcDbLine
 10
72.0
 20
154.4036342797916
 30
0.0
 11
61.0
 21
154.4036342797916
 31
0.0
  0
LINE
  5
956
330
858
100
AcDbEntity
  8
AM_4
100
AcDbLine
 10
72.0
 20
155.080535999481
 30
0.0
 11
61.0
 21
155.080535999481
 31
0.0
  0
LWPOLYLINE
  5
957
330
858
100
AcDbEntity
  8
vis
100
AcDbPolyline
 90
        8
 70
     0
 43
0.0
 10
67.90771198972311
 20
149.3037337581499
 10
67.93674267378309
 20
149.2505823938032
 10
67.96999979852028
 20
149.183184888848
 10
68.0044567365604
 20
149.1034605207647
 10
68.0376489703116
 20
149.0131049055502
 10
68.06803612820458
 20
148.9107683849998
 10
68.09262573326045
 20
148.8019673388905
 10
68.10275087390167
 20
148.7425502756284
  0
LINE
  5
958
330
858
100
AcDbEntity
  8
AM_4
100
AcDbLine
 10
72.0
 20
148.7425502756284
 30
0.0
 11
68.10275087390167
 21
148.7425502756284
 31
0.0
  0
LWPOLYLINE
  5
959
330
858
100
AcDbEntity
  8
vis
100
AcDbPolyline
 90
        8
 70
     0
 43
0.0
 10
65.09228801027689
 20
147.6962662418501
 10
65.06325732621691
 20
147.7494176061968
 10
65.03000020147971
 20
147.816815111152
 10
64.9955432634396
 20
147.8965394792353
 10
64.96235102968839
 20
147.9868950944498
 10
64.93196387179542
 20
148.0892316150002
 10
64.90737426673955
 20
148.1980326611095
 10
64.89724915562725
 20
148.2574495292472
  0
LINE
  5
95A
330
858
100
AcDbEntity
  8
AM_4
100
AcDbLine
 10
64.89724915562725
 20
148.2574495292472
 30
0.0
 11
61.0
 21
148.2574495292472
 31
0.0
  0
LWPOLYLINE
  5
95B
330
858
100
AcDbEntity
  8
vis
100
AcDbPolyline
 90
        8
 70
     0
 43
0.0
 10
68.10275084437275
 20
148.2574495292472
 10
68.08392750700291
 20
148.1555098459236
 10
68.05937794465378
 20
148.0573021055761
 10
68.03040689951888
 20
147.965762040649
 10
67.99872060217116
 20
147.8823613057558
 10
67.96411663349751
 20
147.804339959095
 10
67.93131750339361
 20
147.7390984265498
 10
67.90771198972311
 20
147.6962662418501
  0
LINE
  5
95C
330
858
100
AcDbEntity
  8
AM_4
100
AcDbLine
 10
72.0
 20
148.2574495292472
 30
0.0
 11
68.10275084437275
 21
148.2574495292472
 31
0.0
  0
LWPOLYLINE
  5
95D
330
858
100
AcDbEntity
  8
vis
100
AcDbPolyline
 90
        8
 70
     0
 43
0.0
 10
64.89724912609833
 20
148.7425502756284
 10
64.91607244984311
 20
148.8444899556507
 10
64.94062199979537
 20
148.9426976987492
 10
64.96959303507894
 20
149.0342377719736
 10
65.00127932605871
 20
149.1176385200916
 10
65.03588329284186
 20
149.195659885853
 10
65.06868242744132
 20
149.2609014433451
 10
65.09228801027689
 20
149.3037337581499
  0
LINE
  5
95E
330
858
100
AcDbEntity
  8
AM_4
100
AcDbLine
 10
64.89724912609833
 20
148.7425502756284
 30
0.0
 11
61.0
 21
148.7425502756284
 31
0.0
  0
LINE
  5
95F
330
858
100
AcDbEntity
  8
AM_4
100
AcDbLine
 10
72.0
 20
144.5915960126883
 30
0.0
 11
61.0
 21
144.5915960126883
 31
0.0
  0
LINE
  5
960
330
858
100
AcDbEntity
  8
AM_4
100
AcDbLine
 10
72.0
 20
152.4084039873117
 30
0.0
 11
61.0
 21
152.4084039873117
 31
0.0
  0
LWPOLYLINE
  5
961
330
858
100
AcDbEntity
  8
vis
100
AcDbPolyline
 90
        4
 70
     0
 43
0.0
 10
67.90771198972311
 20
149.3037337581499
 10
67.83230520793941
 20
149.4233654925854
 10
67.74675877905543
 20
149.535969858079
 10
67.6955302018713
 20
149.5946910689384
  0
LINE
  5
962
330
858
100
AcDbEntity
  8
AM_4
100
AcDbLine
 10
72.0
 20
149.3037337581499
 30
0.0
 11
67.90771198972311
 21
149.3037337581499
 31
0.0
  0
LWPOLYLINE
  5
963
330
858
100
AcDbEntity
  8
vis
100
AcDbPolyline
 90
        4
 70
     0
 43
0.0
 10
65.09228801027689
 20
147.6962662418501
 10
65.16769479206059
 20
147.5766345074146
 10
65.25324122094457
 20
147.464030141921
 10
65.3044697981287
 20
147.4053089310616
  0
LINE
  5
964
330
858
100
AcDbEntity
  8
AM_4
100
AcDbLine
 10
65.09228801027689
 20
147.6962662418501
 30
0.0
 11
61.0
 21
147.6962662418501
 31
0.0
  0
LWPOLYLINE
  5
965
330
858
100
AcDbEntity
  8
vis
100
AcDbPolyline
 90
        4
 70
     0
 43
0.0
 10
67.6955302018713
 20
147.4053089310616
 10
67.78638946170531
 20
147.5136718837965
 10
67.86745852099253
 20
147.629541389057
 10
67.90771198972311
 20
147.6962662418501
  0
LINE
  5
966
330
858
100
AcDbEntity
  8
AM_4
100
AcDbLine
 10
72.0
 20
147.6962662418501
 30
0.0
 11
67.90771198972311
 21
147.6962662418501
 31
0.0
  0
LWPOLYLINE
  5
967
330
858
100
AcDbEntity
  8
vis
100
AcDbPolyline
 90
        4
 70
     0
 43
0.0
 10
65.3044697981287
 20
149.5946910689384
 10
65.21361053829469
 20
149.4863281162035
 10
65.13254147900747
 20
149.370458610943
 10
65.09228801027689
 20
149.3037337581499
  0
LINE
  5
968
330
858
100
AcDbEntity
  8
AM_4
100
AcDbLine
 10
65.09228801027689
 20
149.3037337581499
 30
0.0
 11
61.0
 21
149.3037337581499
 31
0.0
  0
LINE
  5
969
330
858
100
AcDbEntity
  8
AM_4
100
AcDbLine
 10
72.0
 20
144.7111464707996
 30
0.0
 11
61.0
 21
144.7111464707996
 31
0.0
  0
LINE
  5
96A
330
858
100
AcDbEntity
  8
AM_4
100
AcDbLine
 10
72.0
 20
152.2888535292004
 30
0.0
 11
61.0
 21
152.2888535292004
 31
0.0
  0
LINE
  5
96B
330
858
100
AcDbEntity
  8
AM_4
100
AcDbLine
 10
72.00000000000011
 20
151.7930156242548
 30
0.0
 11
61.0
 21
151.7930156242548
 31
0.0
  0
LINE
  5
96C
330
858
100
AcDbEntity
  8
AM_4
100
AcDbLine
 10
72.0
 20
145.2069841792138
 30
0.0
 11
61.0
 21
145.2069841792138
 31
0.0
  0
LWPOLYLINE
  5
96D
330
858
100
AcDbEntity
  8
vis
100
AcDbPolyline
 90
       19
 70
     0
 43
0.0
 10
67.6955302018713
 20
149.5946910689384
 10
67.65276539776266
 20
149.6396082854299
 10
67.59871291258239
 20
149.6918351126413
 10
67.5354163378329
 20
149.7471810280835
 10
67.46412459002771
 20
149.8031134927181
 10
67.33387478469726
 20
149.8899403861183
 10
67.19116843004478
 20
149.9662630055039
 10
66.96353163288401
 20
150.0531475069298
 10
66.72447838030675
 20
150.1053817168433
 10
66.47293588018697
 20
150.120654245217
 10
66.22205038252241
 20
150.0969924890694
 10
66.04471577928602
 20
150.0554964286153
 10
65.87287549716388
 20
149.9945120643509
 10
65.71106065411296
 20
149.9160563931254
 10
65.60104047370896
 20
149.8488206484787
 10
65.5006237721869
 20
149.7762790272045
 10
65.42796407102722
 20
149.7158333477536
 10
65.36565144609457
 20
149.6579699297705
 10
65.3044697981287
 20
149.5946910689384
  0
LINE
  5
96E
330
858
100
AcDbEntity
  8
AM_4
100
AcDbLine
 10
72.0
 20
149.5946910689384
 30
0.0
 11
67.6955302018713
 21
149.5946910689384
 31
0.0
  0
LINE
  5
96F
330
858
100
AcDbEntity
  8
AM_4
100
AcDbLine
 10
72.0
 20
150.2017458675534
 30
0.0
 11
61.0
 21
150.2017458675534
 31
0.0
  0
LINE
  5
970
330
858
100
AcDbEntity
  8
AM_4
100
AcDbLine
 10
65.3044697981287
 20
149.5946910689384
 30
0.0
 11
61.0
 21
149.5946910689384
 31
0.0
  0
LWPOLYLINE
  5
971
330
858
100
AcDbEntity
  8
vis
100
AcDbPolyline
 90
       19
 70
     0
 43
0.0
 10
65.3044697981287
 20
147.4053089310616
 10
65.34723460223735
 20
147.3603917145701
 10
65.40128708741761
 20
147.3081648873587
 10
65.4645836621671
 20
147.2528189719165
 10
65.5358754099723
 20
147.1968865072819
 10
65.66612521530276
 20
147.1100596138817
 10
65.80883156995525
 20
147.0337369944961
 10
66.03646836711603
 20
146.9468524930702
 10
66.27552161969328
 20
146.8946182831567
 10
66.52706411981308
 20
146.879345754783
 10
66.77794961747763
 20
146.9030075109306
 10
66.95528422071402
 20
146.9445035713847
 10
67.12712450283617
 20
147.0054879356491
 10
67.28893934588707
 20
147.0839436068746
 10
67.39895952629107
 20
147.1511793515213
 10
67.49937622781313
 20
147.2237209727955
 10
67.5720359289728
 20
147.2841666522464
 10
67.63434855390544
 20
147.3420300702295
 10
67.6955302018713
 20
147.4053089310616
  0
LINE
  5
972
330
858
100
AcDbEntity
  8
AM_4
100
AcDbLine
 10
65.3044697981287
 20
147.4053089310616
 30
0.0
 11
61.0
 21
147.4053089310616
 31
0.0
  0
LINE
  5
973
330
858
100
AcDbEntity
  8
AM_4
100
AcDbLine
 10
72.00000000000011
 20
146.7982542028494
 30
0.0
 11
61.0
 21
146.7982542028494
 31
0.0
  0
LINE
  5
974
330
858
100
AcDbEntity
  8
AM_4
100
AcDbLine
 10
72.0
 20
147.4053089310616
 30
0.0
 11
67.6955302018713
 21
147.4053089310616
 31
0.0
  0
LINE
  5
975
330
858
100
AcDbEntity
  8
vis
100
AcDbLine
 10
72.00000000000011
 20
167.65
 30
0.0
 11
72.00000000000011
 21
129.35
 31
0.0
  0
LINE
  5
976
330
858
100
AcDbEntity
  8
vis
100
AcDbLine
 10
72.00000000000011
 20
129.35
 30
0.0
 11
72.89762979464429
 21
126.0
 31
0.0
  0
LINE
  5
977
330
858
100
AcDbEntity
  8
vis
100
AcDbLine
 10
72.89762979464429
 20
171.0
 30
0.0
 11
72.00000000000011
 21
167.65
 31
0.0
  0
LINE
  5
978
330
858
100
AcDbEntity
  8
vis
100
AcDbLine
 10
74.44311111670676
 20
170.5858895278359
 30
0.0
 11
74.44311111670676
 21
126.4141104721641
 31
0.0
  0
LINE
  5
979
330
858
100
AcDbEntity
  8
vis
100
AcDbLine
 10
72.89762979464429
 20
171.0
 30
0.0
 11
72.89762979464429
 21
126.0
 31
0.0
  0
LINE
  5
97A
330
858
100
AcDbEntity
  8
vis
100
AcDbLine
 10
74.44311111670676
 20
170.5858895278359
 30
0.0
 11
72.89762979464429
 21
171.0
 31
0.0
  0
LINE
  5
97B
330
858
100
AcDbEntity
  8
vis
100
AcDbLine
 10
72.89762979464429
 20
126.0
 30
0.0
 11
74.44311111670676
 21
126.4141104721641
 31
0.0
  0
LINE
  5
97C
330
858
100
AcDbEntity
  8
vis
100
AcDbLine
 10
58.55688888329324
 20
170.5858895278359
 30
0.0
 11
58.55688888329324
 21
126.4141104721641
 31
0.0
  0
LINE
  5
97D
330
858
100
AcDbEntity
  8
vis
100
AcDbLine
 10
58.55688888329324
 20
126.4141104721641
 30
0.0
 11
60.10237020535573
 21
126.0
 31
0.0
  0
LINE
  5
97E
330
858
100
AcDbEntity
  8
vis
100
AcDbLine
 10
60.10237020535573
 20
171.0
 30
0.0
 11
58.55688888329324
 21
170.5858895278359
 31
0.0
  0
LINE
  5
97F
330
858
100
AcDbEntity
  8
vis
100
AcDbLine
 10
60.99999999999987
 20
167.65
 30
0.0
 11
60.99999999999987
 21
129.35
 31
0.0
  0
LINE
  5
980
330
858
100
AcDbEntity
  8
vis
100
AcDbLine
 10
60.10237020535573
 20
171.0
 30
0.0
 11
60.10237020535573
 21
126.0
 31
0.0
  0
LINE
  5
981
330
858
100
AcDbEntity
  8
vis
100
AcDbLine
 10
60.99999999999987
 20
167.65
 30
0.0
 11
60.10237020535573
 21
171.0
 31
0.0
  0
LINE
  5
982
330
858
100
AcDbEntity
  8
vis
100
AcDbLine
 10
60.10237020535573
 20
126.0
 30
0.0
 11
60.99999999999987
 21
129.35
 31
0.0
  0
ARC
  5
983
330
858
100
AcDbEntity
  8
AM_5
100
AcDbCircle
 10
66.5
 20
148.5
 30
0.0
 40
1.999999999999995
100
AcDbArc
 50
75.00000000000001
 51
15.00000000000038
  0
ENDBLK
  5
85B
330
858
100
AcDbEntity
  8
0
100
AcDbBlockEnd
  0
ENDSEC
  0
SECTION
  2
ENTITIES
  0
ATTDEF
  5
5F
330
1F
100
AcDbEntity
  8
attrib
100
AcDbText
 10
168.3
 20
171.0
 30
0.0
 40
0.5
  1
MTP24XL037-A-C10
100
AcDbAttributeDefinition
  3

  2
NB
 70
     8
280
     0
  0
ATTDEF
  5
60
330
1F
100
AcDbEntity
  8
attrib
100
AcDbText
 10
168.3
 20
170.5
 30
0.0
 40
0.5
  1
ATP__XL025, ATP__XL031, ATP__ XL037, ATP__XL050, BTP__XL025, BTP__XL031, BTP__XL037, BTP__XL050, KTP__XL025, KTP__XL031, KTP__ XL037, KTP__XL050, NTP__XL025, NTP__XL031, NTP__ XL037, NTP__XL050, MTP__XL025, MTP__ XL037, MTP__XL050, MTPB__XL025, MTPB
100
AcDbAttributeDefinition
  3

  2
NN
 70
     8
280
     0
  0
ATTDEF
  5
61
330
1F
100
AcDbEntity
  8
attrib
100
AcDbText
 10
168.3
 20
170.0
 30
0.0
 40
0.5
  1
Timing Pulleys XL Type
100
AcDbAttributeDefinition
  3

  2
NT
 70
     8
280
     0
  0
ATTDEF
  5
62
330
1F
100
AcDbEntity
  8
attrib
100
AcDbText
 10
168.3
 20
169.5
 30
0.0
 40
0.5
  1
$PN.
100
AcDbAttributeDefinition
  3

  2
NBSYN
 70
     8
280
     0
  0
ATTDEF
  5
63
330
1F
100
AcDbEntity
  8
attrib
100
AcDbText
 10
168.3
 20
169.0
 30
0.0
 40
0.5
  1
MTP24XL037-A-C10
100
AcDbAttributeDefinition
  3

  2
LINA
 70
     8
280
     0
  0
ATTDEF
  5
64
330
1F
100
AcDbEntity
  8
attrib
100
AcDbText
 10
168.3
 20
168.5
 30
0.0
 40
0.5
  1
Misumi
100
AcDbAttributeDefinition
  3

  2
CATALOG
 70
     8
280
     0
  0
ATTDEF
  5
65
330
1F
100
AcDbEntity
  8
attrib
100
AcDbText
 10
168.3
 20
168.0
 30
0.0
 40
0.5
  1
MTP24XL037-A-C10
100
AcDbAttributeDefinition
  3

  2
PN
 70
     8
280
     0
  0
ATTDEF
  5
66
330
1F
100
AcDbEntity
  8
attrib
100
AcDbText
 10
168.3
 20
167.5
 30
0.0
 40
0.5
  1
1045 Carbon Steel Equivalent
100
AcDbAttributeDefinition
  3

  2
MATP
 70
     8
280
     0
  0
ATTDEF
  5
67
330
1F
100
AcDbEntity
  8
attrib
100
AcDbText
 10
168.3
 20
167.0
 30
0.0
 40
0.5
  1
-
100
AcDbAttributeDefinition
  3

  2
ST
 70
     8
280
     0
  0
ATTDEF
  5
68
330
1F
100
AcDbEntity
  8
attrib
100
AcDbText
 10
168.3
 20
166.5
 30
0.0
 40
0.5
  1
24
100
AcDbAttributeDefinition
  3

  2
NT
 70
     8
280
     0
  0
ATTDEF
  5
69
330
1F
100
AcDbEntity
  8
attrib
100
AcDbText
 10
168.3
 20
166.0
 30
0.0
 40
0.5
  1
XL037
100
AcDbAttributeDefinition
  3

  2
TNW
 70
     8
280
     0
  0
ATTDEF
  5
6A
330
1F
100
AcDbEntity
  8
attrib
100
AcDbText
 10
168.3
 20
165.5
 30
0.0
 40
0.5
  1
9.5mm (3/8inch)
100
AcDbAttributeDefinition
  3

  2
BW
 70
     8
280
     0
  0
ATTDEF
  5
6B
330
1F
100
AcDbEntity
  8
attrib
100
AcDbText
 10
168.3
 20
165.0
 30
0.0
 40
0.5
  1
A
100
AcDbAttributeDefinition
  3

  2
PS
 70
     8
280
     0
  0
ATTDEF
  5
6C
330
1F
100
AcDbEntity
  8
attrib
100
AcDbText
 10
168.3
 20
164.5
 30
0.0
 40
0.5
  1
Old JIS Keywayed Bore + Tap
100
AcDbAttributeDefinition
  3

  2
SBS
 70
     8
280
     0
  0
ATTDEF
  5
6D
330
1F
100
AcDbEntity
  8
attrib
100
AcDbText
 10
168.3
 20
164.0
 30
0.0
 40
0.5
  1
10.00
100
AcDbAttributeDefinition
  3

  2
DD
 70
     8
280
     0
  0
ATTDEF
  5
6E
330
1F
100
AcDbEntity
  8
attrib
100
AcDbText
 10
168.3
 20
163.5
 30
0.0
 40
0.5
  1
0
100
AcDbAttributeDefinition
  3

  2
Z
 70
     8
280
     0
  0
ATTDEF
  5
6F
330
1F
100
AcDbEntity
  8
attrib
100
AcDbText
 10
168.3
 20
163.0
 30
0.0
 40
0.5
  1
0.0
100
AcDbAttributeDefinition
  3

  2
J
 70
     8
280
     0
  0
ATTDEF
  5
70
330
1F
100
AcDbEntity
  8
attrib
100
AcDbText
 10
168.3
 20
162.5
 30
0.0
 40
0.5
  1
0
100
AcDbAttributeDefinition
  3

  2
Q
 70
     8
280
     0
  0
ATTDEF
  5
71
330
1F
100
AcDbEntity
  8
attrib
100
AcDbText
 10
168.3
 20
162.0
 30
0.0
 40
0.5
  1
0
100
AcDbAttributeDefinition
  3

  2
R
 70
     8
280
     0
  0
ATTDEF
  5
72
330
1F
100
AcDbEntity
  8
attrib
100
AcDbText
 10
168.3
 20
161.5
 30
0.0
 40
0.5
  1
0.0
100
AcDbAttributeDefinition
  3

  2
S
 70
     8
280
     0
  0
ATTDEF
  5
73
330
1F
100
AcDbEntity
  8
attrib
100
AcDbText
 10
168.3
 20
161.0
 30
0.0
 40
0.5
  1
0.0
100
AcDbAttributeDefinition
  3

  2
T
 70
     8
280
     0
  0
ATTDEF
  5
74
330
1F
100
AcDbEntity
  8
attrib
100
AcDbText
 10
168.3
 20
160.5
 30
0.0
 40
0.5
  1
11.0
100
AcDbAttributeDefinition
  3

  2
A
 70
     8
280
     0
  0
ATTDEF
  5
75
330
1F
100
AcDbEntity
  8
attrib
100
AcDbText
 10
168.3
 20
160.0
 30
0.0
 40
0.5
  1
16.0
100
AcDbAttributeDefinition
  3

  2
W
 70
     8
280
     0
  0
ATTDEF
  5
76
330
1F
100
AcDbEntity
  8
attrib
100
AcDbText
 10
168.3
 20
159.5
 30
0.0
 40
0.5
  1
0
100
AcDbAttributeDefinition
  3

  2
L
 70
     8
280
     0
  0
ATTDEF
  5
77
330
1F
100
AcDbEntity
  8
attrib
100
AcDbText
 10
168.3
 20
159.0
 30
0.0
 40
0.5
  1
38.81
100
AcDbAttributeDefinition
  3

  2
PD
 70
     8
280
     0
  0
ATTDEF
  5
78
330
1F
100
AcDbEntity
  8
attrib
100
AcDbText
 10
168.3
 20
158.5
 30
0.0
 40
0.5
  1
38.30
100
AcDbAttributeDefinition
  3

  2
OD
 70
     8
280
     0
  0
ATTDEF
  5
79
330
1F
100
AcDbEntity
  8
attrib
100
AcDbText
 10
168.3
 20
158.0
 30
0.0
 40
0.5
  1
0
100
AcDbAttributeDefinition
  3

  2
D
 70
     8
280
     0
  0
ATTDEF
  5
7A
330
1F
100
AcDbEntity
  8
attrib
100
AcDbText
 10
168.3
 20
157.5
 30
0.0
 40
0.5
  1
45
100
AcDbAttributeDefinition
  3

  2
F
 70
     8
280
     0
  0
ATTDEF
  5
7B
330
1F
100
AcDbEntity
  8
attrib
100
AcDbText
 10
168.3
 20
157.0
 30
0.0
 40
0.5
  1
30
100
AcDbAttributeDefinition
  3

  2
E
 70
     8
280
     0
  0
ATTDEF
  5
7C
330
1F
100
AcDbEntity
  8
attrib
100
AcDbText
 10
168.3
 20
156.5
 30
0.0
 40
0.5
  1
1.6
100
AcDbAttributeDefinition
  3

  2
TT
 70
     8
280
     0
  0
ATTDEF
  5
7D
330
1F
100
AcDbEntity
  8
attrib
100
AcDbText
 10
168.3
 20
156.0
 30
0.0
 40
0.5
  1
w/o KC90 (Set Screw Angle)
100
AcDbAttributeDefinition
  3

  2
ALT1
 70
     8
280
     0
  0
ATTDEF
  5
7E
330
1F
100
AcDbEntity
  8
attrib
100
AcDbText
 10
168.3
 20
155.5
 30
0.0
 40
0.5
  1
w/o Side Tapped Hole
100
AcDbAttributeDefinition
  3

  2
ALT2
 70
     8
280
     0
  0
ATTDEF
  5
7F
330
1F
100
AcDbEntity
  8
attrib
100
AcDbText
 10
168.3
 20
155.0
 30
0.0
 40
0.5
  1
N/A
100
AcDbAttributeDefinition
  3

  2
M
 70
     8
280
     0
  0
ATTDEF
  5
80
330
1F
100
AcDbEntity
  8
attrib
100
AcDbText
 10
168.3
 20
154.5
 30
0.0
 40
0.5
  1
0.0
100
AcDbAttributeDefinition
  3

  2
QSC
 70
     8
280
     0
  0
ATTDEF
  5
81
330
1F
100
AcDbEntity
  8
attrib
100
AcDbText
 10
168.3
 20
154.0
 30
0.0
 40
0.5
  1
0.0
100
AcDbAttributeDefinition
  3

  2
QFC
 70
     8
280
     0
  0
ATTDEF
  5
82
330
1F
100
AcDbEntity
  8
attrib
100
AcDbText
 10
168.3
 20
153.5
 30
0.0
 40
0.5
  1
0.0
100
AcDbAttributeDefinition
  3

  2
QTC
 70
     8
280
     0
  0
ATTDEF
  5
83
330
1F
100
AcDbEntity
  8
attrib
100
AcDbText
 10
168.3
 20
153.0
 30
0.0
 40
0.5
  1
w/o Side Through Hole
100
AcDbAttributeDefinition
  3

  2
ALT3
 70
     8
280
     0
  0
ATTDEF
  5
84
330
1F
100
AcDbEntity
  8
attrib
100
AcDbText
 10
168.3
 20
152.5
 30
0.0
 40
0.5
  1
0.0
100
AcDbAttributeDefinition
  3

  2
K
 70
     8
280
     0
  0
ATTDEF
  5
85
330
1F
100
AcDbEntity
  8
attrib
100
AcDbText
 10
168.3
 20
152.0
 30
0.0
 40
0.5
  1
0.0
100
AcDbAttributeDefinition
  3

  2
KSC
 70
     8
280
     0
  0
ATTDEF
  5
86
330
1F
100
AcDbEntity
  8
attrib
100
AcDbText
 10
168.3
 20
151.5
 30
0.0
 40
0.5
  1
0.0
100
AcDbAttributeDefinition
  3

  2
KFC
 70
     8
280
     0
  0
ATTDEF
  5
87
330
1F
100
AcDbEntity
  8
attrib
100
AcDbText
 10
168.3
 20
151.0
 30
0.0
 40
0.5
  1
0.0
100
AcDbAttributeDefinition
  3

  2
KTC
 70
     8
280
     0
  0
ATTDEF
  5
88
330
1F
100
AcDbEntity
  8
attrib
100
AcDbText
 10
168.3
 20
150.5
 30
0.0
 40
0.5
  1
Not applicable
100
AcDbAttributeDefinition
  3

  2
ALT4
 70
     8
280
     0
  0
ATTDEF
  5
89
330
1F
100
AcDbEntity
  8
attrib
100
AcDbText
 10
168.3
 20
150.0
 30
0.0
 40
0.5
  1
N/A
100
AcDbAttributeDefinition
  3

  2
ZM
 70
     8
280
     0
  0
ATTDEF
  5
8A
330
1F
100
AcDbEntity
  8
attrib
100
AcDbText
 10
168.3
 20
149.5
 30
0.0
 40
0.5
  1
0.0
100
AcDbAttributeDefinition
  3

  2
ZMDD1
 70
     8
280
     0
  0
ATTDEF
  5
8B
330
1F
100
AcDbEntity
  8
attrib
100
AcDbText
 10
168.3
 20
149.0
 30
0.0
 40
0.5
  1
0.0
100
AcDbAttributeDefinition
  3

  2
ZMDD2
 70
     8
280
     0
  0
ATTDEF
  5
8C
330
1F
100
AcDbEntity
  8
attrib
100
AcDbText
 10
168.3
 20
148.5
 30
0.0
 40
0.5
  1
0.0
100
AcDbAttributeDefinition
  3

  2
ZMHH
 70
     8
280
     0
  0
ATTDEF
  5
8D
330
1F
100
AcDbEntity
  8
attrib
100
AcDbText
 10
168.3
 20
148.0
 30
0.0
 40
0.5
  1
0.0
100
AcDbAttributeDefinition
  3

  2
ZSC
 70
     8
280
     0
  0
ATTDEF
  5
8E
330
1F
100
AcDbEntity
  8
attrib
100
AcDbText
 10
168.3
 20
147.5
 30
0.0
 40
0.5
  1
0.0
100
AcDbAttributeDefinition
  3

  2
ZFC
 70
     8
280
     0
  0
ATTDEF
  5
8F
330
1F
100
AcDbEntity
  8
attrib
100
AcDbText
 10
168.3
 20
147.0
 30
0.0
 40
0.5
  1
0.0
100
AcDbAttributeDefinition
  3

  2
ZTC
 70
     8
280
     0
  0
ATTDEF
  5
90
330
1F
100
AcDbEntity
  8
attrib
100
AcDbText
 10
168.3
 20
146.5
 30
0.0
 40
0.5
  1
w/o Flange not Attached
100
AcDbAttributeDefinition
  3

  2
ALT5
 70
     8
280
     0
  0
ATTDEF
  5
91
330
1F
100
AcDbEntity
  8
attrib
100
AcDbText
 10
168.3
 20
146.0
 30
0.0
 40
0.5
  1
w/o Flange Attached on One Side Only
100
AcDbAttributeDefinition
  3

  2
ALT6
 70
     8
280
     0
  0
ATTDEF
  5
92
330
1F
100
AcDbEntity
  8
attrib
100
AcDbText
 10
168.3
 20
145.5
 30
0.0
 40
0.5
  1
w/o FC (Flange Cut)
100
AcDbAttributeDefinition
  3

  2
ALT7
 70
     8
280
     0
  0
ATTDEF
  5
93
330
1F
100
AcDbEntity
  8
attrib
100
AcDbText
 10
168.3
 20
145.0
 30
0.0
 40
0.5
  1
0.0
100
AcDbAttributeDefinition
  3

  2
FC
 70
     8
280
     0
  0
ATTDEF
  5
94
330
1F
100
AcDbEntity
  8
attrib
100
AcDbText
 10
168.3
 20
144.5
 30
0.0
 40
0.5
  1
Not applicable
100
AcDbAttributeDefinition
  3

  2
ALT8
 70
     8
280
     0
  0
ATTDEF
  5
95
330
1F
100
AcDbEntity
  8
attrib
100
AcDbText
 10
168.3
 20
144.0
 30
0.0
 40
0.5
  1
0.0
100
AcDbAttributeDefinition
  3

  2
SRG
 70
     8
280
     0
  0
ATTDEF
  5
96
330
1F
100
AcDbEntity
  8
attrib
100
AcDbText
 10
168.3
 20
143.5
 30
0.0
 40
0.5
  1
0.0
100
AcDbAttributeDefinition
  3

  2
DD2
 70
     8
280
     0
  0
ATTDEF
  5
97
330
1F
100
AcDbEntity
  8
attrib
100
AcDbText
 10
168.3
 20
143.0
 30
0.0
 40
0.5
  1
0.00
100
AcDbAttributeDefinition
  3

  2
MM
 70
     8
280
     0
  0
ATTDEF
  5
98
330
1F
100
AcDbEntity
  8
attrib
100
AcDbText
 10
168.3
 20
142.5
 30
0.0
 40
0.5
  1
0.00
100
AcDbAttributeDefinition
  3

  2
NN
 70
     8
280
     0
  0
ATTDEF
  5
99
330
1F
100
AcDbEntity
  8
attrib
100
AcDbText
 10
168.3
 20
142.0
 30
0.0
 40
0.5
  1
Not applicable
100
AcDbAttributeDefinition
  3

  2
ALT9
 70
     8
280
     0
  0
ATTDEF
  5
9A
330
1F
100
AcDbEntity
  8
attrib
100
AcDbText
 10
168.3
 20
141.5
 30
0.0
 40
0.5
  1
0
100
AcDbAttributeDefinition
  3

  2
BTC
 70
     8
280
     0
  0
ATTDEF
  5
9B
330
1F
100
AcDbEntity
  8
attrib
100
AcDbText
 10
168.3
 20
141.0
 30
0.0
 40
0.5
  1
0.0
100
AcDbAttributeDefinition
  3

  2
TL
 70
     8
280
     0
  0
ATTDEF
  5
9C
330
1F
100
AcDbEntity
  8
attrib
100
AcDbText
 10
168.3
 20
140.5
 30
0.0
 40
0.5
  1
0
100
AcDbAttributeDefinition
  3

  2
BTCL
 70
     8
280
     0
  0
ATTDEF
  5
9D
330
1F
100
AcDbEntity
  8
attrib
100
AcDbText
 10
168.3
 20
140.0
 30
0.0
 40
0.5
  1
0
100
AcDbAttributeDefinition
  3

  2
BTCD
 70
     8
280
     0
  0
ATTDEF
  5
9E
330
1F
100
AcDbEntity
  8
attrib
100
AcDbText
 10
168.3
 20
139.5
 30
0.0
 40
0.5
  1
w/o TPC (Tapped Hole Dimension)
100
AcDbAttributeDefinition
  3

  2
ALT10
 70
     8
280
     0
  0
ATTDEF
  5
9F
330
1F
100
AcDbEntity
  8
attrib
100
AcDbText
 10
168.3
 20
139.0
 30
0.0
 40
0.5
  1
N/A
100
AcDbAttributeDefinition
  3

  2
TPC
 70
     8
280
     0
  0
ATTDEF
  5
A0
330
1F
100
AcDbEntity
  8
attrib
100
AcDbText
 10
168.3
 20
138.5
 30
0.0
 40
0.5
  1
Not applicable
100
AcDbAttributeDefinition
  3

  2
ALT11
 70
     8
280
     0
  0
ATTDEF
  5
A1
330
1F
100
AcDbEntity
  8
attrib
100
AcDbText
 10
168.3
 20
138.0
 30
0.0
 40
0.5
  1
0.0
100
AcDbAttributeDefinition
  3

  2
BC
 70
     8
280
     0
  0
ATTDEF
  5
A2
330
1F
100
AcDbEntity
  8
attrib
100
AcDbText
 10
168.3
 20
137.5
 30
0.0
 40
0.5
  1
w/o SLH (Set Screw Length)
100
AcDbAttributeDefinition
  3

  2
ALT12
 70
     8
280
     0
  0
ATTDEF
  5
A3
330
1F
100
AcDbEntity
  8
attrib
100
AcDbText
 10
168.3
 20
137.0
 30
0.0
 40
0.5
  1
0
100
AcDbAttributeDefinition
  3

  2
SLH
 70
     8
280
     0
  0
ATTDEF
  5
A4
330
1F
100
AcDbEntity
  8
attrib
100
AcDbText
 10
168.3
 20
136.5
 30
0.0
 40
0.5
  1
Not applicable
100
AcDbAttributeDefinition
  3

  2
ALT13
 70
     8
280
     0
  0
ATTDEF
  5
A5
330
1F
100
AcDbEntity
  8
attrib
100
AcDbText
 10
168.3
 20
136.0
 30
0.0
 40
0.5
  1
0.0
100
AcDbAttributeDefinition
  3

  2
BN
 70
     8
280
     0
  0
ATTDEF
  5
A6
330
1F
100
AcDbEntity
  8
attrib
100
AcDbText
 10
168.3
 20
135.5
 30
0.0
 40
0.5
  1
M4x3
100
AcDbAttributeDefinition
  3

  2
AC
 70
     8
280
     0
  0
ATTDEF
  5
A7
330
1F
100
AcDbEntity
  8
attrib
100
AcDbText
 10
168.3
 20
135.0
 30
0.0
 40
0.5
  1
misumi
100
AcDbAttributeDefinition
  3

  2
COMPANY
 70
     8
280
     0
  0
ATTDEF
  5
A8
330
1F
100
AcDbEntity
  8
attrib
100
AcDbText
 10
168.3
 20
134.5
 30
0.0
 40
0.5
  1
{$CADENAS_DATA/23d-libs/misumi/metric/51_timing_pulleys/mtp_xl_asmtab.prj},895 {VTYP=3D},{STYP=ASSTAB},{NB=MTP24XL037-A-C10},{LINA=MTP24XL037-A-C10},{NN=ATP__XL025, ATP__XL031, ATP__ XL037, ATP__XL050, BTP__XL025, BTP__XL031, BTP__XL037, BTP__XL050,
100
AcDbAttributeDefinition
  3

  2
PSOL_0
 70
     9
280
     0
  0
ATTDEF
  5
A9
330
1F
100
AcDbEntity
  8
attrib
100
AcDbText
 10
168.3
 20
134.0
 30
0.0
 40
0.5
  1
XL025, KTP__XL031, KTP__ XL037, KTP__XL050, NTP__XL025, NTP__XL031, NTP__ XL037, NTP__XL050, MTP__XL025, MTP__ XL037, MTP__XL050, MTPB__XL025, MTPB__ XL037, MTPB__XL050, MTPP__XL025, MTPP__ XL037, MTPP__XL050, STP__XL025, STP__XL031, STP__ XL037, ST
100
AcDbAttributeDefinition
  3

  2
PSOL_1
 70
     9
280
     0
  0
ATTDEF
  5
AA
330
1F
100
AcDbEntity
  8
attrib
100
AcDbText
 10
168.3
 20
133.5
 30
0.0
 40
0.5
  1
50, KATP__XL025, KATP__XL031, KATP__ XL037, KATP__XL050, KKTP__XL025, KKTP__XL031, KKTP__ XL037, KKTP__XL050},{DATE=06.01.2023 09:05:48},{GEOMDATE=06.01.2023 09:05:40},{VERSION=},{LINEID=110},{WBVAR=MATP,ST,TNW,PS,SBS,DD,Z,J,Q,R,S,T,ALT1,ALT2,M,QSC,
100
AcDbAttributeDefinition
  3

  2
PSOL_2
 70
     9
280
     0
  0
ATTDEF
  5
AB
330
1F
100
AcDbEntity
  8
attrib
100
AcDbText
 10
168.3
 20
133.0
 30
0.0
 40
0.5
  1
C,ALT3,K,KSC,KFC,KTC,ALT4,ZM,ZSC,ZFC,ZTC,ALT5,ALT6,ALT7,FC,ALT8,SRG,ALT9,BTC,TL,ALT10,TPC,ALT11,BC,ALT12,SLH,ALT13,BN},{WBNUMERIC=DD,Z,J,Q,R,S,T,QSC,QFC,QTC,K,KSC,KFC,KTC,ZSC,ZFC,ZTC,FC,SRG,BTC,TL,BC,SLH,BN}  {NB=MTP24XL037-A-C10},{LINA=MTP24XL037-A
100
AcDbAttributeDefinition
  3

  2
PSOL_3
 70
     9
280
     0
  0
ATTDEF
  5
AC
330
1F
100
AcDbEntity
  8
attrib
100
AcDbText
 10
168.3
 20
132.5
 30
0.0
 40
0.5
  1
{KT=DUMMY},{PN=MTP24XL037-A-C10},{TYPE=MTP},{MATP=S45C},{MATPALG= 'A2017','Aluminum Alloy 2000 series','S45C','1045 Carbon Steel Equivalent','SUS304','SUS304', 'A6000', '6000 Series Aluminum Alloy' },{ST=-},{STALG= '-','-','BO','Black Oxide','ENP','
100
AcDbAttributeDefinition
  3

  2
PSOL_4
 70
     9
280
     0
  0
ATTDEF
  5
AD
330
1F
100
AcDbEntity
  8
attrib
100
AcDbText
 10
168.3
 20
132.0
 30
0.0
 40
0.5
  1
oless Nickel Plating' },{NT=24},{TNW=XL037},{TNWALG= 'XL025','XL031','XL037','XL050' },{BW=9.5mm (3/8inch)},{PS=A},{PSALG= 'A','B' },{SBS=C},{SBSALG= 'H','Round Hole','P','Round Hole + Tap','N','New JIS Keywayed Bore + Tap (Standard)','NK','New JIS 
100
AcDbAttributeDefinition
  3

  2
PSOL_5
 70
     9
280
     0
  0
ATTDEF
  5
AE
330
1F
100
AcDbEntity
  8
attrib
100
AcDbText
 10
168.3
 20
131.5
 30
0.0
 40
0.5
  1
ed Bore + Tap (width 4.0mm, height 1.8mm)','C','Old JIS Keywayed Bore + Tap','V','Stepped Hole','Y','Both Ends Stepped Hole','WB','Double Stepped Hole' },{DD=10.00},{DDALG=[10,12,15,16,18,19,20]},{DDHA=[6:6/1],6.35,[7:12/1],12.7,[13:26/1]},{DDPA=[8:
100
AcDbAttributeDefinition
  3

  2
PSOL_6
 70
     9
280
     0
  0
ATTDEF
  5
AF
330
1F
100
AcDbEntity
  8
attrib
100
AcDbText
 10
168.3
 20
131.0
 30
0.0
 40
0.5
  1
12.7,[13:22/1]},{DDNA=[8:8/1],[10:22/1]},{DDNK=[10:10/1]},{DDCA=[10,12,15,16,18,19,20]},{DDVA=[8:12/1],12.7,[13:21/1]},{DDY=[8:21/1]},{DDWB=[8:19/1]},{DDHB=},{DDPB=},{DDNB=},{DDCB=},{DDVFB=},{Z=0},{ZALG=[0]},{ZMIN=12.000},{ZAMAX=23.000},{ZBMAX=0.000
100
AcDbAttributeDefinition
  3

  2
PSOL_7
 70
     9
280
     0
  0
ATTDEF
  5
B0
330
1F
100
AcDbEntity
  8
attrib
100
AcDbText
 10
168.3
 20
130.5
 30
0.0
 40
0.5
  1
=10.000},{J=0.0},{JALG=[0]},{JMIN=2.000},{JMAX=14.000},{JPN=},{Q=0},{QALG=[0]},{QRMIN=12.000},{QRMAX=23},{WBQMIN=14.000},{R=0},{RALG=[0]},{WBRMAX=-2.000},{S=0.0},{SALG=[0]},{SMAX=8},{T=0.0},{TALG=[0]},{TMAX=8},{SBSPN=-C10},{A=11.0},{W=16.0},{L=0},{P
100
AcDbAttributeDefinition
  3

  2
PSOL_8
 70
     9
280
     0
  0
ATTDEF
  5
B1
330
1F
100
AcDbEntity
  8
attrib
100
AcDbText
 10
168.3
 20
130.0
 30
0.0
 40
0.5
  1
1},{OD=38.30},{D=0},{DALG=26.000},{DE=30},{F=45},{E=30},{TT=1.6},{BBK=4.000},{TTK=1.5},{ALT1=},{ALT1ALG= '','w/o KC90 (Set Screw Angle)','KC90','with KC90 (Set Screw Angle)' },{ANG=120.000},{ALT1PN=},{ALT2=},{ALT2ALG= '','w/o Side Tapped Hole','QTC'
100
AcDbAttributeDefinition
  3

  2
PSOL_9
 70
     9
280
     0
  0
ATTDEF
  5
B2
330
1F
100
AcDbEntity
  8
attrib
100
AcDbText
 10
168.3
 20
129.5
 30
0.0
 40
0.5
  1
 QTC (3 Places Side Tapped Hole)' },{M=N/A},{MALG= 'N/A' },{MFTALG= 'N/A' },{MSALG= 'N/A' },{M3D=0.000},{KDML=0.000},{ML=0.000},{MUL=0.000},{PITCH=0.000},{QSC=0.0},{QSCALG=0},{QFC=0.0},{QFCALG=0},{QTC=0.0},{QTCALG=0},{QPCDMIN=0.000},{QPCDMINALG=0.00
100
AcDbAttributeDefinition
  3

  2
PSOL_10
 70
     9
280
     0
  0
ATTDEF
  5
B3
330
1F
100
AcDbEntity
  8
attrib
100
AcDbText
 10
168.3
 20
129.0
 30
0.0
 40
0.5
  1
CDMAX=26.000},{ALT2PN=},{TAP=0.000},{ALT3=},{ALT3ALG= '','w/o Side Through Hole','KTC','with KTC (3 Places Side Through Hole)' },{K=0.0},{KALG=0},{KMIN=4.000},{KFTMAX=6.000},{KSMAX=6.000},{KSC=0.0},{KSCALG=0},{KFC=0.0},{KFCALG=0},{KTC=0.0},{KTCALG=0
100
AcDbAttributeDefinition
  3

  2
PSOL_11
 70
     9
280
     0
  0
ATTDEF
  5
B4
330
1F
100
AcDbEntity
  8
attrib
100
AcDbText
 10
168.3
 20
128.5
 30
0.0
 40
0.5
  1
MIN=14.000},{KPCDMIN=14.000},{KPCDMAX=26.000},{ALT3PN=},{ALT4=},{ALT4ALG= '','Not applicable' },{ALT4MIN=20.500},{ALT4MAX=19.500},{ZM=N/A},{ZMALG= 'N/A' },{ZMFTALG= 'N/A' },{ZMSALG= 'N/A' },{ZMDD1=0.0},{ZMDD2=0.0},{ZMHH=0.0},{ZSC=0.0},{ZSCALG=[0]},{
100
AcDbAttributeDefinition
  3

  2
PSOL_12
 70
     9
280
     0
  0
ATTDEF
  5
B5
330
1F
100
AcDbEntity
  8
attrib
100
AcDbText
 10
168.3
 20
128.0
 30
0.0
 40
0.5
  1
0},{ZFCALG=[0]},{ZTC=0.0},{ZTCALG=[0]},{ZPCDMIN=0.000},{ZPCDMINALG=0.000},{ZPCDMAX=26.000},{ALT4PN=},{ALT5=},{ALT5ALG= '','w/o Flange not Attached','NFC','with NFC (Flange not Attached)' },{ALT5PN=},{ALT6=},{ALT6ALG= '','w/o Flange Attached on One S
100
AcDbAttributeDefinition
  3

  2
PSOL_13
 70
     9
280
     0
  0
ATTDEF
  5
B6
330
1F
100
AcDbEntity
  8
attrib
100
AcDbText
 10
168.3
 20
127.5
 30
0.0
 40
0.5
  1
ly','RFC','with RFC (Flange Attached on The Boss Side Only)','LFC','with LFC (Flange Attached on The Opposite Side Only)' },{ALT6PN=},{ALT7=},{ALT7ALG= '','w/o FC (Flange Cut)','FC','with FC (Flange Cut)' },{FC=0.0},{FCALG=0},{FCMIN=39.5},{FCMAX=43.
100
AcDbAttributeDefinition
  3

  2
PSOL_14
 70
     9
280
     0
  0
ATTDEF
  5
B7
330
1F
100
AcDbEntity
  8
attrib
100
AcDbText
 10
168.3
 20
127.0
 30
0.0
 40
0.5
  1
T7PN=},{ALT8=},{ALT8ALG= '','Not applicable' },{ALT8ALGALG=26.000},{ALT8DD2=0.000},{ALT8MM=0.000},{ALT8NN=0.000},{QC=0.000},{KC=0.000},{ZC=0.000},{SRG=0.0},{SRGALG=[0]},{SRGMAX=0.000},{DD2=0.0},{MM=0.00},{NN=0.00},{ALT8PN=},{ALT9=},{ALT9ALG= '','Not
100
AcDbAttributeDefinition
  3

  2
PSOL_15
 70
     9
280
     0
  0
ATTDEF
  5
B8
330
1F
100
AcDbEntity
  8
attrib
100
AcDbText
 10
168.3
 20
126.5
 30
0.0
 40
0.5
  1
cable' },{BTC9=11.000},{TL9=1.000},{BTC=0},{BTCALG=[0]},{TL=0.0},{TLALG=0},{TLMIN=1.000},{TLMAX=-16.500},{BTCL=0},{BTCD=0},{ALT9PN=},{WLBCTL=16.000},{ALT10=},{ALT10ALG= '','w/o TPC (Tapped Hole Dimension)','TPC','with TPC (Tapped Hole Dimension)' },
100
AcDbAttributeDefinition
  3

  2
PSOL_16
 70
     9
280
     0
  0
ATTDEF
  5
B9
330
1F
100
AcDbEntity
  8
attrib
100
AcDbText
 10
168.3
 20
126.0
 30
0.0
 40
0.5
  1
/A},{TPCALG= 'N/A' },{TPCM=4.000},{ALT10PN=},{ALT11=},{ALT11ALG= '','Not applicable' },{BC=0.0},{BCALG=0},{BCMIN=7},{BCMAX=-16.5},{M1WBC=8},{ALT11PN=},{KTT=12.65},{ALT12=},{ALT12ALG= '','w/o SLH (Set Screw Length)','SLH','with SLH (Set Screw Length)
100
AcDbAttributeDefinition
  3

  2
PSOL_17
 70
     9
280
     0
  0
ATTDEF
  5
BA
330
1F
100
AcDbEntity
  8
attrib
100
AcDbText
 10
168.3
 20
125.5
 30
0.0
 40
0.5
  1
LH=0},{SLHALG=[0]},{ALT12PN=},{ALT13=},{ALT13ALG= '', 'Not applicable' },{BN=0.0},{BNALG=0},{BNMIN=-15.5},{BNMAX=-6},{ALT13PN=},{AC=M4x3},{M1=4.000},{M1L=3.000},{KEYA=1.000},{KEYB=0.000},{KEYM=1.000},{PPATH=mtp_xl/mtp_xl_asmtpl.prj}
100
AcDbAttributeDefinition
  3

  2
PSOL_18
 70
     9
280
     0
  0
INSERT
  5
BC
330
1F
100
AcDbEntity
  8
0
100
AcDbBlockReference
  2
1_SET_SCREW4_3_1_0_in_MTP24XL037_A_C10_900
 10
0.0
 20
0.0
 30
0.0
  0
INSERT
  5
F3
330
1F
100
AcDbEntity
  8
0
100
AcDbBlockReference
  2
2_SET_SCREW4_3_2_0_in_MTP24XL037_A_C10_900
 10
0.0
 20
0.0
 30
0.0
  0
INSERT
  5
115
330
1F
100
AcDbEntity
  8
0
100
AcDbBlockReference
  2
3_MTP24XL037_A_C10_b_0_in_MTP24XL037_A_C10_900
 10
0.0
 20
0.0
 30
0.0
  0
INSERT
  5
238
330
1F
100
AcDbEntity
  8
0
100
AcDbBlockReference
  2
4_SET_SCREW4_3_1_0_in_MTP24XL037_A_C10_900
 10
0.0
 20
0.0
 30
0.0
  0
INSERT
  5
260
330
1F
100
AcDbEntity
  8
0
100
AcDbBlockReference
  2
5_SET_SCREW4_3_2_0_in_MTP24XL037_A_C10_900
 10
0.0
 20
0.0
 30
0.0
  0
INSERT
  5
287
330
1F
100
AcDbEntity
  8
0
100
AcDbBlockReference
  2
6_MTP24XL037_A_C10_b_0_in_MTP24XL037_A_C10_900
 10
0.0
 20
0.0
 30
0.0
  0
INSERT
  5
3A1
330
1F
100
AcDbEntity
  8
0
100
AcDbBlockReference
  2
7_SET_SCREW4_3_1_0_in_MTP24XL037_A_C10_900
 10
0.0
 20
0.0
 30
0.0
  0
INSERT
  5
3D1
330
1F
100
AcDbEntity
  8
0
100
AcDbBlockReference
  2
8_SET_SCREW4_3_2_0_in_MTP24XL037_A_C10_900
 10
0.0
 20
0.0
 30
0.0
  0
INSERT
  5
3F9
330
1F
100
AcDbEntity
  8
0
100
AcDbBlockReference
  2
9_MTP24XL037_A_C10_b_0_in_MTP24XL037_A_C10_900
 10
0.0
 20
0.0
 30
0.0
  0
INSERT
  5
519
330
1F
100
AcDbEntity
  8
0
100
AcDbBlockReference
  2
10_SET_SCREW4_3_1_0_in_MTP24XL037_A_C10_900
 10
0.0
 20
0.0
 30
0.0
  0
INSERT
  5
541
330
1F
100
AcDbEntity
  8
0
100
AcDbBlockReference
  2
11_SET_SCREW4_3_2_0_in_MTP24XL037_A_C10_900
 10
0.0
 20
0.0
 30
0.0
  0
INSERT
  5
568
330
1F
100
AcDbEntity
  8
0
100
AcDbBlockReference
  2
12_MTP24XL037_A_C10_b_0_in_MTP24XL037_A_C10_900
 10
0.0
 20
0.0
 30
0.0
  0
INSERT
  5
682
330
1F
100
AcDbEntity
  8
0
100
AcDbBlockReference
  2
13_SET_SCREW4_3_1_0_in_MTP24XL037_A_C10_900
 10
0.0
 20
0.0
 30
0.0
  0
INSERT
  5
6B1
330
1F
100
AcDbEntity
  8
0
100
AcDbBlockReference
  2
14_SET_SCREW4_3_2_0_in_MTP24XL037_A_C10_900
 10
0.0
 20
0.0
 30
0.0
  0
INSERT
  5
6D9
330
1F
100
AcDbEntity
  8
0
100
AcDbBlockReference
  2
15_MTP24XL037_A_C10_b_0_in_MTP24XL037_A_C10_900
 10
0.0
 20
0.0
 30
0.0
  0
INSERT
  5
80A
330
1F
100
AcDbEntity
  8
0
100
AcDbBlockReference
  2
16_SET_SCREW4_3_1_0_in_MTP24XL037_A_C10_900
 10
0.0
 20
0.0
 30
0.0
  0
INSERT
  5
83A
330
1F
100
AcDbEntity
  8
0
100
AcDbBlockReference
  2
17_SET_SCREW4_3_2_0_in_MTP24XL037_A_C10_900
 10
0.0
 20
0.0
 30
0.0
  0
INSERT
  5
859
330
1F
100
AcDbEntity
  8
0
100
AcDbBlockReference
  2
18_MTP24XL037_A_C10_b_0_in_MTP24XL037_A_C10_900
 10
0.0
 20
0.0
 30
0.0
  0
POINT
  5
985
330
1F
100
AcDbEntity
  8
2d ConnectionPoints
100
AcDbPoint
 10
66.5
 20
22.5
 30
0.0
  0
POINT
  5
986
330
1F
100
AcDbEntity
  8
2d ConnectionPoints
100
AcDbPoint
 10
66.5
 20
22.5
 30
0.0
  0
POINT
  5
987
330
1F
100
AcDbEntity
  8
2d ConnectionPoints
100
AcDbPoint
 10
66.5
 20
18.16987298107781
 30
0.0
  0
POINT
  5
988
330
1F
100
AcDbEntity
  8
2d ConnectionPoints
100
AcDbPoint
 10
22.5
 20
92.0
 30
0.0
  0
POINT
  5
989
330
1F
100
AcDbEntity
  8
2d ConnectionPoints
100
AcDbPoint
 10
22.5
 20
92.0
 30
0.0
  0
POINT
  5
98A
330
1F
100
AcDbEntity
  8
2d ConnectionPoints
100
AcDbPoint
 10
18.16987298107781
 20
83.0
 30
0.0
  0
POINT
  5
98B
330
1F
100
AcDbEntity
  8
2d ConnectionPoints
100
AcDbPoint
 10
66.5
 20
92.0
 30
0.0
  0
POINT
  5
98C
330
1F
100
AcDbEntity
  8
2d ConnectionPoints
100
AcDbPoint
 10
66.5
 20
92.0
 30
0.0
  0
POINT
  5
98D
330
1F
100
AcDbEntity
  8
2d ConnectionPoints
100
AcDbPoint
 10
66.5
 20
83.0
 30
0.0
  0
POINT
  5
98E
330
1F
100
AcDbEntity
  8
2d ConnectionPoints
100
AcDbPoint
 10
110.5
 20
92.0
 30
0.0
  0
POINT
  5
98F
330
1F
100
AcDbEntity
  8
2d ConnectionPoints
100
AcDbPoint
 10
110.5
 20
92.0
 30
0.0
  0
POINT
  5
990
330
1F
100
AcDbEntity
  8
2d ConnectionPoints
100
AcDbPoint
 10
114.8301270189222
 20
83.0
 30
0.0
  0
POINT
  5
991
330
1F
100
AcDbEntity
  8
2d ConnectionPoints
100
AcDbPoint
 10
154.5
 20
92.0
 30
0.0
  0
POINT
  5
992
330
1F
100
AcDbEntity
  8
2d ConnectionPoints
100
AcDbPoint
 10
154.5
 20
92.0
 30
0.0
  0
POINT
  5
993
330
1F
100
AcDbEntity
  8
2d ConnectionPoints
100
AcDbPoint
 10
154.5
 20
83.0
 30
0.0
  0
POINT
  5
994
330
1F
100
AcDbEntity
  8
2d ConnectionPoints
100
AcDbPoint
 10
66.5
 20
148.5
 30
0.0
  0
POINT
  5
995
330
1F
100
AcDbEntity
  8
2d ConnectionPoints
100
AcDbPoint
 10
66.5
 20
148.5
 30
0.0
  0
POINT
  5
996
330
1F
100
AcDbEntity
  8
2d ConnectionPoints
100
AcDbPoint
 10
66.5
 20
152.8301270189222
 30
0.0
  0
ENDSEC
  0
SECTION
  2
OBJECTS
  0
DICTIONARY
  5
C
330
0
100
AcDbDictionary
281
     1
  3
ACAD_DETAILVIEWSTYLE
350
99E
  3
ACAD_GROUP
350
D
  3
ACAD_LAYOUT
350
1A
  3
ACAD_MATERIAL
350
43
  3
ACAD_MLEADERSTYLE
350
5B
  3
ACAD_MLINESTYLE
350
17
  3
ACAD_PLOTSETTINGS
350
19
  3
ACAD_PLOTSTYLENAME
350
E
  3
ACAD_SCALELIST
350
47
  3
ACAD_SECTIONVIEWSTYLE
350
99F
  3
ACAD_TABLESTYLE
350
59
  3
ACAD_VISUALSTYLE
350
2A
  3
ACDB_RECOMPOSE_DATA
350
99B
  3
AcDbVariableDictionary
350
997
  0
SUN
  5
5D
330
29
100
AcDbSun
 90
        1
290
     0
 63
     7
421
 16777215
 40
1.0
291
     1
 91
  2455826
 92
 54000000
292
     0
 70
     2
 71
   256
280
     1
  0
DICTIONARY
  5
99E
102
{ACAD_REACTORS
330
C
102
}
330
C
100
AcDbDictionary
281
     1
  0
DICTIONARY
  5
D
102
{ACAD_REACTORS
330
C
102
}
330
C
100
AcDbDictionary
281
     1
  0
DICTIONARY
  5
1A
102
{ACAD_REACTORS
330
C
102
}
330
C
100
AcDbDictionary
281
     1
  3
Layout1
350
1E
  3
Layout2
350
26
  3
Model
350
22
  0
DICTIONARY
  5
43
102
{ACAD_REACTORS
330
C
102
}
330
C
100
AcDbDictionary
281
     1
  3
ByBlock
350
45
  3
ByLayer
350
44
  3
Global
350
46
  0
DICTIONARY
  5
5B
102
{ACAD_REACTORS
330
C
102
}
330
C
100
AcDbDictionary
281
     1
  3
Standard
350
5C
  0
DICTIONARY
  5
17
102
{ACAD_REACTORS
330
C
102
}
330
C
100
AcDbDictionary
281
     1
  3
Standard
350
18
  0
DICTIONARY
  5
19
102
{ACAD_REACTORS
330
C
102
}
330
C
100
AcDbDictionary
281
     1
  0
ACDBDICTIONARYWDFLT
  5
E
102
{ACAD_REACTORS
330
C
102
}
330
C
100
AcDbDictionary
281
     1
  3
Normal
350
F
100
AcDbDictionaryWithDefault
340
F
  0
DICTIONARY
  5
47
102
{ACAD_REACTORS
330
C
102
}
330
C
100
AcDbDictionary
281
     1
  3
A0
350
48
  3
A1
350
49
  3
A2
350
4A
  3
A3
350
4B
  3
A4
350
4C
  3
A5
350
4D
  3
A6
350
4E
  3
A7
350
4F
  3
A8
350
50
  3
A9
350
51
  3
B0
350
52
  3
B1
350
53
  3
B2
350
54
  3
B3
350
55
  3
B4
350
56
  3
B5
350
57
  3
B6
350
58
  0
DICTIONARY
  5
99F
102
{ACAD_REACTORS
330
C
102
}
330
C
100
AcDbDictionary
281
     1
  0
DICTIONARY
  5
59
102
{ACAD_REACTORS
330
C
102
}
330
C
100
AcDbDictionary
281
     1
  3
Standard
350
5A
  0
DICTIONARY
  5
2A
102
{ACAD_REACTORS
330
C
102
}
330
C
100
AcDbDictionary
281
     1
  3
2dWireframe
350
2F
  3
Basic
350
32
  3
Brighten
350
36
  3
ColorChange
350
3A
  3
Conceptual
350
34
  3
Dim
350
35
  3
EdgeColorOff
350
3D
  3
Facepattern
350
39
  3
Flat
350
2B
  3
FlatWithEdges
350
2C
  3
Gouraud
350
2D
  3
GouraudWithEdges
350
2E
  3
Hidden
350
31
  3
JitterOff
350
3B
  3
Linepattern
350
38
  3
OverhangOff
350
3C
  3
Realistic
350
33
  3
Shaded
350
42
  3
Shaded with edges
350
41
  3
Shades of Gray
350
3E
  3
Sketchy
350
3F
  3
Thicken
350
37
  3
Wireframe
350
30
  3
X-Ray
350
40
  0
XRECORD
  5
99B
102
{ACAD_REACTORS
330
C
102
}
330
C
100
AcDbXrecord
280
     1
 90
        1
330
5A
  0
DICTIONARY
  5
997
102
{ACAD_REACTORS
330
C
102
}
330
C
100
AcDbDictionary
281
     1
  3
CANNOSCALE
350
998
  3
CENTEREXE
350
9A0
  3
CENTERLTYPEFILE
350
9A1
  3
CMLEADERSTYLE
350
99D
  3
CTABLESTYLE
350
99C
  0
LAYOUT
  5
1E
102
{ACAD_REACTORS
330
1A
102
}
330
1A
100
AcDbPlotSettings
  1

  2
none_device
  4

  6

 40
0.0
 41
0.0
 42
0.0
 43
0.0
 44
0.0
 45
0.0
 46
0.0
 47
0.0
 48
0.0
 49
0.0
140
0.0
141
0.0
142
1.0
143
1.0
 70
   688
 72
     1
 73
     0
 74
     5
  7

 75
    16
 76
     0
 77
     2
 78
   300
147
1.0
148
0.0
149
0.0
100
AcDbLayout
  1
Layout1
 70
     1
 71
     1
 10
0.0
 20
0.0
 11
420.0
 21
297.0
 12
0.0
 22
0.0
 32
0.0
 14
1.000000000000000E+20
 24
1.000000000000000E+20
 34
1.000000000000000E+20
 15
-1.000000000000000E+20
 25
-1.000000000000000E+20
 35
-1.000000000000000E+20
146
0.0
 13
0.0
 23
0.0
 33
0.0
 16
1.0
 26
0.0
 36
0.0
 17
0.0
 27
1.0
 37
0.0
 76
     0
330
1B
  0
LAYOUT
  5
26
102
{ACAD_REACTORS
330
1A
102
}
330
1A
100
AcDbPlotSettings
  1

  2
none_device
  4

  6

 40
0.0
 41
0.0
 42
0.0
 43
0.0
 44
0.0
 45
0.0
 46
0.0
 47
0.0
 48
0.0
 49
0.0
140
0.0
141
0.0
142
1.0
143
1.0
 70
   688
 72
     1
 73
     0
 74
     5
  7

 75
    16
 76
     0
 77
     2
 78
   300
147
1.0
148
0.0
149
0.0
100
AcDbLayout
  1
Layout2
 70
     1
 71
     2
 10
0.0
 20
0.0
 11
0.0
 21
0.0
 12
0.0
 22
0.0
 32
0.0
 14
0.0
 24
0.0
 34
0.0
 15
0.0
 25
0.0
 35
0.0
146
0.0
 13
0.0
 23
0.0
 33
0.0
 16
1.0
 26
0.0
 36
0.0
 17
0.0
 27
1.0
 37
0.0
 76
     0
330
23
  0
LAYOUT
  5
22
102
{ACAD_REACTORS
330
1A
102
}
330
1A
100
AcDbPlotSettings
  1

  2
none_device
  4
Letter_(8.50_x_11.00_Inches)
  6

 40
6.35
 41
6.35
 42
6.35000508
 43
6.35000508
 44
215.9
 45
279.4
 46
0.0
 47
0.0
 48
0.0
 49
0.0
140
0.0
141
0.0
142
1.0
143
1.0
 70
  1712
 72
     1
 73
     0
 74
     0
  7

 75
     0
 76
     0
 77
     2
 78
   300
147
1.0
148
0.0
149
0.0
100
AcDbLayout
  1
Model
 70
     1
 71
     0
 10
0.0
 20
0.0
 11
420.0
 21
297.0
 12
0.0
 22
0.0
 32
0.0
 14
-1.125000000000021
 24
-0.0000000000000178
 34
0.0
 15
171.752380952381
 25
171.5
 35
0.0
146
0.0
 13
0.0
 23
0.0
 33
0.0
 16
1.0
 26
0.0
 36
0.0
 17
0.0
 27
1.0
 37
0.0
 76
     0
330
1F
331
29
  0
MATERIAL
  5
45
102
{ACAD_REACTORS
330
43
102
}
330
43
100
AcDbMaterial
  1
ByBlock
 72
     1
 94
      127
  0
MATERIAL
  5
44
102
{ACAD_REACTORS
330
43
102
}
330
43
100
AcDbMaterial
  1
ByLayer
 72
     1
 94
      127
  0
MATERIAL
  5
46
102
{ACAD_REACTORS
330
43
102
}
330
43
100
AcDbMaterial
  1
Global
 72
     1
 94
      127
  0
MLEADERSTYLE
  5
5C
102
{ACAD_REACTORS
330
5B
102
}
330
5B
100
AcDbMLeaderStyle
179
     2
170
     2
171
     1
172
     0
 90
        2
 40
0.0
 41
0.0
173
     1
 91
-1056964608
340
14
 92
       -2
290
     1
 42
2.0
291
     1
 43
8.0
  3
Standard
341
0
 44
4.0
300

342
11
174
     1
178
     6
175
     1
176
     0
 93
-1056964608
 45
4.0
292
     0
297
     0
 46
4.0
343
0
 94
-1056964608
 47
1.0
 49
1.0
140
1.0
293
     1
141
0.0
294
     1
177
     0
142
1.0
295
     0
296
     0
143
3.75
271
     0
272
     9
273
     9
298
     0
  0
MLINESTYLE
  5
18
102
{ACAD_REACTORS
330
17
102
}
330
17
100
AcDbMlineStyle
  2
Standard
 70
     0
  3

 62
   256
 51
90.0
 52
90.0
 71
     2
 49
0.5
 62
   256
  6
BYLAYER
 49
-0.5
 62
   256
  6
BYLAYER
  0
ACDBPLACEHOLDER
  5
F
102
{ACAD_REACTORS
330
E
102
}
330
E
  0
SCALE
  5
48
102
{ACAD_REACTORS
330
47
102
}
330
47
100
AcDbScale
 70
     0
300
1:1
140
1.0
141
1.0
290
     1
  0
SCALE
  5
49
102
{ACAD_REACTORS
330
47
102
}
330
47
100
AcDbScale
 70
     0
300
1:2
140
1.0
141
2.0
290
     0
  0
SCALE
  5
4A
102
{ACAD_REACTORS
330
47
102
}
330
47
100
AcDbScale
 70
     0
300
1:4
140
1.0
141
4.0
290
     0
  0
SCALE
  5
4B
102
{ACAD_REACTORS
330
47
102
}
330
47
100
AcDbScale
 70
     0
300
1:5
140
1.0
141
5.0
290
     0
  0
SCALE
  5
4C
102
{ACAD_REACTORS
330
47
102
}
330
47
100
AcDbScale
 70
     0
300
1:8
140
1.0
141
8.0
290
     0
  0
SCALE
  5
4D
102
{ACAD_REACTORS
330
47
102
}
330
47
100
AcDbScale
 70
     0
300
1:10
140
1.0
141
10.0
290
     0
  0
SCALE
  5
4E
102
{ACAD_REACTORS
330
47
102
}
330
47
100
AcDbScale
 70
     0
300
1:16
140
1.0
141
16.0
290
     0
  0
SCALE
  5
4F
102
{ACAD_REACTORS
330
47
102
}
330
47
100
AcDbScale
 70
     0
300
1:20
140
1.0
141
20.0
290
     0
  0
SCALE
  5
50
102
{ACAD_REACTORS
330
47
102
}
330
47
100
AcDbScale
 70
     0
300
1:30
140
1.0
141
30.0
290
     0
  0
SCALE
  5
51
102
{ACAD_REACTORS
330
47
102
}
330
47
100
AcDbScale
 70
     0
300
1:40
140
1.0
141
40.0
290
     0
  0
SCALE
  5
52
102
{ACAD_REACTORS
330
47
102
}
330
47
100
AcDbScale
 70
     0
300
1:50
140
1.0
141
50.0
290
     0
  0
SCALE
  5
53
102
{ACAD_REACTORS
330
47
102
}
330
47
100
AcDbScale
 70
     0
300
1:100
140
1.0
141
100.0
290
     0
  0
SCALE
  5
54
102
{ACAD_REACTORS
330
47
102
}
330
47
100
AcDbScale
 70
     0
300
2:1
140
2.0
141
1.0
290
     0
  0
SCALE
  5
55
102
{ACAD_REACTORS
330
47
102
}
330
47
100
AcDbScale
 70
     0
300
4:1
140
4.0
141
1.0
290
     0
  0
SCALE
  5
56
102
{ACAD_REACTORS
330
47
102
}
330
47
100
AcDbScale
 70
     0
300
8:1
140
8.0
141
1.0
290
     0
  0
SCALE
  5
57
102
{ACAD_REACTORS
330
47
102
}
330
47
100
AcDbScale
 70
     0
300
10:1
140
10.0
141
1.0
290
     0
  0
SCALE
  5
58
102
{ACAD_REACTORS
330
47
102
}
330
47
100
AcDbScale
 70
     0
300
100:1
140
100.0
141
1.0
290
     0
  0
TABLESTYLE
  5
5A
102
{ACAD_REACTORS
330
59
102
}
102
{ACAD_XDICTIONARY
360
999
102
}
330
59
100
AcDbTableStyle
  3
Standard
 70
     0
 71
     0
 40
0.06
 41
0.06
280
     0
281
     0
  7
Standard
140
4.5
170
     2
 62
     0
 63
   257
283
     0
 90
        4
 91
        0
  1

274
    -2
284
     1
 64
     0
275
    -2
285
     1
 65
     0
276
    -2
286
     1
 66
     0
277
    -2
287
     1
 67
     0
278
    -2
288
     1
 68
     0
279
    -2
289
     1
 69
     0
  7
Standard
140
6.0
170
     5
 62
     0
 63
   257
283
     0
 90
        4
 91
        0
  1

274
    -2
284
     1
 64
     0
275
    -2
285
     1
 65
     0
276
    -2
286
     1
 66
     0
277
    -2
287
     1
 67
     0
278
    -2
288
     1
 68
     0
279
    -2
289
     1
 69
     0
  7
Standard
140
4.5
170
     5
 62
     0
 63
   257
283
     0
 90
        4
 91
        0
  1

274
    -2
284
     1
 64
     0
275
    -2
285
     1
 65
     0
276
    -2
286
     1
 66
     0
277
    -2
287
     1
 67
     0
278
    -2
288
     1
 68
     0
279
    -2
289
     1
 69
     0
  0
VISUALSTYLE
  5
2F
102
{ACAD_REACTORS
330
2A
102
}
330
2A
100
AcDbVisualStyle
  2
2dWireframe
 70
     4
177
     3
291
     0
 70
    58
 90
        0
176
     1
 90
        2
176
     1
 90
        0
176
     1
 90
        0
176
     1
 40
0.6
176
     1
 40
30.0
176
     1
 62
     7
420
 16777215
176
     1
 90
        1
176
     1
 90
        4
176
     1
 62
     7
176
     1
 62
   257
176
     1
 90
        1
176
     1
 90
        1
176
     1
 40
1.0
176
     1
 90
        0
176
     1
 62
   257
176
     1
 40
1.0
176
     1
 90
        1
176
     1
 90
        6
176
     1
 90
        2
176
     1
 62
     7
176
     1
 90
        5
176
     1
 90
        0
176
     1
 90
        0
176
     1
290
     0
176
     1
 90
        1
176
     1
 40
0.0
176
     1
 90
        0
176
     1
290
     1
176
     1
290
     1
176
     1
290
     0
176
     1
290
     0
176
     1
290
     0
176
     1
290
     0
176
     1
290
     0
176
     1
290
     0
176
     1
290
     0
176
     1
 90
       50
176
     1
 40
0.0
176
     1
 40
1.0
176
     1
 90
        0
176
     1
 62
    18
420
        0
176
     1
 90
       50
176
     1
 90
        3
176
     1
 62
     5
420
      255
176
     1
290
     0
176
     1
 90
       50
176
     1
 90
       50
176
     1
 90
       50
176
     1
290
     0
176
     1
 90
       50
176
     1
 62
   256
176
     0
 40
1.0
176
     0
 90
        2
176
     1
  1
strokes_ogs.tif
176
     1
290
     0
176
     1
 40
1.0
176
     1
 40
1.0
176
     1
  0
VISUALSTYLE
  5
32
102
{ACAD_REACTORS
330
2A
102
}
330
2A
100
AcDbVisualStyle
  2
Basic
 70
     7
177
     3
291
     1
 70
    58
 90
        1
176
     1
 90
        0
176
     1
 90
        1
176
     1
 90
        0
176
     1
 40
0.6
176
     1
 40
30.0
176
     1
 62
     7
420
 16777215
176
     1
 90
        0
176
     1
 90
        4
176
     1
 62
     7
176
     1
 62
   257
176
     1
 90
        1
176
     1
 90
        1
176
     1
 40
1.0
176
     1
 90
        8
176
     1
 62
     7
176
     1
 40
1.0
176
     1
 90
        1
176
     1
 90
        6
176
     1
 90
        2
176
     1
 62
     7
176
     1
 90
        5
176
     1
 90
        0
176
     1
 90
        0
176
     1
290
     0
176
     1
 90
        1
176
     1
 40
0.0
176
     1
 90
        0
176
     1
290
     0
176
     1
290
     1
176
     1
290
     1
176
     1
290
     0
176
     1
290
     0
176
     1
290
     0
176
     1
290
     0
176
     1
290
     0
176
     1
290
     0
176
     1
 90
       50
176
     1
 40
0.0
176
     1
 40
1.0
176
     1
 90
        0
176
     1
 62
    18
420
        0
176
     1
 90
       50
176
     1
 90
        3
176
     1
 62
     5
420
      255
176
     1
290
     0
176
     1
 90
       50
176
     1
 90
       50
176
     1
 90
       50
176
     1
290
     0
176
     1
 90
       50
176
     1
 62
   256
176
     0
 40
1.0
176
     0
 90
        2
176
     1
  1
strokes_ogs.tif
176
     1
290
     0
176
     1
 40
1.0
176
     1
 40
1.0
176
     1
  0
VISUALSTYLE
  5
36
102
{ACAD_REACTORS
330
2A
102
}
330
2A
100
AcDbVisualStyle
  2
Brighten
 70
    12
177
     3
291
     1
 70
    58
 90
        2
176
     1
 90
        2
176
     1
 90
        0
176
     1
 90
        0
176
     1
 40
0.6
176
     1
 40
30.0
176
     1
 62
     7
420
 16777215
176
     1
 90
        1
176
     1
 90
        4
176
     1
 62
     7
176
     1
 62
   257
176
     1
 90
        1
176
     1
 90
        1
176
     1
 40
1.0
176
     1
 90
        8
176
     1
 62
     7
176
     1
 40
1.0
176
     1
 90
        1
176
     1
 90
        6
176
     1
 90
        2
176
     1
 62
     7
176
     1
 90
        5
176
     1
 90
        0
176
     1
 90
        0
176
     1
290
     0
176
     1
 90
        1
176
     1
 40
50.0
176
     1
 90
        0
176
     1
290
     0
176
     1
290
     1
176
     1
290
     1
176
     1
290
     0
176
     1
290
     0
176
     1
290
     0
176
     1
290
     0
176
     1
290
     0
176
     1
290
     0
176
     1
 90
       50
176
     1
 40
0.0
176
     1
 40
1.0
176
     1
 90
        0
176
     1
 62
    18
420
        0
176
     1
 90
       50
176
     1
 90
        3
176
     1
 62
     5
420
      255
176
     1
290
     0
176
     1
 90
       50
176
     1
 90
       50
176
     1
 90
       50
176
     1
290
     0
176
     1
 90
       50
176
     1
 62
   256
176
     0
 40
1.0
176
     0
 90
        2
176
     1
  1
strokes_ogs.tif
176
     1
290
     0
176
     1
 40
1.0
176
     1
 40
1.0
176
     1
  0
VISUALSTYLE
  5
3A
102
{ACAD_REACTORS
330
2A
102
}
330
2A
100
AcDbVisualStyle
  2
ColorChange
 70
    16
177
     3
291
     1
 70
    58
 90
        2
176
     1
 90
        2
176
     1
 90
        3
176
     1
 90
        0
176
     1
 40
0.6
176
     1
 40
30.0
176
     1
 62
     8
420
  8421504
176
     1
 90
        1
176
     1
 90
        4
176
     1
 62
     7
176
     1
 62
   257
176
     1
 90
        1
176
     1
 90
        1
176
     1
 40
1.0
176
     1
 90
        8
176
     1
 62
     8
420
  8421504
176
     1
 40
1.0
176
     1
 90
        1
176
     1
 90
        6
176
     1
 90
        2
176
     1
 62
     7
176
     1
 90
        5
176
     1
 90
        0
176
     1
 90
        0
176
     1
290
     0
176
     1
 90
        1
176
     1
 40
0.0
176
     1
 90
        0
176
     1
290
     0
176
     1
290
     1
176
     1
290
     1
176
     1
290
     0
176
     1
290
     0
176
     1
290
     0
176
     1
290
     0
176
     1
290
     0
176
     1
290
     0
176
     1
 90
       50
176
     1
 40
0.0
176
     1
 40
1.0
176
     1
 90
        0
176
     1
 62
    18
420
        0
176
     1
 90
       50
176
     1
 90
        3
176
     1
 62
     5
420
      255
176
     1
290
     0
176
     1
 90
       50
176
     1
 90
       50
176
     1
 90
       50
176
     1
290
     0
176
     1
 90
       50
176
     1
 62
   256
176
     0
 40
1.0
176
     0
 90
        2
176
     1
  1
strokes_ogs.tif
176
     1
290
     0
176
     1
 40
1.0
176
     1
 40
1.0
176
     1
  0
VISUALSTYLE
  5
34
102
{ACAD_REACTORS
330
2A
102
}
330
2A
100
AcDbVisualStyle
  2
Conceptual
 70
     9
177
     3
291
     0
 70
    58
 90
        3
176
     1
 90
        2
176
     1
 90
        0
176
     1
 90
        0
176
     1
 40
0.6
176
     1
 40
30.0
176
     1
 62
     7
420
 16777215
176
     1
 90
        2
176
     1
 90
        2
176
     1
 62
     7
176
     1
 62
   257
176
     1
 90
        1
176
     1
 90
        1
176
     1
 40
179.0
176
     1
 90
        8
176
     1
 62
     7
176
     1
 40
1.0
176
     1
 90
        1
176
     1
 90
        6
176
     1
 90
        2
176
     1
 62
     7
176
     1
 90
        3
176
     1
 90
        0
176
     1
 90
        0
176
     1
290
     0
176
     1
 90
        1
176
     1
 40
0.0
176
     1
 90
        0
176
     1
290
     0
176
     1
290
     1
176
     1
290
     1
176
     1
290
     0
176
     1
290
     0
176
     1
290
     0
176
     1
290
     0
176
     1
290
     0
176
     1
290
     0
176
     1
 90
       50
176
     1
 40
0.0
176
     1
 40
1.0
176
     1
 90
        0
176
     1
 62
    18
420
        0
176
     1
 90
       50
176
     1
 90
        3
176
     1
 62
     5
420
      255
176
     1
290
     0
176
     1
 90
       50
176
     1
 90
       50
176
     1
 90
       50
176
     1
290
     0
176
     1
 90
       50
176
     1
 62
   256
176
     0
 40
1.0
176
     0
 90
        2
176
     1
  1
strokes_ogs.tif
176
     1
290
     0
176
     1
 40
1.0
176
     1
 40
1.0
176
     1
  0
VISUALSTYLE
  5
35
102
{ACAD_REACTORS
330
2A
102
}
330
2A
100
AcDbVisualStyle
  2
Dim
 70
    11
177
     3
291
     1
 70
    58
 90
        2
176
     1
 90
        2
176
     1
 90
        0
176
     1
 90
        0
176
     1
 40
0.6
176
     1
 40
30.0
176
     1
 62
     7
420
 16777215
176
     1
 90
        1
176
     1
 90
        4
176
     1
 62
     7
176
     1
 62
   257
176
     1
 90
        1
176
     1
 90
        1
176
     1
 40
1.0
176
     1
 90
        8
176
     1
 62
     7
176
     1
 40
1.0
176
     1
 90
        1
176
     1
 90
        6
176
     1
 90
        2
176
     1
 62
     7
176
     1
 90
        5
176
     1
 90
        0
176
     1
 90
        0
176
     1
290
     0
176
     1
 90
        1
176
     1
 40
-50.0
176
     1
 90
        0
176
     1
290
     0
176
     1
290
     1
176
     1
290
     1
176
     1
290
     0
176
     1
290
     0
176
     1
290
     0
176
     1
290
     0
176
     1
290
     0
176
     1
290
     0
176
     1
 90
       50
176
     1
 40
0.0
176
     1
 40
1.0
176
     1
 90
        0
176
     1
 62
    18
420
        0
176
     1
 90
       50
176
     1
 90
        3
176
     1
 62
     5
420
      255
176
     1
290
     0
176
     1
 90
       50
176
     1
 90
       50
176
     1
 90
       50
176
     1
290
     0
176
     1
 90
       50
176
     1
 62
   256
176
     0
 40
1.0
176
     0
 90
        2
176
     1
  1
strokes_ogs.tif
176
     1
290
     0
176
     1
 40
1.0
176
     1
 40
1.0
176
     1
  0
VISUALSTYLE
  5
3D
102
{ACAD_REACTORS
330
2A
102
}
330
2A
100
AcDbVisualStyle
  2
EdgeColorOff
 70
    22
177
     3
291
     1
 70
    58
 90
        2
176
     0
 90
        2
176
     0
 90
        0
176
     0
 90
        0
176
     0
 40
0.6
176
     0
 40
30.0
176
     0
 62
     7
420
 16777215
176
     0
 90
        1
176
     0
 90
        4
176
     0
 62
     7
176
     0
 62
   257
176
     0
 90
        1
176
     0
 90
        1
176
     0
 40
1.0
176
     0
 90
        8
176
     2
 62
     7
176
     0
 40
1.0
176
     0
 90
        1
176
     0
 90
        6
176
     0
 90
        2
176
     0
 62
     7
176
     0
 90
        5
176
     0
 90
        0
176
     0
 90
        0
176
     0
290
     0
176
     0
 90
        1
176
     0
 40
0.0
176
     0
 90
        0
176
     0
290
     0
176
     0
290
     1
176
     0
290
     1
176
     0
290
     0
176
     0
290
     0
176
     0
290
     0
176
     0
290
     0
176
     0
290
     0
176
     0
290
     0
176
     0
 90
       50
176
     0
 40
0.0
176
     0
 40
1.0
176
     0
 90
        0
176
     0
 62
    18
420
        0
176
     0
 90
       50
176
     0
 90
        3
176
     0
 62
     5
420
      255
176
     0
290
     0
176
     0
 90
       50
176
     0
 90
       50
176
     0
 90
       50
176
     0
290
     0
176
     0
 90
       50
176
     0
 62
   256
176
     0
 40
1.0
176
     0
 90
        2
176
     0
  1
strokes_ogs.tif
176
     0
290
     0
176
     0
 40
1.0
176
     0
 40
1.0
176
     0
  0
VISUALSTYLE
  5
39
102
{ACAD_REACTORS
330
2A
102
}
330
2A
100
AcDbVisualStyle
  2
Facepattern
 70
    15
177
     3
291
     1
 70
    58
 90
        2
176
     1
 90
        2
176
     1
 90
        0
176
     1
 90
        0
176
     1
 40
0.6
176
     1
 40
30.0
176
     1
 62
     7
420
 16777215
176
     1
 90
        1
176
     1
 90
        4
176
     1
 62
     7
176
     1
 62
   257
176
     1
 90
        1
176
     1
 90
        1
176
     1
 40
1.0
176
     1
 90
        8
176
     1
 62
     7
176
     1
 40
1.0
176
     1
 90
        1
176
     1
 90
        6
176
     1
 90
        2
176
     1
 62
     7
176
     1
 90
        5
176
     1
 90
        0
176
     1
 90
        0
176
     1
290
     0
176
     1
 90
        1
176
     1
 40
0.0
176
     1
 90
        0
176
     1
290
     0
176
     1
290
     1
176
     1
290
     1
176
     1
290
     0
176
     1
290
     0
176
     1
290
     0
176
     1
290
     0
176
     1
290
     0
176
     1
290
     0
176
     1
 90
       50
176
     1
 40
0.0
176
     1
 40
1.0
176
     1
 90
        0
176
     1
 62
    18
420
        0
176
     1
 90
       50
176
     1
 90
        3
176
     1
 62
     5
420
      255
176
     1
290
     0
176
     1
 90
       50
176
     1
 90
       50
176
     1
 90
       50
176
     1
290
     0
176
     1
 90
       50
176
     1
 62
   256
176
     0
 40
1.0
176
     0
 90
        2
176
     1
  1
strokes_ogs.tif
176
     1
290
     0
176
     1
 40
1.0
176
     1
 40
1.0
176
     1
  0
VISUALSTYLE
  5
2B
102
{ACAD_REACTORS
330
2A
102
}
330
2A
100
AcDbVisualStyle
  2
Flat
 70
     0
177
     3
291
     1
 70
    58
 90
        2
176
     1
 90
        1
176
     1
 90
        1
176
     1
 90
        2
176
     1
 40
0.6
176
     1
 40
30.0
176
     1
 62
     7
420
 16777215
176
     1
 90
        0
176
     1
 90
        0
176
     1
 62
     7
176
     1
 62
   257
176
     1
 90
        1
176
     1
 90
        1
176
     1
 40
1.0
176
     1
 90
        8
176
     1
 62
     7
176
     1
 40
1.0
176
     1
 90
        1
176
     1
 90
        6
176
     1
 90
        2
176
     1
 62
     7
176
     1
 90
        5
176
     1
 90
        0
176
     1
 90
        0
176
     1
290
     0
176
     1
 90
       13
176
     1
 40
0.0
176
     1
 90
        0
176
     1
290
     0
176
     1
290
     1
176
     1
290
     1
176
     1
290
     0
176
     1
290
     0
176
     1
290
     0
176
     1
290
     0
176
     1
290
     0
176
     1
290
     0
176
     1
 90
       50
176
     1
 40
0.0
176
     1
 40
1.0
176
     1
 90
        0
176
     1
 62
    18
420
        0
176
     1
 90
       50
176
     1
 90
        3
176
     1
 62
     5
420
      255
176
     1
290
     0
176
     1
 90
       50
176
     1
 90
       50
176
     1
 90
       50
176
     1
290
     0
176
     1
 90
       50
176
     1
 62
   256
176
     0
 40
1.0
176
     0
 90
        2
176
     1
  1
strokes_ogs.tif
176
     1
290
     0
176
     1
 40
1.0
176
     1
 40
1.0
176
     1
  0
VISUALSTYLE
  5
2C
102
{ACAD_REACTORS
330
2A
102
}
330
2A
100
AcDbVisualStyle
  2
FlatWithEdges
 70
     1
177
     3
291
     1
 70
    58
 90
        2
176
     1
 90
        1
176
     1
 90
        1
176
     1
 90
        2
176
     1
 40
0.6
176
     1
 40
30.0
176
     1
 62
     7
420
 16777215
176
     1
 90
        1
176
     1
 90
        0
176
     1
 62
     7
176
     1
 62
   257
176
     1
 90
        1
176
     1
 90
        1
176
     1
 40
1.0
176
     1
 90
        0
176
     1
 62
   257
176
     1
 40
1.0
176
     1
 90
        1
176
     1
 90
        6
176
     1
 90
        2
176
     1
 62
     7
176
     1
 90
        5
176
     1
 90
        0
176
     1
 90
        0
176
     1
290
     0
176
     1
 90
       13
176
     1
 40
0.0
176
     1
 90
        0
176
     1
290
     0
176
     1
290
     1
176
     1
290
     1
176
     1
290
     0
176
     1
290
     0
176
     1
290
     0
176
     1
290
     0
176
     1
290
     0
176
     1
290
     0
176
     1
 90
       50
176
     1
 40
0.0
176
     1
 40
1.0
176
     1
 90
        0
176
     1
 62
    18
420
        0
176
     1
 90
       50
176
     1
 90
        3
176
     1
 62
     5
420
      255
176
     1
290
     0
176
     1
 90
       50
176
     1
 90
       50
176
     1
 90
       50
176
     1
290
     0
176
     1
 90
       50
176
     1
 62
   256
176
     0
 40
1.0
176
     0
 90
        2
176
     1
  1
strokes_ogs.tif
176
     1
290
     0
176
     1
 40
1.0
176
     1
 40
1.0
176
     1
  0
VISUALSTYLE
  5
2D
102
{ACAD_REACTORS
330
2A
102
}
330
2A
100
AcDbVisualStyle
  2
Gouraud
 70
     2
177
     3
291
     1
 70
    58
 90
        2
176
     1
 90
        2
176
     1
 90
        1
176
     1
 90
        2
176
     1
 40
0.6
176
     1
 40
30.0
176
     1
 62
     7
420
 16777215
176
     1
 90
        0
176
     1
 90
        0
176
     1
 62
     7
176
     1
 62
   257
176
     1
 90
        1
176
     1
 90
        1
176
     1
 40
1.0
176
     1
 90
        0
176
     1
 62
     7
176
     1
 40
1.0
176
     1
 90
        1
176
     1
 90
        6
176
     1
 90
        2
176
     1
 62
     7
176
     1
 90
        5
176
     1
 90
        0
176
     1
 90
        0
176
     1
290
     0
176
     1
 90
       13
176
     1
 40
0.0
176
     1
 90
        0
176
     1
290
     0
176
     1
290
     1
176
     1
290
     1
176
     1
290
     0
176
     1
290
     0
176
     1
290
     0
176
     1
290
     0
176
     1
290
     0
176
     1
290
     0
176
     1
 90
       50
176
     1
 40
0.0
176
     1
 40
1.0
176
     1
 90
        0
176
     1
 62
    18
420
        0
176
     1
 90
       50
176
     1
 90
        3
176
     1
 62
     5
420
      255
176
     1
290
     0
176
     1
 90
       50
176
     1
 90
       50
176
     1
 90
       50
176
     1
290
     0
176
     1
 90
       50
176
     1
 62
   256
176
     0
 40
1.0
176
     0
 90
        2
176
     1
  1
strokes_ogs.tif
176
     1
290
     0
176
     1
 40
1.0
176
     1
 40
1.0
176
     1
  0
VISUALSTYLE
  5
2E
102
{ACAD_REACTORS
330
2A
102
}
330
2A
100
AcDbVisualStyle
  2
GouraudWithEdges
 70
     3
177
     3
291
     1
 70
    58
 90
        2
176
     1
 90
        2
176
     1
 90
        1
176
     1
 90
        2
176
     1
 40
0.6
176
     1
 40
30.0
176
     1
 62
     7
420
 16777215
176
     1
 90
        1
176
     1
 90
        0
176
     1
 62
     7
176
     1
 62
   257
176
     1
 90
        1
176
     1
 90
        1
176
     1
 40
1.0
176
     1
 90
        0
176
     1
 62
   257
176
     1
 40
1.0
176
     1
 90
        1
176
     1
 90
        6
176
     1
 90
        2
176
     1
 62
     7
176
     1
 90
        5
176
     1
 90
        0
176
     1
 90
        0
176
     1
290
     0
176
     1
 90
       13
176
     1
 40
0.0
176
     1
 90
        0
176
     1
290
     0
176
     1
290
     1
176
     1
290
     1
176
     1
290
     0
176
     1
290
     0
176
     1
290
     0
176
     1
290
     0
176
     1
290
     0
176
     1
290
     0
176
     1
 90
       50
176
     1
 40
0.0
176
     1
 40
1.0
176
     1
 90
        0
176
     1
 62
    18
420
        0
176
     1
 90
       50
176
     1
 90
        3
176
     1
 62
     5
420
      255
176
     1
290
     0
176
     1
 90
       50
176
     1
 90
       50
176
     1
 90
       50
176
     1
290
     0
176
     1
 90
       50
176
     1
 62
   256
176
     0
 40
1.0
176
     0
 90
        2
176
     1
  1
strokes_ogs.tif
176
     1
290
     0
176
     1
 40
1.0
176
     1
 40
1.0
176
     1
  0
VISUALSTYLE
  5
31
102
{ACAD_REACTORS
330
2A
102
}
330
2A
100
AcDbVisualStyle
  2
Hidden
 70
     6
177
     3
291
     0
 70
    58
 90
        1
176
     1
 90
        2
176
     1
 90
        2
176
     1
 90
        0
176
     1
 40
0.6
176
     1
 40
30.0
176
     1
 62
     7
420
 16777215
176
     1
 90
        2
176
     1
 90
        2
176
     1
 62
     7
176
     1
 62
   257
176
     1
 90
        2
176
     1
 90
        1
176
     1
 40
40.0
176
     1
 90
        0
176
     1
 62
   257
176
     1
 40
1.0
176
     1
 90
        1
176
     1
 90
        6
176
     1
 90
        2
176
     1
 62
     7
176
     1
 90
        3
176
     1
 90
        0
176
     1
 90
        0
176
     1
290
     0
176
     1
 90
        1
176
     1
 40
0.0
176
     1
 90
        0
176
     1
290
     0
176
     1
290
     1
176
     1
290
     1
176
     1
290
     0
176
     1
290
     0
176
     1
290
     0
176
     1
290
     0
176
     1
290
     0
176
     1
290
     0
176
     1
 90
       50
176
     1
 40
0.0
176
     1
 40
1.0
176
     1
 90
        0
176
     1
 62
    18
420
        0
176
     1
 90
       50
176
     1
 90
        3
176
     1
 62
     5
420
      255
176
     1
290
     0
176
     1
 90
       50
176
     1
 90
       50
176
     1
 90
       50
176
     1
290
     0
176
     1
 90
       50
176
     1
 62
   256
176
     0
 40
1.0
176
     0
 90
        2
176
     1
  1
strokes_ogs.tif
176
     1
290
     0
176
     1
 40
1.0
176
     1
 40
1.0
176
     1
  0
VISUALSTYLE
  5
3B
102
{ACAD_REACTORS
330
2A
102
}
330
2A
100
AcDbVisualStyle
  2
JitterOff
 70
    20
177
     3
291
     1
 70
    58
 90
        2
176
     0
 90
        2
176
     0
 90
        0
176
     0
 90
        0
176
     0
 40
0.6
176
     0
 40
30.0
176
     0
 62
     7
420
 16777215
176
     0
 90
        1
176
     0
 90
        4
176
     0
 62
     7
176
     0
 62
   257
176
     0
 90
        1
176
     0
 90
        1
176
     0
 40
1.0
176
     0
 90
       10
176
     2
 62
     7
176
     0
 40
1.0
176
     0
 90
        1
176
     0
 90
        6
176
     0
 90
        2
176
     0
 62
     7
176
     0
 90
        5
176
     0
 90
        0
176
     0
 90
        0
176
     0
290
     0
176
     0
 90
        1
176
     0
 40
0.0
176
     0
 90
        0
176
     0
290
     0
176
     0
290
     1
176
     0
290
     1
176
     0
290
     0
176
     0
290
     0
176
     0
290
     0
176
     0
290
     0
176
     0
290
     0
176
     0
290
     0
176
     0
 90
       50
176
     0
 40
0.0
176
     0
 40
1.0
176
     0
 90
        0
176
     0
 62
    18
420
        0
176
     0
 90
       50
176
     0
 90
        3
176
     0
 62
     5
420
      255
176
     0
290
     0
176
     0
 90
       50
176
     0
 90
       50
176
     0
 90
       50
176
     0
290
     0
176
     0
 90
       50
176
     0
 62
   256
176
     0
 40
1.0
176
     0
 90
        2
176
     0
  1
strokes_ogs.tif
176
     0
290
     0
176
     0
 40
1.0
176
     0
 40
1.0
176
     0
  0
VISUALSTYLE
  5
38
102
{ACAD_REACTORS
330
2A
102
}
330
2A
100
AcDbVisualStyle
  2
Linepattern
 70
    14
177
     3
291
     1
 70
    58
 90
        2
176
     1
 90
        2
176
     1
 90
        0
176
     1
 90
        0
176
     1
 40
0.6
176
     1
 40
30.0
176
     1
 62
     7
420
 16777215
176
     1
 90
        1
176
     1
 90
        4
176
     1
 62
     7
176
     1
 62
   257
176
     1
 90
        7
176
     1
 90
        7
176
     1
 40
1.0
176
     1
 90
        8
176
     1
 62
     7
176
     1
 40
1.0
176
     1
 90
        1
176
     1
 90
        6
176
     1
 90
        2
176
     1
 62
     7
176
     1
 90
        5
176
     1
 90
        0
176
     1
 90
        0
176
     1
290
     0
176
     1
 90
        1
176
     1
 40
0.0
176
     1
 90
        0
176
     1
290
     0
176
     1
290
     1
176
     1
290
     1
176
     1
290
     0
176
     1
290
     0
176
     1
290
     0
176
     1
290
     0
176
     1
290
     0
176
     1
290
     0
176
     1
 90
       50
176
     1
 40
0.0
176
     1
 40
1.0
176
     1
 90
        0
176
     1
 62
    18
420
        0
176
     1
 90
       50
176
     1
 90
        3
176
     1
 62
     5
420
      255
176
     1
290
     0
176
     1
 90
       50
176
     1
 90
       50
176
     1
 90
       50
176
     1
290
     0
176
     1
 90
       50
176
     1
 62
   256
176
     0
 40
1.0
176
     0
 90
        2
176
     1
  1
strokes_ogs.tif
176
     1
290
     0
176
     1
 40
1.0
176
     1
 40
1.0
176
     1
  0
VISUALSTYLE
  5
3C
102
{ACAD_REACTORS
330
2A
102
}
330
2A
100
AcDbVisualStyle
  2
OverhangOff
 70
    21
177
     3
291
     1
 70
    58
 90
        2
176
     0
 90
        2
176
     0
 90
        0
176
     0
 90
        0
176
     0
 40
0.6
176
     0
 40
30.0
176
     0
 62
     7
420
 16777215
176
     0
 90
        1
176
     0
 90
        4
176
     0
 62
     7
176
     0
 62
   257
176
     0
 90
        1
176
     0
 90
        1
176
     0
 40
1.0
176
     0
 90
        9
176
     2
 62
     7
176
     0
 40
1.0
176
     0
 90
        1
176
     0
 90
        6
176
     0
 90
        2
176
     0
 62
     7
176
     0
 90
        5
176
     0
 90
        0
176
     0
 90
        0
176
     0
290
     0
176
     0
 90
        1
176
     0
 40
0.0
176
     0
 90
        0
176
     0
290
     0
176
     0
290
     1
176
     0
290
     1
176
     0
290
     0
176
     0
290
     0
176
     0
290
     0
176
     0
290
     0
176
     0
290
     0
176
     0
290
     0
176
     0
 90
       50
176
     0
 40
0.0
176
     0
 40
1.0
176
     0
 90
        0
176
     0
 62
    18
420
        0
176
     0
 90
       50
176
     0
 90
        3
176
     0
 62
     5
420
      255
176
     0
290
     0
176
     0
 90
       50
176
     0
 90
       50
176
     0
 90
       50
176
     0
290
     0
176
     0
 90
       50
176
     0
 62
   256
176
     0
 40
1.0
176
     0
 90
        2
176
     0
  1
strokes_ogs.tif
176
     0
290
     0
176
     0
 40
1.0
176
     0
 40
1.0
176
     0
  0
VISUALSTYLE
  5
33
102
{ACAD_REACTORS
330
2A
102
}
330
2A
100
AcDbVisualStyle
  2
Realistic
 70
     8
177
     3
291
     0
 70
    58
 90
        2
176
     1
 90
        3
176
     1
 90
        0
176
     1
 90
        2
176
     1
 40
0.6
176
     1
 40
30.0
176
     1
 62
     7
420
 16777215
176
     1
 90
        0
176
     1
 90
        0
176
     1
 62
     7
176
     1
 62
   257
176
     1
 90
        1
176
     1
 90
        1
176
     1
 40
1.0
176
     1
 90
        8
176
     1
 62
   257
176
     1
 40
1.0
176
     1
 90
        1
176
     1
 90
        6
176
     1
 90
        2
176
     1
 62
     7
176
     1
 90
        3
176
     1
 90
        0
176
     1
 90
        0
176
     1
290
     0
176
     1
 90
       13
176
     1
 40
0.0
176
     1
 90
        0
176
     1
290
     0
176
     1
290
     1
176
     1
290
     1
176
     1
290
     0
176
     1
290
     0
176
     1
290
     0
176
     1
290
     0
176
     1
290
     0
176
     1
290
     0
176
     1
 90
       50
176
     1
 40
0.0
176
     1
 40
1.0
176
     1
 90
        0
176
     1
 62
    18
420
        0
176
     1
 90
       50
176
     1
 90
        3
176
     1
 62
     5
420
      255
176
     1
290
     0
176
     1
 90
       50
176
     1
 90
       50
176
     1
 90
       50
176
     1
290
     0
176
     1
 90
       50
176
     1
 62
   256
176
     0
 40
1.0
176
     0
 90
        2
176
     1
  1
strokes_ogs.tif
176
     1
290
     0
176
     1
 40
1.0
176
     1
 40
1.0
176
     1
  0
VISUALSTYLE
  5
42
102
{ACAD_REACTORS
330
2A
102
}
330
2A
100
AcDbVisualStyle
  2
Shaded
 70
    27
177
     3
291
     0
 70
    58
 90
        2
176
     1
 90
        2
176
     1
 90
        1
176
     1
 90
        2
176
     1
 40
0.6
176
     1
 40
30.0
176
     1
 62
     7
420
 16777215
176
     1
 90
        0
176
     1
 90
        4
176
     1
 62
     7
176
     1
 62
   257
176
     1
 90
        1
176
     1
 90
        1
176
     1
 40
1.0
176
     1
 90
        8
176
     1
 62
   257
176
     1
 40
1.0
176
     1
 90
        1
176
     1
 90
        6
176
     1
 90
        2
176
     1
 62
     8
420
  7895160
176
     1
 90
        3
176
     1
 90
        0
176
     1
 90
        0
176
     1
290
     0
176
     1
 90
        5
176
     1
 40
0.0
176
     1
 90
        0
176
     1
290
     0
176
     1
290
     1
176
     1
290
     1
176
     1
290
     0
176
     1
290
     0
176
     1
290
     0
176
     1
290
     0
176
     1
290
     0
176
     1
290
     0
176
     1
 90
       50
176
     1
 40
0.0
176
     1
 40
1.0
176
     1
 90
        0
176
     1
 62
    18
420
        0
176
     1
 90
       50
176
     1
 90
        3
176
     1
 62
     5
420
      255
176
     1
290
     0
176
     1
 90
       50
176
     1
 90
       50
176
     1
 90
       50
176
     1
290
     0
176
     1
 90
       50
176
     1
 62
   256
176
     0
 40
1.0
176
     0
 90
        2
176
     1
  1
strokes_ogs.tif
176
     1
290
     0
176
     1
 40
1.0
176
     1
 40
1.0
176
     1
  0
VISUALSTYLE
  5
41
102
{ACAD_REACTORS
330
2A
102
}
330
2A
100
AcDbVisualStyle
  2
Shaded with edges
 70
    26
177
     3
291
     0
 70
    58
 90
        2
176
     1
 90
        2
176
     1
 90
        1
176
     1
 90
        2
176
     1
 40
0.6
176
     1
 40
30.0
176
     1
 62
     7
420
 16777215
176
     1
 90
        1
176
     1
 90
       10
176
     1
 62
     7
176
     1
 62
   257
176
     1
 90
        2
176
     1
 90
        1
176
     1
 40
1.0
176
     1
 90
        8
176
     1
 62
   257
176
     1
 40
1.0
176
     1
 90
        1
176
     1
 90
        6
176
     1
 90
        2
176
     1
 62
     7
176
     1
 90
        3
176
     1
 90
        0
176
     1
 90
        0
176
     1
290
     0
176
     1
 90
        5
176
     1
 40
0.0
176
     1
 90
        0
176
     1
290
     0
176
     1
290
     1
176
     1
290
     1
176
     1
290
     0
176
     1
290
     0
176
     1
290
     0
176
     1
290
     0
176
     1
290
     0
176
     1
290
     0
176
     1
 90
       50
176
     1
 40
0.0
176
     1
 40
1.0
176
     1
 90
        0
176
     1
 62
    18
420
        0
176
     1
 90
       50
176
     1
 90
        3
176
     1
 62
     5
420
      255
176
     1
290
     0
176
     1
 90
       50
176
     1
 90
       50
176
     1
 90
       50
176
     1
290
     0
176
     1
 90
       50
176
     1
 62
   256
176
     0
 40
1.0
176
     0
 90
        2
176
     1
  1
strokes_ogs.tif
176
     1
290
     0
176
     1
 40
1.0
176
     1
 40
1.0
176
     1
  0
VISUALSTYLE
  5
3E
102
{ACAD_REACTORS
330
2A
102
}
330
2A
100
AcDbVisualStyle
  2
Shades of Gray
 70
    23
177
     3
291
     0
 70
    58
 90
        2
176
     1
 90
        2
176
     1
 90
        3
176
     1
 90
        0
176
     1
 40
0.6
176
     1
 40
30.0
176
     1
 62
     7
420
 16777215
176
     1
 90
        2
176
     1
 90
        2
176
     1
 62
     7
176
     1
 62
     7
176
     1
 90
        1
176
     1
 90
        1
176
     1
 40
40.0
176
     1
 90
        8
176
     1
 62
     7
176
     1
 40
1.0
176
     1
 90
        1
176
     1
 90
        6
176
     1
 90
        2
176
     1
 62
     7
176
     1
 90
        3
176
     1
 90
        0
176
     1
 90
        0
176
     1
290
     0
176
     1
 90
        1
176
     1
 40
0.0
176
     1
 90
        0
176
     1
290
     0
176
     1
290
     1
176
     1
290
     1
176
     1
290
     0
176
     1
290
     0
176
     1
290
     0
176
     1
290
     0
176
     1
290
     0
176
     1
290
     0
176
     1
 90
       50
176
     1
 40
0.0
176
     1
 40
1.0
176
     1
 90
        0
176
     1
 62
    18
420
        0
176
     1
 90
       50
176
     1
 90
        3
176
     1
 62
     5
420
      255
176
     1
290
     0
176
     1
 90
       50
176
     1
 90
       50
176
     1
 90
       50
176
     1
290
     0
176
     1
 90
       50
176
     1
 62
   256
176
     0
 40
1.0
176
     0
 90
        2
176
     1
  1
strokes_ogs.tif
176
     1
290
     0
176
     1
 40
1.0
176
     1
 40
1.0
176
     1
  0
VISUALSTYLE
  5
3F
102
{ACAD_REACTORS
330
2A
102
}
330
2A
100
AcDbVisualStyle
  2
Sketchy
 70
    24
177
     3
291
     0
 70
    58
 90
        1
176
     1
 90
        2
176
     1
 90
        2
176
     1
 90
        0
176
     1
 40
0.6
176
     1
 40
30.0
176
     1
 62
     7
420
 16777215
176
     1
 90
        2
176
     1
 90
        2
176
     1
 62
     7
176
     1
 62
     7
176
     1
 90
        1
176
     1
 90
        1
176
     1
 40
40.0
176
     1
 90
       11
176
     1
 62
     7
176
     1
 40
1.0
176
     1
 90
        1
176
     1
 90
        6
176
     1
 90
        2
176
     1
 62
     7
176
     1
 90
        6
176
     1
 90
        0
176
     1
 90
        0
176
     1
290
     0
176
     1
 90
        1
176
     1
 40
0.0
176
     1
 90
        0
176
     1
290
     0
176
     1
290
     1
176
     1
290
     1
176
     1
290
     0
176
     1
290
     0
176
     1
290
     0
176
     1
290
     0
176
     1
290
     0
176
     1
290
     0
176
     1
 90
       50
176
     1
 40
0.0
176
     1
 40
1.0
176
     1
 90
        0
176
     1
 62
    18
420
        0
176
     1
 90
       50
176
     1
 90
        3
176
     1
 62
     5
420
      255
176
     1
290
     0
176
     1
 90
       50
176
     1
 90
       50
176
     1
 90
       50
176
     1
290
     0
176
     1
 90
       50
176
     1
 62
   256
176
     0
 40
1.0
176
     0
 90
        2
176
     1
  1
strokes_ogs.tif
176
     1
290
     0
176
     1
 40
1.0
176
     1
 40
1.0
176
     1
  0
VISUALSTYLE
  5
37
102
{ACAD_REACTORS
330
2A
102
}
330
2A
100
AcDbVisualStyle
  2
Thicken
 70
    13
177
     3
291
     1
 70
    58
 90
        2
176
     1
 90
        2
176
     1
 90
        0
176
     1
 90
        0
176
     1
 40
0.6
176
     1
 40
30.0
176
     1
 62
     7
420
 16777215
176
     1
 90
        1
176
     1
 90
        4
176
     1
 62
     7
176
     1
 62
   257
176
     1
 90
        1
176
     1
 90
        1
176
     1
 40
1.0
176
     1
 90
       12
176
     1
 62
     7
176
     1
 40
1.0
176
     1
 90
        1
176
     1
 90
        6
176
     1
 90
        2
176
     1
 62
     7
176
     1
 90
        5
176
     1
 90
        0
176
     1
 90
        0
176
     1
290
     0
176
     1
 90
        1
176
     1
 40
0.0
176
     1
 90
        0
176
     1
290
     0
176
     1
290
     1
176
     1
290
     1
176
     1
290
     0
176
     1
290
     0
176
     1
290
     0
176
     1
290
     0
176
     1
290
     0
176
     1
290
     0
176
     1
 90
       50
176
     1
 40
0.0
176
     1
 40
1.0
176
     1
 90
        0
176
     1
 62
    18
420
        0
176
     1
 90
       50
176
     1
 90
        3
176
     1
 62
     5
420
      255
176
     1
290
     0
176
     1
 90
       50
176
     1
 90
       50
176
     1
 90
       50
176
     1
290
     0
176
     1
 90
       50
176
     1
 62
   256
176
     0
 40
1.0
176
     0
 90
        2
176
     1
  1
strokes_ogs.tif
176
     1
290
     0
176
     1
 40
1.0
176
     1
 40
1.0
176
     1
  0
VISUALSTYLE
  5
30
102
{ACAD_REACTORS
330
2A
102
}
330
2A
100
AcDbVisualStyle
  2
Wireframe
 70
     5
177
     3
291
     0
 70
    58
 90
        0
176
     1
 90
        2
176
     1
 90
        0
176
     1
 90
        0
176
     1
 40
0.6
176
     1
 40
30.0
176
     1
 62
     7
420
 16777215
176
     1
 90
        1
176
     1
 90
        4
176
     1
 62
     7
176
     1
 62
   257
176
     1
 90
        1
176
     1
 90
        1
176
     1
 40
1.0
176
     1
 90
        0
176
     1
 62
   257
176
     1
 40
1.0
176
     1
 90
        1
176
     1
 90
        6
176
     1
 90
        2
176
     1
 62
     7
176
     1
 90
        3
176
     1
 90
        0
176
     1
 90
        0
176
     1
290
     0
176
     1
 90
        1
176
     1
 40
0.0
176
     1
 90
        0
176
     1
290
     0
176
     1
290
     1
176
     1
290
     1
176
     1
290
     0
176
     1
290
     0
176
     1
290
     0
176
     1
290
     0
176
     1
290
     0
176
     1
290
     0
176
     1
 90
       50
176
     1
 40
0.0
176
     1
 40
1.0
176
     1
 90
        0
176
     1
 62
    18
420
        0
176
     1
 90
       50
176
     1
 90
        3
176
     1
 62
     5
420
      255
176
     1
290
     0
176
     1
 90
       50
176
     1
 90
       50
176
     1
 90
       50
176
     1
290
     0
176
     1
 90
       50
176
     1
 62
   256
176
     0
 40
1.0
176
     0
 90
        2
176
     1
  1
strokes_ogs.tif
176
     1
290
     0
176
     1
 40
1.0
176
     1
 40
1.0
176
     1
  0
VISUALSTYLE
  5
40
102
{ACAD_REACTORS
330
2A
102
}
330
2A
100
AcDbVisualStyle
  2
X-Ray
 70
    25
177
     3
291
     0
 70
    58
 90
        2
176
     1
 90
        2
176
     1
 90
        1
176
     1
 90
        1
176
     1
 40
0.5
176
     1
 40
30.0
176
     1
 62
     7
420
 16777215
176
     1
 90
        1
176
     1
 90
        0
176
     1
 62
     7
176
     1
 62
   257
176
     1
 90
        1
176
     1
 90
        1
176
     1
 40
1.0
176
     1
 90
        8
176
     1
 62
     7
176
     1
 40
1.0
176
     1
 90
        1
176
     1
 90
        6
176
     1
 90
        2
176
     1
 62
     7
176
     1
 90
        3
176
     1
 90
        0
176
     1
 90
        0
176
     1
290
     0
176
     1
 90
       13
176
     1
 40
0.0
176
     1
 90
        0
176
     1
290
     0
176
     1
290
     1
176
     1
290
     1
176
     1
290
     0
176
     1
290
     0
176
     1
290
     0
176
     1
290
     0
176
     1
290
     0
176
     1
290
     0
176
     1
 90
       50
176
     1
 40
0.0
176
     1
 40
1.0
176
     1
 90
        0
176
     1
 62
    18
420
        0
176
     1
 90
       50
176
     1
 90
        3
176
     1
 62
     5
420
      255
176
     1
290
     0
176
     1
 90
       50
176
     1
 90
       50
176
     1
 90
       50
176
     1
290
     0
176
     1
 90
       50
176
     1
 62
   256
176
     0
 40
1.0
176
     0
 90
        2
176
     1
  1
strokes_ogs.tif
176
     1
290
     0
176
     1
 40
1.0
176
     1
 40
1.0
176
     1
  0
DICTIONARYVAR
  5
998
102
{ACAD_REACTORS
330
997
102
}
330
997
100
DictionaryVariables
280
     0
  1
1:1
  0
DICTIONARYVAR
  5
9A0
102
{ACAD_REACTORS
330
997
102
}
330
997
100
DictionaryVariables
280
     0
  1
3.500000
  0
DICTIONARYVAR
  5
9A1
102
{ACAD_REACTORS
330
997
102
}
330
997
100
DictionaryVariables
280
     0
  1
acadiso.lin
  0
DICTIONARYVAR
  5
99D
102
{ACAD_REACTORS
330
997
102
}
330
997
100
DictionaryVariables
280
     0
  1
Standard
  0
DICTIONARYVAR
  5
99C
102
{ACAD_REACTORS
330
997
102
}
330
997
100
DictionaryVariables
280
     0
  1
Standard
  0
DICTIONARY
  5
999
330
5A
100
AcDbDictionary
280
     1
281
     1
  3
ACAD_ROUNDTRIP_2008_TABLESTYLE_CELLSTYLEMAP
360
99A
  0
CELLSTYLEMAP
  5
99A
102
{ACAD_REACTORS
330
999
102
}
330
999
100
AcDbCellStyleMap
 90
        3
300
CELLSTYLE
  1
TABLEFORMAT_BEGIN
 90
        5
170
     1
 91
        0
 92
    32768
 62
   257
 93
        1
300
CONTENTFORMAT
  1
CONTENTFORMAT_BEGIN
 90
        0
 91
        0
 92
        4
 93
        0
300

 40
0.0
140
1.0
 94
        5
 62
     0
340
11
144
6.0
309
CONTENTFORMAT_END
171
     1
301
MARGIN
  1
CELLMARGIN_BEGIN
 40
1.5
 40
1.5
 40
1.5
 40
1.5
 40
1.5
 40
1.5
309
CELLMARGIN_END
 94
        6
 95
        1
302
GRIDFORMAT
  1
GRIDFORMAT_BEGIN
 90
        0
 91
        1
 62
     0
 92
       -2
340
14
 93
        0
 40
0.045
309
GRIDFORMAT_END
 95
        2
302
GRIDFORMAT
  1
GRIDFORMAT_BEGIN
 90
        0
 91
        1
 62
     0
 92
       -2
340
14
 93
        0
 40
0.045
309
GRIDFORMAT_END
 95
        4
302
GRIDFORMAT
  1
GRIDFORMAT_BEGIN
 90
        0
 91
        1
 62
     0
 92
       -2
340
14
 93
        0
 40
0.045
309
GRIDFORMAT_END
 95
        8
302
GRIDFORMAT
  1
GRIDFORMAT_BEGIN
 90
        0
 91
        1
 62
     0
 92
       -2
340
14
 93
        0
 40
0.045
309
GRIDFORMAT_END
 95
       16
302
GRIDFORMAT
  1
GRIDFORMAT_BEGIN
 90
        0
 91
        1
 62
     0
 92
       -2
340
14
 93
        0
 40
0.045
309
GRIDFORMAT_END
 95
       32
302
GRIDFORMAT
  1
GRIDFORMAT_BEGIN
 90
        0
 91
        1
 62
     0
 92
       -2
340
14
 93
        0
 40
0.045
309
GRIDFORMAT_END
309
TABLEFORMAT_END
  1
CELLSTYLE_BEGIN
 90
        1
 91
        1
300
_TITLE
309
CELLSTYLE_END
300
CELLSTYLE
  1
TABLEFORMAT_BEGIN
 90
        5
170
     1
 91
        0
 92
        0
 62
   257
 93
        1
300
CONTENTFORMAT
  1
CONTENTFORMAT_BEGIN
 90
        0
 91
        0
 92
        4
 93
        0
300

 40
0.0
140
1.0
 94
        5
 62
     0
340
11
144
4.5
309
CONTENTFORMAT_END
171
     1
301
MARGIN
  1
CELLMARGIN_BEGIN
 40
1.5
 40
1.5
 40
1.5
 40
1.5
 40
1.5
 40
1.5
309
CELLMARGIN_END
 94
        6
 95
        1
302
GRIDFORMAT
  1
GRIDFORMAT_BEGIN
 90
        0
 91
        1
 62
     0
 92
       -2
340
14
 93
        0
 40
0.045
309
GRIDFORMAT_END
 95
        2
302
GRIDFORMAT
  1
GRIDFORMAT_BEGIN
 90
        0
 91
        1
 62
     0
 92
       -2
340
14
 93
        0
 40
0.045
309
GRIDFORMAT_END
 95
        4
302
GRIDFORMAT
  1
GRIDFORMAT_BEGIN
 90
        0
 91
        1
 62
     0
 92
       -2
340
14
 93
        0
 40
0.045
309
GRIDFORMAT_END
 95
        8
302
GRIDFORMAT
  1
GRIDFORMAT_BEGIN
 90
        0
 91
        1
 62
     0
 92
       -2
340
14
 93
        0
 40
0.045
309
GRIDFORMAT_END
 95
       16
302
GRIDFORMAT
  1
GRIDFORMAT_BEGIN
 90
        0
 91
        1
 62
     0
 92
       -2
340
14
 93
        0
 40
0.045
309
GRIDFORMAT_END
 95
       32
302
GRIDFORMAT
  1
GRIDFORMAT_BEGIN
 90
        0
 91
        1
 62
     0
 92
       -2
340
14
 93
        0
 40
0.045
309
GRIDFORMAT_END
309
TABLEFORMAT_END
  1
CELLSTYLE_BEGIN
 90
        2
 91
        1
300
_HEADER
309
CELLSTYLE_END
300
CELLSTYLE
  1
TABLEFORMAT_BEGIN
 90
        5
170
     1
 91
        0
 92
        0
 62
   257
 93
        1
300
CONTENTFORMAT
  1
CONTENTFORMAT_BEGIN
 90
        0
 91
        0
 92
        4
 93
        0
300

 40
0.0
140
1.0
 94
        2
 62
     0
340
11
144
4.5
309
CONTENTFORMAT_END
171
     1
301
MARGIN
  1
CELLMARGIN_BEGIN
 40
1.5
 40
1.5
 40
1.5
 40
1.5
 40
1.5
 40
1.5
309
CELLMARGIN_END
 94
        6
 95
        1
302
GRIDFORMAT
  1
GRIDFORMAT_BEGIN
 90
        0
 91
        1
 62
     0
 92
       -2
340
14
 93
        0
 40
0.045
309
GRIDFORMAT_END
 95
        2
302
GRIDFORMAT
  1
GRIDFORMAT_BEGIN
 90
        0
 91
        1
 62
     0
 92
       -2
340
14
 93
        0
 40
0.045
309
GRIDFORMAT_END
 95
        4
302
GRIDFORMAT
  1
GRIDFORMAT_BEGIN
 90
        0
 91
        1
 62
     0
 92
       -2
340
14
 93
        0
 40
0.045
309
GRIDFORMAT_END
 95
        8
302
GRIDFORMAT
  1
GRIDFORMAT_BEGIN
 90
        0
 91
        1
 62
     0
 92
       -2
340
14
 93
        0
 40
0.045
309
GRIDFORMAT_END
 95
       16
302
GRIDFORMAT
  1
GRIDFORMAT_BEGIN
 90
        0
 91
        1
 62
     0
 92
       -2
340
14
 93
        0
 40
0.045
309
GRIDFORMAT_END
 95
       32
302
GRIDFORMAT
  1
GRIDFORMAT_BEGIN
 90
        0
 91
        1
 62
     0
 92
       -2
340
14
 93
        0
 40
0.045
309
GRIDFORMAT_END
309
TABLEFORMAT_END
  1
CELLSTYLE_BEGIN
 90
        3
 91
        2
300
_DATA
309
CELLSTYLE_END
  0
ENDSEC
  0
EOF
